mean_Bpp_ab,mean_Bpp_ba,mean_pps_ab,mean_pps_ba,mean_pkts_asm,mean_bytes_asm,family
48.89625360230548,108.58695652173913,4.082994956449238,4.059461844308321,0.4985549132947977,0.6882756593391451,padcrypt
51.59621802002225,108.2051282051282,5.921912042631317,5.908737599822349,0.4994432071269488,0.6766356443236083,padcrypt
50.89279112754159,106.96289424860854,5.9248504208078305,5.90294709208026,0.49907407407407406,0.6767896133167421,padcrypt
51.52903225806452,111.77360515021459,5.166796552647184,5.177907943082984,0.5005370569280344,0.6849206088300076,padcrypt
51.14355828220859,107.26445264452644,4.529994351232382,4.518877800677211,0.49938574938574937,0.6766029420892558,padcrypt
49.203804347826086,104.15027322404372,6.197196995759004,6.163516577303792,0.4986376021798365,0.6779603742041048,padcrypt
50.74576271186441,111.16704545454546,4.929457568296184,4.9016075255374485,0.4985835694050991,0.68536539229492,padcrypt
50.62527472527473,106.37775330396475,5.055996640738839,5.044884560209742,0.49944994499449946,0.6770713584746951,padcrypt
279.6296296296296,997.5185185185185,4.057396909109475,4.057396909109475,0.5,0.7810515326392715,padcrypt
51.43076923076923,108.08333333333333,5.395113182402619,5.378512834149072,0.49922958397534667,0.6769049367920517,padcrypt
51.080267558528426,111.14238042269189,4.990288024982322,5.001414642652294,0.5005567928730512,0.6856027337102706,padcrypt
51.7450110864745,108.60356347438753,5.011140926738637,4.988918572296337,0.4988888888888889,0.6763245492371706,padcrypt
51.22895622895623,107.96632996632997,4.952930566737049,4.952930566737049,0.5,0.6782005456737379,padcrypt
51.73124300111982,113.05723905723906,5.891733955463804,5.8785385826632135,0.4994394618834081,0.6855917783978766,padcrypt
51.48723640399556,107.97775305895439,5.937351764182304,5.924172293007648,0.49944444444444447,0.6766391100082252,padcrypt
51.2135593220339,106.94256756756756,9.325372522659002,9.356983954939203,0.5008460236886633,0.6769240638966705,padcrypt
51.660270880361175,112.90147225368064,4.930256124820634,4.913562255323499,0.499152063312606,0.6853426644576284,padcrypt
51.60815402038505,108.28798185941044,4.905858988220578,4.90030308902667,0.49971671388101985,0.6769917777147718,padcrypt
51.26959247648903,108.22712933753944,5.277557419421293,5.244469285130251,0.49842767295597484,0.677180585437104,padcrypt
51.53603603603604,112.64180790960452,4.945913150751292,4.929203984701457,0.49915397631133673,0.6853669939223936,padcrypt
51.51152579582876,107.97469746974697,5.061789507481158,5.050676907025656,0.49945054945054945,0.6765350574871102,padcrypt
51.36643835616438,107.91126279863481,4.874155964463929,4.890848279410723,0.5008547008547009,0.6782504236651865,padcrypt
51.214285714285715,112.279012345679,4.542640389518724,4.531451620086412,0.499383477188656,0.6862191772553043,padcrypt
51.65625,108.78811659192826,4.980003808478837,4.957771648619556,0.4988814317673378,0.6770650907390998,padcrypt
51.347150259067355,107.82597402597402,6.333810271328549,6.317401436428733,0.4993514915693904,0.6768460698155968,padcrypt
51.45212121212121,112.94762484774665,4.616512284704051,4.5941291948388185,0.49878493317132444,0.6859844057464972,padcrypt
48.53235908141962,101.72071129707113,5.345925995003712,5.3347653979368985,0.4994775339602926,0.6765387264416756,padcrypt
51.23224043715847,107.82786885245902,6.024906175215458,6.024906175215458,0.5,0.6779064174797307,padcrypt
49.148481439820024,107.31341600901916,4.9616267549965585,4.950464490080931,0.4994369369369369,0.6853902649769585,padcrypt
51.77181208053691,108.78811659192826,4.968940760451388,4.957824561882145,0.49944008958566627,0.6770650907390998,padcrypt
50.97134670487106,106.77363896848138,5.761933388766521,5.761933388766521,0.5,0.6768750113526965,padcrypt
51.543352601156066,112.65469293163383,4.823014975260046,4.811863495548462,0.4994212962962963,0.6855915828667334,padcrypt
51.4358407079646,107.72044198895027,5.02301117408414,5.028567602374056,0.5002763957987839,0.6770635830121193,padcrypt
51.24382716049383,107.55417956656346,5.371884458146297,5.355304567843375,0.4992272024729521,0.6766258302008064,padcrypt
51.36332958380203,111.61616161616162,4.9483904312609255,4.959522918170399,0.500561797752809,0.6853327085285849,padcrypt
51.54008908685969,108.09151785714286,4.991578156957257,4.980461056384969,0.49944258639910816,0.6766434015915268,padcrypt
50.803225806451614,106.70096463022509,5.156915609980599,5.173550821625698,0.500805152979066,0.6781517585269654,padcrypt
51.52480705622933,112.32745314222713,5.042414576389827,5.042414576389827,0.5,0.6855410661175932,padcrypt
51.536830357142854,107.96424581005587,4.977888758743587,4.972333079325346,0.4997208263539922,0.6766429746857603,padcrypt
52.25795053003534,109.49469964664311,8.964654593473776,8.964654593473776,0.5,0.6769267738552953,padcrypt
51.15250291036089,112.03033838973163,4.787813736541161,4.776666323883323,0.4994172494172494,0.6860307252590211,padcrypt
51.578774617067836,107.84556407447974,5.077933497318069,5.072377771391025,0.4997263273125342,0.6762290015521338,padcrypt
50.95092024539877,107.64923076923077,5.375020362068245,5.358532569546563,0.49923195084485406,0.6780758198309946,padcrypt
51.482603815937146,112.47078651685393,4.968521180994856,4.962944838479711,0.49971925884334645,0.6857504966773995,padcrypt
51.483870967741936,107.85077951002228,4.994758198536191,4.989202293977197,0.4997217584863662,0.6766386742493048,padcrypt
51.26732673267327,107.41584158415841,5.046849677685825,5.046849677685825,0.5,0.6769201971672802,padcrypt
51.29637760702525,112.09151047409041,5.062567529800292,5.040338912764946,0.4988998899889989,0.68509683418914,padcrypt
51.52914798206278,107.82511210762331,4.9558062095908495,4.9558062095908495,0.5,0.6766377757766772,padcrypt
51.054421768707485,107.55442176870748,4.9115143086682025,4.9115143086682025,0.5,0.6781111277905256,padcrypt
51.280575539568346,112.14885954381752,4.6671665027137506,4.661570379808818,0.4997000599880024,0.6859635210150674,padcrypt
50.64410480349345,106.32420591456736,5.091024203368248,5.074350543313549,0.4991798797156916,0.6766436179111136,padcrypt
43.91943127962085,105.15094339622641,6.991478625780519,6.14653689612458,0.467843631778058,0.6779216265531324,padcrypt
50.895809739524346,111.32236095346198,4.916988398785982,4.905851392220216,0.49943310657596374,0.6857624321754209,padcrypt
51.6314606741573,108.15783540022548,4.9478079327237445,4.931129928456136,0.4991558806978053,0.6761389264772215,padcrypt
49.760355029585796,105.11572700296736,5.622388990432603,5.60575470347866,0.49925925925925924,0.6780621327259154,padcrypt
51.6837416481069,112.74553571428571,4.994747089817545,4.98362293148833,0.49944258639910816,0.6851972434749579,padcrypt
50.645230439442656,105.63247863247864,5.183391471649517,5.200058325256107,0.5008025682182986,0.6766308067121075,padcrypt
50.65703971119134,106.84476534296029,4.6240325193895515,4.6240325193895515,0.5,0.6783716879068488,padcrypt
51.67673378076063,112.96300448430493,5.898411574129036,5.885216022509061,0.49944008958566627,0.6856398252609518,padcrypt
51.59955506117909,107.92547274749722,5.913340424341518,5.913340424341518,0.5,0.6765425728490444,padcrypt
51.563139931740615,107.67006802721089,9.133598672939282,9.164771364655797,0.5008517887563884,0.6769240638966705,padcrypt
51.215017064846414,111.84414106939704,4.89458391441025,4.89458391441025,0.5,0.6859114345317416,padcrypt
51.58777777777778,107.9011111111111,5.0000475848276045,5.0000475848276045,0.5,0.6765431238679114,padcrypt
51.42088607594937,107.87341772151899,5.256138880618312,5.256138880618312,0.5,0.6771957009754256,padcrypt
51.529152915291526,112.39029768467475,5.053806889099065,5.042687401994336,0.4994493392070485,0.6851685060963314,padcrypt
51.352080989876264,107.76801801801801,4.939127885262045,4.933572060869174,0.49971862689926844,0.6770286522815706,padcrypt
51.215488215488215,107.3097643097643,4.956339159972507,4.956339159972507,0.5,0.6769253642581029,padcrypt
51.213173652694614,112.21754807692308,4.663208402952149,4.646454360785854,0.4991001799640072,0.685861835919135,padcrypt
51.549889135254986,107.87139689578714,5.011865757406514,5.011865757406514,0.5,0.6766436250851889,padcrypt
51.76966292134831,108.6610644257703,5.86677670364933,5.883256413491042,0.5007012622720898,0.6779210793051623,padcrypt
51.31578947368421,112.14035087719299,4.768312309237354,4.768312309237354,0.5,0.6860577439089836,padcrypt
51.547592385218366,107.91601343784994,4.961257463249848,4.961257463249848,0.5,0.6767438430909896,padcrypt
41.45,356.2857142857143,113.89719310203434,119.59205275713605,0.5121951219512195,0.9002526771748285,padcrypt
2.2180851063829787,1372.7116564417179,397.2135889880445,688.7852660111836,0.6342412451361867,0.9990690322623855,padcrypt
51.71220930232558,108.32558139534883,5.694083927931626,5.694083927931626,0.5,0.6768750113526965,padcrypt
51.2514220705347,112.14269406392694,4.89486877283153,4.878162736064187,0.49914529914529915,0.6855960415110931,padcrypt
51.382222222222225,107.51612903225806,5.000108893434771,4.994553216886509,0.49972206781545303,0.6763913478562081,padcrypt
51.2375,107.601246105919,5.311458796511731,5.3280571052508305,0.500780031201248,0.6781058583320245,padcrypt
49.6712619300106,108.7940234791889,5.246712290738904,5.213329179663153,0.49840425531914895,0.685172738271273,padcrypt
51.73480662983425,108.6130820399113,5.0280404367536775,5.0113728993942726,0.4991698948533481,0.6766328933827847,padcrypt
50.84057971014493,106.84115523465704,4.624958354504413,4.6417154499917475,0.5009041591320073,0.6783643156760721,padcrypt
51.58796821793417,113.12770809578107,5.822561060218076,5.796124914655224,0.4988623435722412,0.6858262708935311,padcrypt
51.54222222222222,108.0456570155902,5.93018300488309,5.9170048204277945,0.4994438264738598,0.6765425728490444,padcrypt
50.81410256410256,106.80707395498392,5.182227898135399,5.165618193333683,0.49919743178170145,0.6769171200912962,padcrypt
51.3429203539823,112.70935412026726,5.958444579857539,5.918897381318661,0.4983351831298557,0.6855995177034011,padcrypt
51.65924276169265,108.70324748040314,5.91441371306777,5.881482679030644,0.49860413176996093,0.6766391100082252,padcrypt
51.536332179930795,108.35763888888889,9.137969221240413,9.106349950578682,0.49913344887348354,0.6769267477928895,padcrypt
50.245345016429354,108.72470076169749,5.074828459076251,5.108178919924506,0.5016375545851528,0.6853462467076383,padcrypt
64.0,444.22222222222223,9.425974160229947,7.06948062017246,0.42857142857142855,0.838858581619807,padcrypt
51.54222222222222,108.16610925306577,5.000096283223583,4.983429295612838,0.4991652754590985,0.6765425728490444,padcrypt
57.07692307692308,485.5,2.081644310330735,1.6012648541005654,0.43478260869565216,0.8674289798106128,padcrypt
51.25581395348837,108.01328903654485,5.015732553190776,5.015732553190776,0.5,0.6781810596579058,padcrypt
51.38015607580825,112.44854586129753,4.984212769358978,4.9675431614347,0.4991624790619765,0.6856571884570002,padcrypt
51.59553072625698,108.08724832214764,4.972468937388958,4.9669131061739975,0.49972051425377306,0.6766427651111983,padcrypt
51.42666666666667,108.47315436241611,4.993247303058151,4.9599589877044306,0.4983277591973244,0.6769208217284778,padcrypt
51.51299435028248,112.60702151755379,4.919206671687237,4.908089820451786,0.4994343891402715,0.6856386316464512,padcrypt
51.5509977827051,107.90687361419069,5.0111286473299215,5.0111286473299215,0.5,0.676710862053382,padcrypt
50.98366013071895,107.1704918032787,5.098351543081963,5.081690263529407,0.49918166939443537,0.676917660702452,padcrypt
51.37541899441341,112.10279329608939,4.973057420840022,4.973057420840022,0.5,0.6857353755305406,padcrypt
51.646067415730336,108.07191011235955,4.944762341088387,4.944762341088387,0.5,0.6766421149638759,padcrypt
51.12662337662338,107.46254071661238,5.129045192482261,5.112392448350825,0.4991869918699187,0.6769050843284501,padcrypt
51.35964912280702,111.89681668496158,5.06856797367257,5.063010333350561,0.49972572682391664,0.6851685060963314,padcrypt
51.646067415730336,108.16273849607182,4.9446582769659955,4.950214072782811,0.5002807411566536,0.677071477750144,padcrypt
51.175257731958766,107.23711340206185,4.853321866133999,4.853321866133999,0.5,0.6769491084211896,padcrypt
50.7875,111.65446224256293,5.8165599550445055,5.7769015917146564,0.4982896237172178,0.6858777472430928,padcrypt
51.59866220735786,107.97324414715719,5.89126273888309,5.89126273888309,0.5,0.6766431924882629,padcrypt
46.80672268907563,96.97783933518005,5.88757327261309,5.953540480149371,0.5027855153203342,0.6769079061853478,padcrypt
51.25476992143659,112.37767756482525,5.863999472185501,5.837673997562895,0.49887514060742405,0.6858001885143828,padcrypt
51.544444444444444,107.97775305895439,5.9163011825637035,5.909727514583078,0.49972206781545303,0.6766391100082252,padcrypt
50.77922077922078,106.04854368932038,5.096859867222061,5.11340811354421,0.5008103727714749,0.6769195810696358,padcrypt
51.69469026548673,113.14888888888889,5.96932213830382,5.942909208488317,0.49889135254988914,0.6854461989957326,padcrypt
51.71396648044693,108.2145251396648,5.879831282971928,5.879831282971928,0.5,0.6766431924882629,padcrypt
51.87632508833922,109.46975088967972,8.83191245749869,8.76949611504287,0.49822695035460995,0.6769288323577307,padcrypt
51.41309255079007,112.34915254237288,4.9313937394434,4.925827832288271,0.4997176736307171,0.6858071057586856,padcrypt
51.58361391694725,107.94163860830527,4.950370811581792,4.950370811581792,0.5,0.6766429571469779,padcrypt
51.36190476190476,107.60952380952381,5.22658177582904,5.22658177582904,0.5,0.6769110951353942,padcrypt
51.410633484162894,112.13590033975085,4.918672804173099,4.913108694666116,0.49971703452178834,0.685407336134512,padcrypt
51.38503850385038,107.48184818481849,5.0503266700805645,5.0503266700805645,0.5,0.6765528702998407,padcrypt
51.44039735099338,108.04620462046205,5.026995631011988,5.043641311909378,0.5008264462809917,0.6781844923663332,padcrypt
50.22803347280335,108.9812108559499,5.31423966300368,5.325357319202433,0.5005224660397074,0.6849667370851977,padcrypt
51.663636363636364,108.64310148232612,4.888921370545487,4.872254593145899,0.4991462720546386,0.676973796396294,padcrypt
50.93189964157706,106.88172043010752,4.66771632007651,4.66771632007651,0.5,0.6772655007949125,padcrypt
51.59903961584634,113.4776299879081,4.64807537746284,4.614595842931295,0.49819277108433735,0.6858683895109188,padcrypt
51.54222222222222,107.92547274749722,5.002334140762718,4.996775991717426,0.49972206781545303,0.6765425728490444,padcrypt
51.033426183844014,107.125,5.92789193933338,5.944404173147679,0.5006954102920723,0.6779348170024259,padcrypt
51.638398115429915,113.70344009489916,5.614956630519138,5.575274958218649,0.49822695035460995,0.6861617976562892,padcrypt
51.544444444444444,108.33928571428571,5.928070877025549,5.90172389534988,0.49888641425389757,0.6766391100082252,padcrypt
50.46531791907515,106.34011627906976,5.715735554508366,5.682696620667277,0.4985507246376812,0.6768994485770327,padcrypt
51.8,113.2511574074074,5.717601748547397,5.7109918043294225,0.4997108155002892,0.685908759533423,padcrypt
51.54120267260579,107.97324414715719,5.907531853157543,5.900953309891221,0.49972144846796657,0.6766431924882629,padcrypt
48.11304347826087,100.0864553314121,5.692791434458731,5.725793123933855,0.5014450867052023,0.6766155584562333,padcrypt
51.66554054054054,112.71734234234235,5.871112269147179,5.871112269147179,0.5,0.6856999972597484,padcrypt
51.59866220735786,108.33557046979865,5.907170458817909,5.887414035878719,0.4991624790619765,0.6766431924882629,padcrypt
51.437086092715234,107.41584158415841,5.023156669305264,5.039789638408924,0.5008264462809917,0.6769201971672802,padcrypt
52.044444444444444,114.2337807606264,5.612980674438849,5.575560803275923,0.4983277591973244,0.6855637230221864,padcrypt
51.42666666666667,107.73303670745273,5.913660210883359,5.907089477315711,0.49972206781545303,0.6766431924882629,padcrypt
51.320422535211264,107.15438596491228,8.893456188685983,8.924771175265862,0.5008787346221442,0.676929556235315,padcrypt
51.26255707762557,111.95080091533181,4.878369225993805,4.867231396710714,0.49942857142857144,0.685424270232783,padcrypt
51.709534368070955,108.24584717607974,5.011200393115796,5.016756047653618,0.5002770083102493,0.6769676150372607,padcrypt
51.40127388535032,108.17252396166134,5.225935590376367,5.209292483400646,0.49920255183413076,0.6771870874834993,padcrypt
51.51027397260274,112.1356898517674,4.8691812992761205,4.8747397254168465,0.5002852253280091,0.6854794864288403,padcrypt
51.47714604236344,107.81403118040089,4.983825930058594,4.989382034774379,0.5002785515320334,0.6770798366342173,padcrypt
51.240625,107.34375,5.313959333222298,5.313959333222298,0.5,0.6768873036829763,padcrypt
51.24916201117318,111.57765363128492,4.978691863158064,4.978691863158064,0.5,0.6852535510876278,padcrypt
51.4635241301908,107.6902356902357,4.950235330921096,4.950235330921096,0.5,0.6766427372607647,padcrypt
51.169871794871796,107.46325878594249,5.1817515865332835,5.198359764695249,0.5008,0.6781314892844902,padcrypt
51.404545454545456,112.24090909090908,4.895221020672683,4.895221020672683,0.5,0.6858785623020943,padcrypt
51.49723756906077,107.78405315614619,5.028148547884901,5.017036617392337,0.49944690265486724,0.6762057609737796,padcrypt
51.47727272727273,108.11974110032362,5.126588540449891,5.143233308438364,0.5008103727714749,0.6781625527768756,padcrypt
50.827661909989025,111.0363436123348,5.0638741606834845,5.047198395061036,0.49917537108301263,0.6852744265080714,padcrypt
51.56057268722467,107.95810363836824,5.044946336520305,5.039390228220173,0.4997245179063361,0.6765329740560334,padcrypt
51.29577464788732,107.77894736842106,4.751493943584292,4.768224556061701,0.5008787346221442,0.6783040741967539,padcrypt
51.51029748283753,112.48855835240275,5.7675663406977815,5.7675663406977815,0.5,0.685910628946175,padcrypt
51.483870967741936,107.73303670745273,5.909036124087049,5.909036124087049,0.5,0.6766431924882629,padcrypt
50.73993808049536,106.30650154798762,5.31959475292393,5.31959475292393,0.5,0.6769112486693214,padcrypt
51.77127659574468,112.94669509594883,5.222739678158582,5.2116274660773945,0.4994675186368477,0.6852382461564334,padcrypt
50.17760180995475,105.31626848691695,4.911412720982211,4.883633237266248,0.4985819625638117,0.6760607609727598,padcrypt
51.879858657243815,109.37102473498233,9.006059424369822,9.006059424369822,0.5,0.6782662050225708,padcrypt
51.386603995299645,112.49058823529411,4.739359666607667,4.733790501312006,0.4997060552616108,0.6861791068340187,padcrypt
51.607103218645946,107.9011111111111,5.005771275054658,5.000215480076796,0.4997223764575236,0.6762180643274447,padcrypt
51.530973451327434,108.19411764705882,5.599826860407905,5.616345523712943,0.5007363770250368,0.6780204589438762,padcrypt
51.33528037383178,112.09334889148191,4.770499148495631,4.776072161519574,0.5002918855808524,0.6861371217153428,padcrypt
51.509049773755656,107.81519274376417,4.911559288012863,4.900447162926861,0.49943374858437145,0.6762072717188022,padcrypt
51.60056657223796,108.31920903954803,5.8214839480189395,5.837975403962336,0.5007072135785007,0.6779526166902404,padcrypt
51.03333333333333,111.63571428571429,4.683612208043616,4.683612208043616,0.5,0.6862750837956119,padcrypt
51.50605060506051,107.89647577092511,5.0503520112879245,5.044796068481228,0.49972482113373695,0.6766397999848055,padcrypt
51.33618233618234,107.74857142857142,5.7852848399268995,5.768802546935655,0.4992867332382311,0.676679047567781,padcrypt
51.29152148664344,111.8505214368482,4.80172027013678,4.812874091902486,0.5005800464037123,0.6861019695925055,padcrypt
51.59106145251397,107.98992161254199,4.9722586888688936,4.96114749626807,0.4994407158836689,0.6762195934337945,padcrypt
51.2094395280236,107.82005899705015,5.605234165596199,5.605234165596199,0.5,0.67798779469867,padcrypt
51.18066743383199,112.03806228373702,4.841545413623385,4.830402616353827,0.49942396313364057,0.6859327886564086,padcrypt
51.59553072625698,107.8758389261745,4.972538920987284,4.9669830115783595,0.49972051425377306,0.6762142491533386,padcrypt
51.3222891566265,107.75675675675676,5.499582387890093,5.516147395082533,0.5007518796992482,0.678035599561619,padcrypt
51.429228998849254,112.39331026528258,4.838984169999256,4.827847267421583,0.49942396313364057,0.6855709632256204,padcrypt
51.54555555555555,108.07,5.001678950910001,5.001678950910001,0.5,0.6770643351385969,padcrypt
51.411764705882355,108.04658385093168,5.361914544386262,5.345314189759678,0.4992248062015504,0.6769072124832188,padcrypt
51.82366325369738,112.98519362186788,4.899155103747474,4.893581548453109,0.49971542401821284,0.6853074871851556,padcrypt
51.544444444444444,107.97775305895439,5.008317169581679,5.002752372726588,0.49972206781545303,0.6766391100082252,padcrypt
50.636655948553056,106.69453376205787,5.17768758577094,5.17768758577094,0.5,0.678152462701819,padcrypt
51.40331491712707,111.90055248618785,5.039817229545475,5.039817229545475,0.5,0.6852290412071183,padcrypt
51.65625,108.2145251396648,4.981741443372296,4.976181464082818,0.4997208263539922,0.6766431924882629,padcrypt
51.36206896551724,107.89003436426117,9.127626123163655,9.159100696002149,0.5008605851979346,0.6782311896480957,padcrypt
49.13985278654048,107.29113924050633,5.283842376856589,5.2671741043743925,0.49921011058451814,0.6851876802026353,padcrypt
51.44615384615385,107.72167216721672,5.056180614165573,5.0506243717324235,0.4997251236943375,0.6765398832348776,padcrypt
50.86690647482014,106.88172043010752,4.657411761630747,4.674165041348843,0.5008976660682226,0.6783285184595437,padcrypt
50.010550996483,109.19181286549707,4.7573688358313815,4.768523276243648,0.5005854800936768,0.6863723918893088,padcrypt
51.4635241301908,108.0518018018018,4.950304109658938,4.933636419054026,0.4991568296795953,0.6766381766381766,padcrypt
51.56182795698925,107.99731182795699,6.113923201563754,6.113923201563754,0.5,0.6768481703618843,padcrypt
51.46698679471789,112.38415366146458,4.650787936554234,4.650787936554234,0.5,0.6858918000117227,padcrypt
51.479375696767,107.72352285395763,4.983682829919696,4.983682829919696,0.5,0.6766429746857603,padcrypt
51.494475138121544,108.25690607734806,5.954818247719471,5.954818247719471,0.5,0.6776586546775031,padcrypt
51.407673860911274,112.65944645006017,4.655468638882288,4.638722348814366,0.4990990990990991,0.6858909549137691,padcrypt
51.65324384787472,108.08724832214764,4.973463510909788,4.973463510909788,0.5,0.6766427651111983,padcrypt
50.92896174863388,106.90190735694823,6.016853890306731,6.0332933818103,0.5006821282401092,0.6779154355226098,padcrypt
51.691943127962084,112.95255041518386,4.716992044083341,4.711403190950541,0.4997036158861885,0.6857836323435148,padcrypt
51.430155210643015,107.73806881243063,5.01503375608892,5.009473851703012,0.4997226844148641,0.6766391100082252,padcrypt
50.80172413793103,106.65902578796562,5.744897541497208,5.761405867765879,0.5007173601147776,0.6779957379378176,padcrypt
51.66512166859791,113.05923344947735,5.713039789618314,5.699799836455815,0.4994199535962877,0.6858543940365389,padcrypt
51.65625,108.09375,5.898394742345326,5.898394742345326,0.5,0.6766431924882629,padcrypt
50.653614457831324,105.8048048048048,5.470724168138803,5.487202252982594,0.5007518796992482,0.6769068203650336,padcrypt
51.59343148357871,112.99886363636364,5.834635561099606,5.814812337222711,0.499149177538287,0.6858051256586388,padcrypt
51.60177975528365,107.89198218262806,4.996816906657122,4.991258712100217,0.4997217584863662,0.6762215847623834,padcrypt
50.47435897435897,105.67515923566879,5.162606209960838,5.195699839511869,0.5015974440894568,0.678152462701819,padcrypt
51.45796460176991,112.67555555555556,5.95773369533984,5.931372041820637,0.49889135254988914,0.6855319551667726,padcrypt
51.544444444444444,108.09799554565701,5.91524222694574,5.902097244219194,0.4994438264738598,0.6766391100082252,padcrypt
51.34375,107.2076124567474,9.004532666772846,9.035798405199142,0.5008665511265165,0.6769281188551453,padcrypt
51.23348017621145,111.49120879120879,5.050582981370051,5.061707613487607,0.5005500550055005,0.6856268203842489,padcrypt
51.483981693363845,107.63230240549828,4.855856184924893,4.850300285399808,0.4997137950772753,0.6761873920552677,padcrypt
51.02839116719243,107.5205047318612,5.278084721026059,5.278084721026059,0.5,0.6781536012733784,padcrypt
50.244612068965516,109.68824163969795,5.158005580933058,5.152447385263949,0.49973045822102424,0.6856069800685061,padcrypt
51.52796420581655,107.80493273542601,4.966971030474746,4.9558592384602616,0.49944008958566627,0.6761115954664342,padcrypt
51.18771331058021,107.53061224489795,4.905452682141621,4.922194841466336,0.5008517887563884,0.6782373637689866,padcrypt
51.148681055155876,111.73621103117506,4.6525315661816276,4.6525315661816276,0.5,0.685982656832001,padcrypt
51.80590238365494,108.40862656072645,4.895598119422885,4.895598119422885,0.5,0.6766466641634018,padcrypt
51.304232804232804,107.66754617414249,6.203350866156265,6.219761847283663,0.5006605019815059,0.6778517915579994,padcrypt
50.11075612353568,109.94105037513398,5.216858439276304,5.183523880558885,0.4983974358974359,0.6855288747502155,padcrypt
51.34490481522956,107.54494382022472,4.961474677805901,4.944806789750562,0.4991587212563096,0.6761157340039275,padcrypt
51.15916955017301,107.46896551724137,4.8231003549641756,4.839789283528066,0.5008635578583766,0.6782442166655785,padcrypt
51.51703877790834,112.9456906729634,4.752893676950839,4.730553401148485,0.4988221436984688,0.6857411150774877,padcrypt
51.59866220735786,108.2145251396648,4.988333806574108,4.977211546135815,0.4994419642857143,0.6766431924882629,padcrypt
50.78901734104046,106.32758620689656,5.6821996342275005,5.715044718818412,0.5014409221902018,0.6780027485112231,padcrypt
51.67052023121387,113.26566125290023,5.720417700347668,5.700578101386925,0.499131441806601,0.6859762523712499,padcrypt
51.59866220735786,107.97324414715719,5.899832294934876,5.899832294934876,0.5,0.6766431924882629,padcrypt
50.627272727272725,105.93333333333334,5.442456808392869,5.442456808392869,0.5,0.676628278331559,padcrypt
51.77437641723356,113.12939841089671,5.821362384807853,5.814762200698093,0.49971639251276234,0.6857884017284562,padcrypt
51.60177975528365,108.09799554565701,5.913102112902852,5.906524691197731,0.4997217584863662,0.6766391100082252,padcrypt
50.94462540716612,106.39285714285714,5.0296408795977205,5.04602407464527,0.5008130081300813,0.6769195810696358,padcrypt
50.17127659574468,109.57036247334754,5.234588821998429,5.2234513989729,0.4994675186368477,0.6854633248409343,padcrypt
51.70996640537514,108.11547085201794,4.961697248475419,4.956141036551034,0.4997198879551821,0.6762144499915858,padcrypt
52.03260869565217,109.71014492753623,8.803062029034987,8.803062029034987,0.5,0.6783002172890392,padcrypt
51.18828932261768,112.04498269896193,4.848793623278142,4.8265259143308255,0.498849252013809,0.6854185482050125,padcrypt
51.483870967741936,108.09375,4.994597667954482,4.977930489974655,0.4991643454038997,0.6766431924882629,padcrypt
51.28353658536585,107.7082066869301,5.456575898550849,5.473211800680577,0.5007610350076104,0.6781101096503818,padcrypt
51.3134328358209,112.22758620689655,4.842541191607653,4.8369814428227995,0.4997128087306146,0.6859876907512014,padcrypt
51.65212527964206,108.20380739081747,4.966920310451784,4.9613644711783484,0.49972020145495244,0.6766384459710231,padcrypt
51.604294478527606,108.1042944785276,5.409971727112125,5.409971727112125,0.5,0.6768846634015173,padcrypt
51.36394176931691,112.08080808080808,4.9688250194280625,4.957696631926543,0.4994394618834081,0.685257870611808,padcrypt
51.38914027149321,107.53393665158372,4.9114409693272245,4.9114409693272245,0.5,0.6766414213313593,padcrypt
51.38871473354232,107.903125,5.2875217672415635,5.304097070587148,0.5007824726134585,0.6780762735163584,padcrypt
51.110734463276835,111.26410835214448,4.926337586914006,4.931904070063061,0.5002823263692829,0.6854734968326924,padcrypt
51.50113378684807,107.85843714609287,4.900117334155462,4.90567302274294,0.5002832861189802,0.6770721511698172,padcrypt
49.812865497076025,104.65689149560117,5.6655264957524345,5.64896062880579,0.4992679355783309,0.6768833927623094,padcrypt
51.341657207718505,112.26993166287016,4.904982720649258,4.888280168819579,0.4991472427515634,0.6854629533048225,padcrypt
51.3215859030837,107.70276243093923,5.0448681874689,5.028200120770214,0.4991726420297849,0.6765483685127471,padcrypt
51.15483870967742,107.43408360128618,5.1583457372504995,5.174985562209372,0.500805152979066,0.6781408565049726,padcrypt
50.84855233853007,111.39081746920493,4.992099365898533,4.964303712413575,0.49860413176996093,0.6853804070720851,padcrypt
51.59014557670773,108.04586129753915,4.961444077872029,4.967000006290699,0.5002797985450476,0.6770711396788235,padcrypt
51.32154340836013,107.86774193548388,5.177274279511763,5.160627095333268,0.499194847020934,0.6769028340080971,padcrypt
49.50903294367694,107.61742826780021,5.230134881063676,5.230134881063676,0.5,0.6849096418136565,padcrypt
51.54656319290466,107.93451720310766,5.011583510161109,5.006027430881551,0.4997226844148641,0.6765430209260909,padcrypt
52.0531914893617,109.34982332155477,4.708375095272155,4.725071460858226,0.5008849557522124,0.6782684931506849,padcrypt
51.585903083700444,112.82099447513812,5.979926271368008,5.9601688057137086,0.4991726420297849,0.6855172784219467,padcrypt
51.483870967741936,107.73303670745273,5.909561669840002,5.909561669840002,0.5,0.6766431924882629,padcrypt
51.14035087719298,106.77972027972028,8.954099269598187,8.985517161772215,0.500875656742557,0.676929556235315,padcrypt
51.37356321839081,112.26497695852535,4.84573941928299,4.834599788434064,0.4994246260069045,0.685558705792136,padcrypt
51.32576617480136,107.74031890660592,4.8950095484551115,4.878340957484209,0.4991472427515634,0.6765846052612757,padcrypt
51.41329479768786,107.92795389048992,5.728533727554212,5.745090183414195,0.5007215007215007,0.6779688631426503,padcrypt
51.2545871559633,112.2073732718894,4.8558664937749185,4.833591876830997,0.49885057471264366,0.6854528819762122,padcrypt
51.640449438202246,108.19347581552306,4.944575365465953,4.939019662808127,0.49971894322653176,0.6766659162539397,padcrypt
51.3222891566265,107.75075075075075,5.513720380533515,5.530327972041147,0.5007518796992482,0.6780234315948601,padcrypt
51.30717488789238,112.2247191011236,4.962126926391872,4.951001081265433,0.4994388327721661,0.6857723521414938,padcrypt
51.551991150442475,107.78626799557033,5.02252145477803,5.01696556821301,0.4997232982844494,0.6762196562313283,padcrypt
50.90033222591362,106.21710526315789,5.00672981217556,5.056630773758704,0.5024793388429752,0.678204616580202,padcrypt
51.421171171171174,111.80246913580247,4.936910561952689,4.953589313851178,0.5008431703204047,0.6856922589793362,padcrypt
51.513513513513516,107.82618510158014,4.9337097520502775,4.922597793149263,0.49943630214205187,0.6762128569203981,padcrypt
51.54113924050633,108.57278481012658,5.27311629496974,5.27311629496974,0.5,0.6780970827733418,padcrypt
51.58995327102804,113.28873239436619,5.655110386457095,5.62868463698767,0.49882903981264637,0.6860956903108407,padcrypt
49.714285714285715,104.36637931034483,6.1191763635930645,6.099458287233474,0.49919311457772997,0.6766431924882629,padcrypt
50.72941176470588,105.96774193548387,5.5820269442646335,5.598444670571294,0.5007342143906021,0.6769008860498661,padcrypt
51.48320693391116,112.33116178067318,5.133290470416217,5.122167414142292,0.49945770065075923,0.685254610004239,padcrypt
51.43348623853211,107.67775229357798,4.844449340389631,4.844449340389631,0.5,0.6767451079318174,padcrypt
51.41275167785235,107.72147651006712,4.968777908570622,4.968777908570622,0.5,0.6769221036649656,padcrypt
51.73063973063973,112.86307519640853,5.8782264295655695,5.8782264295655695,0.5,0.6857070772503802,padcrypt
51.48723640399556,107.85777777777778,5.927231765617119,5.920653261992682,0.4997223764575236,0.6766391100082252,padcrypt
51.402027027027025,107.33670033670033,9.199041369175378,9.230119211638808,0.5008431703204047,0.6769227502441925,padcrypt
51.4661214953271,112.2733644859813,4.773289945714952,4.773289945714952,0.5,0.6856828932441977,padcrypt
49.82119914346895,104.47481243301179,5.189086623765467,5.183530856502335,0.49973219068023567,0.6768721182156547,padcrypt
51.524096385542165,108.07831325301204,5.479440203830878,5.479440203830878,0.5,0.6771721899297954,padcrypt
51.229166666666664,112.21809744779583,4.815963552821945,4.804815489042264,0.49942062572421786,0.6860717477339461,padcrypt
51.52584269662921,107.82022471910112,4.944830940132376,4.944830940132376,0.5,0.6766418931306322,padcrypt
51.68235294117647,108.26470588235294,5.629124065462352,5.629124065462352,0.5,0.6768783788753632,padcrypt
51.475638051044086,112.27030162412993,4.799913731685034,4.799913731685034,0.5,0.6856371635647437,padcrypt
51.48049052396878,107.96201117318435,4.983530958405288,4.972419406658565,0.4994419642857143,0.676633707739279,padcrypt
51.15522388059701,107.59402985074627,5.549401897108673,5.549401897108673,0.5,0.6777608544404957,padcrypt
51.25,111.63176064441888,4.832792860708543,4.838360594419036,0.5002878526194589,0.685602821340985,padcrypt
51.637387387387385,108.15185601799774,4.933684231319011,4.939240182029955,0.5002813731007316,0.6770867810790064,padcrypt
51.50445103857567,108.20833333333333,5.580343644091553,5.563784760874664,0.49925705794947994,0.676868658661454,padcrypt
235.9375,927.9655172413793,4.893556882709935,4.434785924955878,0.47540983606557374,0.7809117553176054,padcrypt
51.2971098265896,112.13789107763616,4.816538063880805,4.805401559686861,0.4994212962962963,0.6856327091613708,padcrypt
51.65212527964206,108.1754189944134,4.966972688482344,4.972528586344181,0.5002794857462269,0.6770703665888079,padcrypt
51.33532934131737,107.53892215568862,5.545794052337804,5.545794052337804,0.5,0.6768807477762702,padcrypt
51.285553047404065,112.20181405895691,4.928756189523243,4.906504468577315,0.498868778280543,0.6853276639358453,padcrypt
51.278153153153156,106.94051627384961,4.933828274962945,4.950496613729712,0.5008431703204047,0.6766416463687428,padcrypt
50.951219512195124,107.32317073170732,5.436657408412306,5.436657408412306,0.5,0.6780829833956158,padcrypt
49.93722466960352,108.9031903190319,5.054085163585283,5.059651336672931,0.500275178866263,0.6858510697261945,padcrypt
51.43362831858407,107.53820598006645,5.0244748329368605,5.018916785555294,0.4997232982844494,0.6762184634025752,padcrypt
50.82371794871795,106.74121405750799,5.190473498448829,5.207109631456677,0.5008,0.6781415551992206,padcrypt
51.622914349276975,112.71540178571429,5.004544563385418,4.987844192206157,0.4991643454038997,0.685153525732351,padcrypt
51.483870967741936,107.73303670745273,5.001236151823758,5.001236151823758,0.5,0.6766431924882629,padcrypt
51.37671232876713,107.91808873720136,9.19785735034425,9.229356861818031,0.5008547008547009,0.6782205825575909,padcrypt
51.167857142857144,112.09773539928486,4.6881254382756765,4.682544336563444,0.4997022036926742,0.6863410469163912,padcrypt
51.66035634743875,108.10244988864143,4.9890533283061735,4.9890533283061735,0.5,0.6766434092857591,padcrypt
51.6169014084507,108.12394366197184,5.8174776098707985,5.8174776098707985,0.5,0.676870988220357,padcrypt
51.412393162393165,112.33762057877813,5.203037848848465,5.186361445486772,0.49919743178170145,0.685339331602728,padcrypt
51.43141592920354,108.05,5.938973101312478,5.912694459271273,0.49889135254988914,0.6765387264416756,padcrypt
51.0546875,106.57198443579766,8.130456725173538,8.162216321756247,0.5009746588693957,0.6769569193504535,padcrypt
51.15429234338747,112.02209302325582,4.803533609952175,4.7923885203699195,0.4994192799070848,0.6860090861187462,padcrypt
51.17732884399551,107.05505617977528,4.950539908879356,4.9449837473654625,0.49971925884334645,0.6763227757350332,padcrypt
51.724137931034484,108.567335243553,5.753437161820685,5.769970027228215,0.5007173601147776,0.677938808373591,padcrypt
49.87144482366325,108.79114642451759,4.897041701732721,4.908184003670678,0.5005681818181819,0.6861657192766426,padcrypt
51.437086092715234,107.61725663716814,5.033727003968057,5.022615023826846,0.4994475138121547,0.6761230957411319,padcrypt
51.351190476190474,107.80712166172107,5.5586702707988085,5.575213932319043,0.5007429420505201,0.6780069049174209,padcrypt
51.48498845265589,112.26674364896074,4.823667435651682,4.823667435651682,0.5,0.6855911825060469,padcrypt
51.56167400881057,108.0154355016538,5.044696226647849,5.0391403937991175,0.4997245179063361,0.6766444732988922,padcrypt
51.55379746835443,108.59177215189874,5.231778984529827,5.231778984529827,0.5,0.6780816503971862,padcrypt
51.55580357142857,112.64165733482643,4.9894939976286965,4.972788102547351,0.4991615427613192,0.6852905309197932,padcrypt
51.58891454965358,107.95381062355658,4.812689056642368,4.812689056642368,0.5,0.6766451463478186,padcrypt
50.80060422960725,107.17878787878787,5.4884390863783485,5.471857699410438,0.49924357034795763,0.6777747968726047,padcrypt
51.02011173184358,111.27069351230425,4.982967212302314,4.9773996511712495,0.49972051425377306,0.6853843556866177,padcrypt
51.208149779735685,107.28996692392502,5.05266741064493,5.047102798959197,0.4997245179063361,0.676675312393522,padcrypt
51.098684210526315,107.67763157894737,5.065901200139377,5.065901200139377,0.5,0.6781718737051463,padcrypt
50.42642320085929,109.73039742212674,5.180785427756275,5.180785427756275,0.5,0.6851434549917509,padcrypt
51.59866220735786,108.2145251396648,4.993840401246825,4.982705863005472,0.4994419642857143,0.6766431924882629,padcrypt
51.308510638297875,107.40845070422536,8.872452271347074,8.935377464760883,0.5017667844522968,0.6782736308451738,padcrypt
51.3452807646356,112.4366028708134,4.670699867731648,4.665119581151323,0.4997011356843993,0.6862447343637067,padcrypt
51.40919282511211,107.48372615039281,4.956014845814575,4.9504587753596265,0.4997195737521032,0.6762082965578111,padcrypt
51.37602179836512,108.1307901907357,6.044964517343077,6.044964517343077,0.5,0.6779070363347512,padcrypt
51.225118483412324,111.88165680473372,4.707714465954394,4.713292326696046,0.5002960331557135,0.686196234412879,padcrypt
51.54860335195531,107.82774049217002,4.972306194443146,4.96675054506388,0.49972051425377306,0.6763158263993152,padcrypt
51.4747191011236,108.04481792717087,5.875259722532668,5.891763261079109,0.5007012622720898,0.6779267799708245,padcrypt
51.24734982332156,112.56094674556213,4.732862732998367,4.71056420422099,0.4988193624557261,0.6861343355720191,padcrypt
51.520270270270274,107.71702367531003,4.933468978867349,4.927913270557815,0.49971830985915494,0.6762093492338724,padcrypt
51.61904761904762,108.35474860335195,5.884344440472338,5.900827198008675,0.5006993006993007,0.677939146087838,padcrypt
51.429917550058896,112.25294117647059,4.734750626859182,4.740327482721207,0.5002942907592701,0.6860489362161074,padcrypt
51.54096520763188,108.17587373167981,4.952213753027019,4.929981592519603,0.49887514060742405,0.6763136563876652,padcrypt
51.155367231638415,107.3830985915493,5.841008350755352,5.8575083743450564,0.5007052186177715,0.6779477147430197,padcrypt
51.64795321637427,112.79976580796253,4.768140901590975,4.762564128606658,0.49970743124634287,0.6856786959925973,padcrypt
51.370985603543744,107.80555555555556,5.01887943507401,5.002205417017286,0.49916805324459235,0.6765425728490444,padcrypt
50.6047197640118,107.1454005934718,5.6192998882877525,5.586147676557442,0.4985207100591716,0.6779190056887521,padcrypt
51.5249433106576,112.62343572241183,4.911090987317386,4.894386596204062,0.4991482112436116,0.6853732665932804,padcrypt
51.08185840707964,107.12860310421286,5.029261705707726,5.018135020518107,0.4994462901439646,0.6766427651111983,padcrypt
50.694006309148264,106.46540880503144,5.262104671976811,5.278704371257494,0.5007874015748032,0.6781236229619837,padcrypt
50.37949836423119,108.87012987012987,5.105413993190145,5.1443866190923595,0.5019011406844106,0.6852868645857461,padcrypt
51.26130099228225,107.81042128603104,5.045741141232276,5.017925589185792,0.4986180210060807,0.6765387264416756,padcrypt
51.37671232876713,107.91808873720136,9.237045357388219,9.268679074365576,0.5008547008547009,0.6782205825575909,padcrypt
50.65595238095238,110.80452920143027,4.689505103837605,4.6839223596663695,0.4997022036926742,0.6860075563033148,padcrypt
51.42666666666667,107.61333333333333,5.000323766903111,5.000323766903111,0.5,0.6766431924882629,padcrypt
50.97837837837838,106.42627345844504,6.0798170826121,6.129112896795442,0.5020188425302826,0.6778975050803463,padcrypt
51.18424242424243,111.99757281553399,4.605999275198535,4.600416245774052,0.4996967859308672,0.6860749518633886,padcrypt
51.57817772778403,107.9302587176603,4.939470895810231,4.939470895810231,0.5,0.676642948315621,padcrypt
51.883597883597886,108.88126649076517,6.2230942722370965,6.239557484597513,0.5006605019815059,0.677847498275239,padcrypt
51.30072463768116,112.48305084745763,4.619243126367996,4.60808553427532,0.49939540507859737,0.6862572753862971,padcrypt
51.64131668558456,108.1433447098976,4.902688262861721,4.891558437066348,0.4994318181818182,0.6763094611323762,padcrypt
51.07253886010363,107.73506493506494,6.367520552954868,6.351024385719234,0.4993514915693904,0.6778337037521245,padcrypt
51.13631022326675,111.88221436984688,4.747066585119527,4.735910141911256,0.49941176470588233,0.685809176564023,padcrypt
51.49491525423729,107.79683972911964,4.916882189621265,4.922437988705583,0.5002823263692829,0.6769728028579327,padcrypt
51.54016620498615,108.38055555555556,5.9445529898520055,5.928086084062942,0.49930651872399445,0.6771080991965014,padcrypt
51.02333722287048,111.51575262543757,4.780857568905425,4.780857568905425,0.5,0.6860857454628991,padcrypt
51.70996640537514,108.1177130044843,4.9614857585451455,4.95592978345159,0.4997198879551821,0.676218990590248,padcrypt
51.26512968299712,107.61781609195403,5.732580980655707,5.749101386940017,0.5007194244604316,0.6779688631426503,padcrypt
51.539976825028965,112.65853658536585,4.819319630711636,4.808150871428411,0.4994199535962877,0.6856118972561105,padcrypt
51.65625,108.2145251396648,4.9873062165381965,4.981740026564382,0.4997208263539922,0.6766431924882629,padcrypt
50.52238805970149,106.08928571428571,5.545097387389166,5.561649916903761,0.5007451564828614,0.678054440661201,padcrypt
51.46885617214043,112.06908267270668,4.921876634261046,4.921876634261046,0.5,0.6852788011412426,padcrypt
51.544444444444444,107.97775305895439,5.011063597542891,5.0054957491011765,0.49972206781545303,0.6766391100082252,padcrypt
50.65495207667732,106.72843450479233,5.208668574503083,5.208668574503083,0.5,0.6781429528430198,padcrypt
51.85810055865922,113.12877939529675,4.983015769383753,4.9718805386141804,0.4994407158836689,0.6852011367567165,padcrypt
51.53794642857143,107.93422519509475,5.890188068536684,5.89676193914889,0.5002788622420524,0.6770656316654429,padcrypt
50.86868686868687,107.30508474576271,9.143734207354099,9.08216023962781,0.4983108108108108,0.6769240638966705,padcrypt
51.353846153846156,112.1001100110011,5.072506545376132,5.0669323623592355,0.4997251236943375,0.6855837611265483,padcrypt
49.74201183431953,103.73671782762692,4.694619369953866,4.705730895089851,0.5005910165484634,0.6764205485884971,padcrypt
51.71857923497268,108.45628415300547,6.115107477950398,6.115107477950398,0.5,0.6771117631004366,padcrypt
51.1179302045728,111.73076923076923,4.639025688107726,4.644608149826267,0.5003006614552015,0.6863606494436609,padcrypt
50.464835164835165,105.4155701754386,5.0558789082541535,5.066990730030536,0.5005488474204172,0.6767397333558587,padcrypt
51.56951871657754,108.01336898395722,6.141148548581754,6.141148548581754,0.5,0.6768480664834796,padcrypt
51.339735894357744,112.11764705882354,4.651273452756706,4.651273452756706,0.5,0.6859136310223267,padcrypt
51.516891891891895,107.87034949267193,4.9338737576410345,4.928317593499547,0.49971830985915494,0.6765350567072999,padcrypt
51.553763440860216,108.20375335120643,6.1160736184747035,6.132514676588882,0.5006711409395973,0.6778863918841748,padcrypt
51.125147579693035,112.23578199052133,4.727579826945804,4.710835152234071,0.4991129509166174,0.6862783452872564,padcrypt
51.69265536723164,108.08031674208145,4.919063699165456,4.913505435098602,0.49971735443753534,0.6762143377851385,padcrypt
51.36363636363637,107.81043956043956,5.98329436048193,5.999777265056261,0.5006877579092159,0.6779125207296849,padcrypt
51.412311265969805,112.53263403263404,4.802036869187096,4.785305033405956,0.49912739965095987,0.6856532144099873,padcrypt
51.574971815107105,108.16723163841807,4.928795219629856,4.917681814399574,0.4994356659142212,0.6766425163456441,padcrypt
51.25217391304348,107.59248554913295,5.702185370748614,5.718713444287015,0.5007235890014472,0.677976288040212,padcrypt
51.245977011494254,112.21247113163972,4.853606633483388,4.831291200685763,0.4988479262672811,0.6854966139954853,padcrypt
51.59866220735786,107.97324414715719,4.987232270693029,4.987232270693029,0.5,0.6766431924882629,padcrypt
50.96666666666667,107.34545454545454,5.447163529524079,5.447163529524079,0.5,0.6780621327259154,padcrypt
51.532805429864254,112.65380249716232,4.928292176374475,4.91156720292524,0.4991501416430595,0.6854001643612356,padcrypt
51.59553072625698,108.29642058165548,5.894559616241032,5.8879735161111535,0.49972051425377306,0.6770656316654429,padcrypt
50.50949367088607,105.49211356466877,5.222766358214529,5.239294099854449,0.5007898894154819,0.676915914335452,padcrypt
51.45343680709534,112.67706013363029,5.948847629341513,5.922466930320042,0.4988888888888889,0.6855516785798977,padcrypt
51.544444444444444,108.09799554565701,5.916467174737533,5.903319469904782,0.4994438264738598,0.6766391100082252,padcrypt
51.358620689655176,107.2405498281787,9.130974007992135,9.162460125261074,0.5008605851979346,0.6769267477928895,padcrypt
51.18539325842696,111.60157126823793,4.946474034319331,4.952031870312948,0.5002807411566536,0.6858102516000882,padcrypt
51.59866220735786,107.88058035714286,4.983427684989676,4.977872024248328,0.4997211377579476,0.6762111301549547,padcrypt
51.3042071197411,108.10355987055016,5.148843906030042,5.148843906030042,0.5,0.6781574192500558,padcrypt
51.48577680525164,111.78384279475982,5.078882515440786,5.089996043920963,0.5005464480874317,0.6851296737414019,padcrypt
51.55732122587968,107.92743764172336,4.894718194777511,4.900274061059891,0.5002836074872377,0.6769738432872972,padcrypt
51.21885521885522,107.31649831649831,4.951591265169697,4.951591265169697,0.5,0.6769247106297123,padcrypt
49.705112960761,108.93682955899881,4.711112774463287,4.699909176902138,0.4994047619047619,0.6861711711711712,padcrypt
51.2707423580786,107.44323144104804,5.089492307167459,5.089492307167459,0.5,0.6769613844905147,padcrypt
49.93667546174142,104.71240105540898,6.2144898951851575,6.2144898951851575,0.5,0.6770968402374941,padcrypt
50.72770511296076,111.21718377088305,4.703452466659445,4.686674396029269,0.4991066110780226,0.6859901959341096,padcrypt
51.37458563535912,107.57190265486726,5.035794143369388,5.0302297299513,0.49972360420121614,0.6765387264416756,padcrypt
51.05785123966942,107.46831955922865,5.989240248741611,5.989240248741611,0.5,0.6779216265531324,padcrypt
279.6296296296296,1035.0384615384614,4.0575353049638165,3.907256219594786,0.49056603773584906,0.7809117553176054,padcrypt
51.75621301775148,112.94792899408284,4.7169791580658265,4.7169791580658265,0.5,0.6857625291898689,padcrypt
51.483870967741936,107.73303670745273,5.006884023316621,5.006884023316621,0.5,0.6766431924882629,padcrypt
50.80172413793103,106.65902578796562,5.724368880140495,5.7408182160029675,0.5007173601147776,0.6779957379378176,padcrypt
51.730324074074076,113.15447154471545,4.822538861303386,4.805793934701638,0.4991304347826087,0.6855144559917253,padcrypt
51.48049052396878,107.93422519509475,5.9074870169646445,5.9074870169646445,0.5,0.6770656316654429,padcrypt
50.644578313253014,105.96987951807229,5.471222630035571,5.471222630035571,0.5,0.676628971459343,padcrypt
51.7116912599319,113.00340909090909,5.8201975324150075,5.8135911788027315,0.4997160704145372,0.6858090633857697,padcrypt
51.60177975528365,108.2185061315496,5.923394357763017,5.910216617256314,0.4994432071269488,0.6766391100082252,padcrypt
50.79677419354839,106.77346278317152,5.1486188575891,5.132010409661393,0.4991922455573506,0.676918342224046,padcrypt
51.69,113.2109375,5.926646955962307,5.900306302824697,0.49888641425389757,0.685579691534084,padcrypt
51.65625,108.09375,5.89338865503668,5.89338865503668,0.5,0.6766431924882629,padcrypt
48.357142857142854,99.38535031847134,9.644528668793425,9.832409097406284,0.5048231511254019,0.6769267477928895,padcrypt
50.93932584269663,111.15955056179776,4.953385302490496,4.953385302490496,0.5,0.6857515180081515,padcrypt
51.483870967741936,107.6358574610245,4.994651110842561,4.989095325402247,0.4997217584863662,0.6762020693852708,padcrypt
51.17834394904459,107.5047619047619,5.226815324838428,5.243461233516258,0.5007949125596184,0.6781751912524533,padcrypt
51.23163841807909,111.62937853107344,4.9194078981437865,4.9194078981437865,0.5,0.6854272472455805,padcrypt
51.62266226622662,108.14977973568281,5.050199205255949,5.044643430552697,0.49972482113373695,0.6766580534022395,padcrypt
51.25581395348837,108.01328903654485,5.035431292793207,5.035431292793207,0.5,0.6781810596579058,padcrypt
50.81924882629108,111.88179669030733,4.754356649992152,4.720875265133053,0.49823321554770317,0.6861326567596956,padcrypt
51.576099210822996,108.16949152542372,4.927979603249938,4.91686803706448,0.4994356659142212,0.6766423048106419,padcrypt
51.78888888888889,109.08100558659218,5.921165201982119,5.888269839748886,0.4986072423398329,0.6768524135540341,padcrypt
50.069204152249135,109.76994219653179,4.838628423966383,4.827466651362077,0.49942263279445726,0.6862555199803413,padcrypt
51.71396648044693,108.7003367003367,4.97245714740487,4.950233875237698,0.4988801791713326,0.6766431924882629,padcrypt
51.72126436781609,108.657060518732,5.729571157071731,5.713106872137617,0.49928057553956834,0.6768755722312981,padcrypt
52.00237812128419,114.41127098321343,4.691875000673373,4.652822533366936,0.49791044776119403,0.6857128484473924,padcrypt
51.427937915742795,108.13125695216908,5.938791133293284,5.919039056353284,0.4991671293725708,0.6769592891265895,padcrypt
50.93043478260869,106.39017341040463,5.700326110277694,5.716848794655311,0.5007235890014472,0.6768967673127138,padcrypt
51.55363321799308,112.87976878612717,5.730204642464369,5.716986177314509,0.49942263279445726,0.6859798507777263,padcrypt
51.59866220735786,108.33557046979865,5.9083443030890415,5.888583954249279,0.4991624790619765,0.6766431924882629,padcrypt
50.48036253776435,105.75528700906344,5.482509799177146,5.482509799177146,0.5,0.6768960049503036,padcrypt
51.77437641723356,113.64538198403649,5.821662169552858,5.788659549544055,0.4985787379192723,0.6857884017284562,padcrypt
51.54222222222222,108.16610925306577,5.926940663774485,5.907184194895237,0.4991652754590985,0.6765425728490444,padcrypt
51.44736842105263,108.14851485148515,5.030808481838349,5.014259769727039,0.49917627677100496,0.6769195810696358,padcrypt
51.811529933481154,113.0754716981132,5.948799521899988,5.942204400478813,0.4997226844148641,0.6855364532516907,padcrypt
51.59866220735786,108.09375,5.896440365480342,5.889866853367209,0.4997211377579476,0.6766431924882629,padcrypt
51.512280701754385,107.55594405594405,8.908874783996183,8.94013399376459,0.500875656742557,0.6769288323577307,padcrypt
51.48256467941507,112.32958380202474,4.948485706963493,4.948485706963493,0.5,0.685721937251509,padcrypt
51.47262569832402,107.73684210526316,4.972507311210322,4.961395563028846,0.4994407158836689,0.676209085094569,padcrypt
51.14193548387097,107.61612903225806,5.161500781675648,5.161500781675648,0.5,0.6778624403129128,padcrypt
51.31729667812142,112.00802752293578,4.852143215220291,4.846585204664483,0.4997134670487106,0.685550041762885,padcrypt
51.63774403470716,108.09209100758396,5.122265759546729,5.12782136232281,0.5002710027100271,0.6769553328493204,padcrypt
51.46127946127946,108.33783783783784,4.946079822058249,4.929426354643912,0.4991568296795953,0.6772258827504646,padcrypt
50.26905829596413,110.32919954904172,4.957098558313848,4.929312131417469,0.4985947161326588,0.6857787557287214,padcrypt
51.3728813559322,107.15856236786469,5.244607637090962,5.255719093949206,0.5005291005291005,0.6764085728774655,padcrypt
51.08540925266904,107.32624113475177,4.6961319405410435,4.712844153852577,0.5008880994671403,0.6782904910244055,padcrypt
49.877412031782065,108.65419501133786,4.917768736981364,4.9233507673298105,0.5002836074872377,0.6856233231979968,padcrypt
51.59754738015607,108.45464725643897,4.983704839712612,4.9614809608287205,0.4988826815642458,0.6766434015915268,padcrypt
51.67455621301775,108.48082595870207,5.564125528153909,5.580587438000518,0.5007385524372231,0.6779926623771686,padcrypt
51.58098591549296,112.91519434628975,4.758530178327245,4.741774790375388,0.4991181657848324,0.6856707578748605,padcrypt
51.59866220735786,107.97324414715719,4.987277880366102,4.987277880366102,0.5,0.6766431924882629,padcrypt
50.91836734693877,106.90697674418605,5.676076839866913,5.692625168846117,0.5007278020378457,0.6780110986154385,padcrypt
51.326111744583805,111.95091324200914,4.891723019531619,4.886145228175254,0.4997147746719909,0.685404173830391,padcrypt
51.711086226203804,108.53923766816143,5.885205414055881,5.878615038452235,0.4997198879551821,0.6770656316654429,padcrypt
50.44648318042813,105.3689024390244,5.394348840778973,5.410845320414382,0.500763358778626,0.6769101200618917,padcrypt
51.60315670800451,112.84632768361583,5.853827428517037,5.840628268588024,0.4994356659142212,0.68572036720429,padcrypt
51.48723640399556,107.85777777777778,5.9203747590355595,5.91380386585128,0.4997223764575236,0.6766391100082252,padcrypt
51.26732673267327,107.0625,5.023257265568891,5.03983567238595,0.500823723228995,0.6769201971672802,padcrypt
51.86903440621531,113.32925472747498,5.933821334760281,5.920649700276906,0.49944444444444447,0.6855406851167767,padcrypt
51.54222222222222,107.92547274749722,5.919580058362365,5.913002747186407,0.49972206781545303,0.6765425728490444,padcrypt
51.320422535211264,107.15438596491228,8.909462386525988,8.940833732957419,0.5008787346221442,0.676929556235315,padcrypt
51.53603603603604,112.51241534988714,4.940464429066723,4.929337256929185,0.49943630214205187,0.685362667583362,padcrypt
51.54666666666667,107.95227524972253,5.000205704091607,5.005761488207264,0.5002776235424764,0.6770641180032996,padcrypt
51.273927392739274,107.42904290429043,5.042754321301734,5.042754321301734,0.5,0.6769189177948302,padcrypt
279.6296296296296,997.5185185185185,4.12126525806262,4.12126525806262,0.5,0.7810515326392715,padcrypt
51.18946188340807,111.97640449438202,4.9582831097641025,4.947165883060595,0.4994388327721661,0.6857899807321772,padcrypt
51.45679012345679,107.77364864864865,4.950456762138464,4.933788557552139,0.4991568296795953,0.6761026061278267,padcrypt
51.36825396825397,107.88291139240506,5.255576680753105,5.272261051168194,0.5007923930269413,0.6781309675366008,padcrypt
51.43223443223443,112.6952264381885,4.580137042955633,4.56895233711203,0.4993887530562347,0.6861060397183204,padcrypt
51.59866220735786,107.97324414715719,4.990031978275255,4.990031978275255,0.5,0.6766431924882629,padcrypt
50.216145833333336,105.94516971279373,6.203680201527958,6.187524784336479,0.49934810951760106,0.6778650183762112,padcrypt
51.34385201305767,111.7843137254902,5.132800229285069,5.127215027729807,0.49972781709308656,0.6850196591523534,padcrypt
50.014989293361886,104.74438502673797,5.1893116154321834,5.194867623585751,0.5002675227394329,0.6770549602488766,padcrypt
50.81985294117647,106.5,4.544083870247013,4.544083870247013,0.5,0.676964782314038,padcrypt
51.47331786542924,112.60302677532015,4.813007325549104,4.79625672000775,0.4991284137129576,0.6855332539547542,padcrypt
51.42666666666667,107.61333333333333,5.006689187256706,5.006689187256706,0.5,0.6766431924882629,padcrypt
50.850746268656714,106.77380952380952,5.541342146654351,5.5578834664951104,0.5007451564828614,0.6780442630076922,padcrypt
51.635844748858446,112.9163802978236,4.886598013335755,4.86986308863255,0.49914236706689535,0.6854647483815338,padcrypt
51.59866220735786,108.17948717948718,5.894037630635374,5.894037630635374,0.5,0.6770605842828337,padcrypt
50.39252336448598,105.25155279503106,5.295187316072276,5.311683226714246,0.5007776049766719,0.6769129366648691,padcrypt
51.21507760532151,111.67849223946784,5.909105303913649,5.909105303913649,0.5,0.6855917783978766,padcrypt
51.483870967741936,107.97324414715719,5.908982406980558,5.895836728655795,0.4994432071269488,0.6766431924882629,padcrypt
51.22895622895623,106.97651006711409,9.354557531959584,9.386054358666518,0.5008403361344538,0.6769227502441925,padcrypt
50.80509413067553,110.96119733924613,5.016858948377146,5.011303179885034,0.4997229916897507,0.6856964731029569,padcrypt
51.49280177187154,107.66186252771618,5.017064602987708,5.011508606749627,0.4997229916897507,0.6762180643274447,padcrypt
51.240802675585286,107.63333333333334,4.979227469973221,4.995880404655406,0.5008347245409015,0.678204616580202,padcrypt
51.48552338530067,112.3901895206243,4.990545336094468,4.984987935942915,0.49972144846796657,0.6855856591045101,padcrypt
51.2713963963964,107.47742663656885,4.9334048145549385,4.922293542450085,0.49943630214205187,0.6765349474970516,padcrypt
51.3741935483871,107.78064516129032,5.155395331825625,5.155395331825625,0.5,0.6772062102233573,padcrypt
51.4,111.8939226519337,5.031886927572316,5.031886927572316,0.5,0.6852301716729485,padcrypt
51.640765765765764,108.05630630630631,4.93381712500488,4.93381712500488,0.5,0.6766329833369766,padcrypt
51.06666666666667,107.27574750830564,5.002730727640246,5.019406496732381,0.5008319467554077,0.6782188615837009,padcrypt
51.388888888888886,112.13992762364295,4.625147136010867,4.630733062503633,0.5003017501508751,0.6860103015186623,padcrypt
51.59643255295429,108.0390625,4.9931557816289125,4.987589275740809,0.4997211377579476,0.6765419156445469,padcrypt
50.96756756756757,106.97843665768194,6.08115070239316,6.09758624483206,0.5006747638326585,0.6778998069926726,padcrypt
51.494661921708186,112.14556213017751,4.709078910667067,4.720251102625945,0.5005924170616114,0.6858286351168462,padcrypt
51.146637265711135,107.26187845303868,5.045552576155307,5.034426771136221,0.49944812362030905,0.6766391100082252,padcrypt
50.83806818181818,106.72237960339943,5.803707462059156,5.820195267349097,0.500709219858156,0.6779621364814281,padcrypt
51.656577415599536,112.92765460910152,4.796012089967903,4.784845589176359,0.4994172494172494,0.6856367603717978,padcrypt
50.41830065359477,105.27391304347826,5.106787404756966,5.1179133032422754,0.500544069640914,0.6766431924882629,padcrypt
50.233038348082594,105.96745562130178,5.601877165712002,5.5853524543087225,0.49926144756277696,0.6777617984331832,padcrypt
51.467650397275825,113.00570776255708,5.833438602117353,5.8003316861007965,0.4985771200910643,0.6858510697261945,padcrypt
51.71396648044693,108.33557046979865,5.88508913543321,5.878513616846134,0.49972051425377306,0.6766431924882629,padcrypt
50.5314465408805,105.53918495297806,5.253857381526302,5.270378945619152,0.5007849293563579,0.6769141064822262,padcrypt
51.6796875,112.60312151616499,5.168557712011956,5.1743261916012555,0.5002788622420524,0.6856628877876587,padcrypt
51.54120267260579,108.09375,5.917969104671781,5.9047887725901065,0.49944258639910816,0.6766431924882629,padcrypt
51.38775510204081,107.30508474576271,9.216950998633585,9.248301172098326,0.5008488964346349,0.6769240638966705,padcrypt
51.18609865470852,111.66816143497758,4.958841584489064,4.958841584489064,0.5,0.6856938306279515,padcrypt
51.544444444444444,107.77196885428253,5.000213181789578,4.994657389365367,0.49972206781545303,0.6762215847623834,padcrypt
50.960912052117266,107.37459283387622,5.105524288153202,5.105524288153202,0.5,0.6781460223415416,padcrypt
51.395348837209305,111.76548672566372,5.0208676775396714,5.026427885377478,0.5002767017155506,0.6852406982895433,padcrypt
51.551991150442475,108.08738938053098,5.022457241176785,5.022457241176785,0.5,0.6770722175256731,padcrypt
51.32867132867133,107.92631578947369,4.779800364467411,4.763087775780462,0.4991243432574431,0.6769295098923832,padcrypt
51.095354523227385,111.9375,4.5675872662421915,4.556419571214704,0.49938800489596086,0.6860677347394037,padcrypt
51.30888888888889,107.36666666666666,5.007068087971219,5.007068087971219,0.5,0.6766427651111983,padcrypt
51.3359375,107.72987012987014,6.2994546094541315,6.3158594391662515,0.5006501950585176,0.6778342512543104,padcrypt
51.51079913606912,112.26839826839827,5.145109194366331,5.133996647510248,0.49945945945945946,0.685019975567075,padcrypt
51.2625,107.74771689497717,4.889101018219595,4.8668778317731425,0.4988610478359909,0.6766190196275216,padcrypt
51.0,107.13310580204778,4.87410407546999,4.890796212714751,0.5008547008547009,0.6782334384858044,padcrypt
51.56973995271868,113.17437722419929,5.598481887633316,5.578629114982134,0.4991119005328597,0.6862062517082153,padcrypt
50.10129310344828,104.81641468682506,5.162693036458793,5.151566542845735,0.4994606256742179,0.6761218774816445,padcrypt
50.93623188405797,106.94219653179191,5.683943402093577,5.700418600360515,0.5007235890014472,0.6780027485112231,padcrypt
51.554660529344076,112.75750577367205,4.853198344836081,4.836443920170364,0.49913544668587895,0.6854944576655505,padcrypt
51.483870967741936,108.09375,5.010943751539898,4.994222026006395,0.4991643454038997,0.6766431924882629,padcrypt
50.6219512195122,105.98181818181818,5.410234597104118,5.443223832452314,0.5015197568389058,0.6780798014657412,padcrypt
50.507760532150776,110.22283813747228,5.95580309171152,5.95580309171152,0.5,0.6857613861317846,padcrypt
51.54545454545455,108.05,5.928883345451128,5.91573726264525,0.49944506104328523,0.6765387264416756,padcrypt
50.77922077922078,106.04854368932038,5.096834972155666,5.113383137649678,0.5008103727714749,0.6769195810696358,padcrypt
51.6940133037694,112.95666666666666,5.954183325276569,5.940981144954447,0.49944506104328523,0.6855599538738544,padcrypt
51.71396648044693,108.2145251396648,5.88473089443397,5.88473089443397,0.5,0.6766431924882629,padcrypt
50.81443298969072,106.83793103448276,9.099074085684457,9.067805789857363,0.4991394148020654,0.6769281188551453,padcrypt
51.35512965050733,112.34915254237288,4.932395981243464,4.921274457046748,0.4994356659142212,0.6858071057586856,padcrypt
50.571899012074645,105.82436882546652,5.061219109746957,5.061219109746957,0.5,0.6766425458144122,padcrypt
51.33226837060703,107.75,5.2035480758198105,5.186923321583964,0.4992,0.676622723155882,padcrypt
51.32405345211581,111.85205784204672,4.99358127291668,4.999142053844205,0.5002782415136339,0.6857082458198085,padcrypt
51.55530973451327,107.90354767184036,5.022391532377257,5.0112800466861565,0.4994462901439646,0.6762010629798173,padcrypt
51.36643835616438,107.92491467576792,4.873038897965675,4.88972738734227,0.5008547008547009,0.6782780292143026,padcrypt
51.42208588957055,112.42208588957055,4.560504339951708,4.560504339951708,0.5,0.6861524866512397,padcrypt
51.373200442967885,107.86,5.021780014289703,5.00509635975718,0.49916805324459235,0.6766436179111136,padcrypt
51.16622691292876,107.65699208443272,6.225063521237515,6.225063521237515,0.5,0.6778416453467123,padcrypt
51.08528037383178,111.52392065344225,4.7803143162143495,4.785898795555721,0.5002918855808524,0.6860916693586017,padcrypt
51.8621867881549,108.43443557582668,4.880390716568025,4.87483218500018,0.4997150997150997,0.676211673018943,padcrypt
51.04432132963989,107.146408839779,5.9670430513718244,5.9835722565002785,0.5006915629322268,0.6779284790435908,padcrypt
51.48831775700935,112.82511737089202,4.779264928082639,4.756931914400009,0.49882903981264637,0.6856370496644104,padcrypt
51.59866220735786,108.09375,4.990108898735748,4.9845457895955745,0.4997211377579476,0.6766431924882629,padcrypt
50.74561403508772,106.54810495626822,5.647764589730419,5.664278521279338,0.5007299270072992,0.678020815940335,padcrypt
51.74367816091954,112.86421173762946,4.856112408468104,4.850530670067567,0.4997124784358827,0.6854069994968413,padcrypt
51.65625,108.42122905027934,5.101924724098436,5.096230611683147,0.4997208263539922,0.6770605842828337,padcrypt
50.583333333333336,105.3282208588957,5.353946694676428,5.38699574834727,0.5015384615384615,0.6769112486693214,padcrypt
51.20424107142857,111.86033519553072,5.916945860337281,5.910342126118154,0.4997208263539922,0.6857473594805266,padcrypt
51.65625,108.09375,5.885200835893821,5.885200835893821,0.5,0.6766431924882629,padcrypt
48.24223602484472,100.14461538461538,5.338102907381895,5.387836785400982,0.5023183925811437,0.6769201971672802,padcrypt
51.472527472527474,112.57221609702316,6.004240263830528,5.98444606515856,0.4991744634012108,0.6855172784219467,padcrypt
51.427937915742795,107.68590455049944,5.929970829324258,5.923396582285096,0.4997226844148641,0.6765425728490444,padcrypt
50.76140350877193,107.49290780141844,8.94521479426457,8.85105463853547,0.4973544973544973,0.6769316659222867,padcrypt
51.42247191011236,112.13948256467941,4.950520300145246,4.944957917785532,0.49971894322653176,0.6853662225522144,padcrypt
51.4635241301908,107.80898876404494,4.95023738986214,4.9446815678757625,0.49971925884334645,0.6766381766381766,padcrypt
51.3482428115016,108.17891373801918,5.224687945381616,5.224687945381616,0.5,0.6781222462549067,padcrypt
51.07654320987654,112.00247524752476,4.523540827360859,4.512371590750091,0.49938195302843014,0.6862667778873133,padcrypt
51.64988814317673,108.15341545352743,4.978139089916095,4.972570701672341,0.49972020145495244,0.6765459945641514,padcrypt
51.129441624365484,107.56345177664974,6.446905201780542,6.446905201780542,0.5,0.6778088764494202,padcrypt
51.32953249714937,112.13828571428571,4.875942128758216,4.864822534393887,0.4994292237442922,0.6855040974730503,padcrypt
51.58169934640523,107.94117647058823,5.100314122314002,5.100314122314002,0.5,0.6766501413528906,padcrypt
49.58576051779935,105.17915309446254,5.160254185332893,5.126854481867955,0.49837662337662336,0.6781903721750819,padcrypt
51.54425837320574,113.06850961538461,4.6716122520022765,4.649260040270208,0.4988009592326139,0.6858432241696072,padcrypt
49.93541442411195,104.26638023630505,5.167953306535925,5.179079147884765,0.5005376344086021,0.6766391100082252,padcrypt
50.87988826815643,106.8050139275766,5.886266639490975,5.9027087250761445,0.500697350069735,0.6779412284734255,padcrypt
51.341491841491845,112.17599067599068,5.680468860853157,5.680468860853157,0.5,0.6860183324067343,padcrypt
49.93541442411195,104.4040948275862,5.163283360058098,5.157725466236722,0.49973074851911686,0.6762215847623834,padcrypt
50.58064516129032,105.89504373177843,5.612191517751136,5.6451075970341345,0.5014619883040936,0.6780287474332649,padcrypt
51.56930126002291,112.61741122565864,5.765365397090617,5.765365397090617,0.5,0.685910628946175,padcrypt
51.54120267260579,107.85300668151447,5.898534463847524,5.898534463847524,0.5,0.6766431924882629,padcrypt
50.583333333333336,105.97839506172839,5.361263905015958,5.361263905015958,0.5,0.6769112486693214,padcrypt
51.60830527497194,112.55667789001123,5.8758451750206975,5.8758451750206975,0.5,0.6856314648836748,padcrypt
51.48723640399556,107.97775305895439,5.925565308098403,5.912411999978318,0.49944444444444447,0.6766391100082252,padcrypt
49.58252427184466,103.88673139158576,9.666581793312563,9.666581793312563,0.5,0.6769221036649656,padcrypt
51.24513172966781,111.76201372997711,4.86160396830421,4.8671728159196785,0.5002862049227247,0.6858731752529543,padcrypt
50.357859531772576,105.19132369299221,4.983428021636235,4.994539343869538,0.5005567928730512,0.6767450514534343,padcrypt
51.56231884057971,108.32848837209302,5.71787290013117,5.701299355493109,0.49927431059506533,0.6768808805899662,padcrypt
51.538818076477405,112.36616454229433,4.8038557611500226,4.8038557611500226,0.5,0.6855567338282078,padcrypt
51.141666666666666,107.35125448028674,4.667061840951767,4.650393762948368,0.4991055456171735,0.6765427822787098,padcrypt
51.92820512820513,108.96675191815856,6.487805619242292,6.50444101826599,0.5006402048655569,0.6778134843615768,padcrypt
51.328392246294186,112.45537757437071,4.875605405082701,4.858927165384584,0.49914334665905197,0.6858709988067075,padcrypt
50.56215621562156,105.71255506607929,5.0501838261574195,5.044628068372868,0.49972482113373695,0.6762124158142419,padcrypt
51.3394495412844,107.68501529051987,5.420902585978259,5.420902585978259,0.5,0.6771600546143344,padcrypt
51.33825198637911,112.0125,4.903581968133033,4.898016040813927,0.4997160704145372,0.6854728789986092,padcrypt
51.411633109619686,107.76793721973094,4.967197799608399,4.956085500280415,0.49944008958566627,0.6765312370241606,padcrypt
51.39252336448598,107.92546583850931,5.325233323235322,5.341822835145712,0.5007776049766719,0.6781010361177779,padcrypt
51.3835005574136,112.02008928571429,4.9913290027378645,4.98576453339256,0.4997211377579476,0.685301889240139,padcrypt
51.41387024608501,107.67709497206704,4.967316419989607,4.972872702338589,0.5002794857462269,0.6770716970527277,padcrypt
51.11437908496732,107.09477124183006,5.095611741705301,5.095611741705301,0.5,0.6769189457159382,padcrypt
51.43176733780761,112.45067264573991,4.969477181125743,4.958359782510249,0.49944008958566627,0.685684207648032,padcrypt
51.63205417607224,107.95141242937854,4.922469195009123,4.916913360703243,0.4997176736307171,0.6762101597502884,padcrypt
51.32797427652733,108.0032154340836,5.175725194432532,5.175725194432532,0.5,0.6778535679690023,padcrypt
51.36700336700337,112.10213243546576,4.952844090467332,4.952844090467332,0.5,0.6857694076937336,padcrypt
51.48723640399556,107.97775305895439,5.0057170500360435,4.994605580446618,0.49944444444444447,0.6766391100082252,padcrypt
51.44039735099338,107.77814569536424,5.029826361010731,5.029826361010731,0.5,0.6769195574411446,padcrypt
51.62095875139354,112.39464882943143,4.986438469422953,4.986438469422953,0.5,0.6852680088633923,padcrypt
51.71396648044693,108.4568868980963,4.974242642759124,4.963127016741786,0.4994407158836689,0.6766431924882629,padcrypt
51.74315068493151,108.68259385665529,9.237458009935215,9.269093140106227,0.5008547008547009,0.6782101250186356,padcrypt
51.17456647398844,112.34342258440047,4.823746621779992,4.790287107640478,0.4982598607888631,0.6855415609970945,padcrypt
51.378684807256235,107.60815402038506,4.900443975618061,4.906000034547333,0.5002832861189802,0.6770846694314991,padcrypt
51.74857142857143,108.4,5.786156309304149,5.786156309304149,0.5,0.67687147648612,padcrypt
49.96449026345933,109.89400921658986,4.8634983734558075,4.835643285406233,0.49856404365307294,0.6862100469760516,padcrypt
51.544444444444444,108.01003344481606,5.0004672116135325,4.98379898757482,0.4991652754590985,0.6762170650846274,padcrypt
51.55393586005831,108.22383720930233,5.639384265056773,5.655825618599212,0.5007278020378457,0.6779756701631702,padcrypt
51.35034802784223,112.2139534883721,4.811556642683041,4.800392938175656,0.4994192799070848,0.6855535348942942,padcrypt
51.551991150442475,107.87610619469027,5.022367649580621,5.022367649580621,0.5,0.6766442552541926,padcrypt
51.44954128440367,108.35779816513761,5.414559346260895,5.414559346260895,0.5,0.6780527010735404,padcrypt
51.33067274800456,111.8452787258248,4.883381971008078,4.8945185319453826,0.5005694760820045,0.685918411486859,padcrypt
51.560810810810814,107.84684684684684,4.933455379997534,4.933455379997534,0.5,0.6765474659847125,padcrypt
51.49085365853659,108.0030487804878,5.4462967985186825,5.4462967985186825,0.5,0.6771609894101005,padcrypt
51.35480225988701,112.23755656108597,4.923120330590329,4.917557482759154,0.49971735443753534,0.6858371294075359,padcrypt
50.429988974641674,105.82632743362832,5.039217223239512,5.022549470571686,0.4991717283268912,0.6765365222372302,padcrypt
51.254658385093165,107.37267080745342,5.345592022962514,5.345592022962514,0.5,0.6768863307098947,padcrypt
51.391799544419136,112.01025056947609,4.88484076938496,4.88484076938496,0.5,0.6854886489576,padcrypt
50.86622807017544,106.21006564551422,5.066730623699352,5.077841875067114,0.5005476451259584,0.6766481256883164,padcrypt
51.18987341772152,108.17777777777778,5.267167224770179,5.250498974058881,0.49920760697305866,0.6781023640850116,padcrypt
51.53674832962138,112.81991051454139,4.989206675649509,4.966983037896059,0.49888392857142855,0.6854717583814165,padcrypt
51.573496659242764,107.98882681564245,4.989232258689309,4.972564444907497,0.4991634132738427,0.6760490476556872,padcrypt
51.30976430976431,107.68456375838926,4.953623752880231,4.970302620735047,0.5008403361344538,0.678019818715798,padcrypt
51.869127516778526,113.53820224719101,5.893822741786821,5.867452170235203,0.49887892376681614,0.6854497354497354,padcrypt
51.852348993288594,109.14864864864865,5.887638530738824,5.84812417818353,0.4983164983164983,0.6764656616415411,padcrypt
51.6382252559727,108.47602739726027,9.228058117019286,9.196563038121608,0.49914529914529915,0.6767439376135028,padcrypt
51.712041884816756,113.35816993464053,5.087859812424751,5.094519314797035,0.5003270111183781,0.6870083262693402,padcrypt
0.0,31.5,41.368432472950715,41.368432472950715,0.5,1.0,sisron
28.346613545816734,75.8,1.4192129419392399,1.4135587071107967,0.499001996007984,0.7270285823901784,sisron
26.153846153846153,55.61538461538461,1.3132008271694808,1.3132008271694808,0.5,0.6801505174035748,sisron
26.06382978723404,55.70940170940171,1.3226148185311073,1.3169866703671451,0.4989339019189765,0.6803402745159438,sisron
25.945833333333333,55.17916666666667,1.3468804969031527,1.3468804969031527,0.5,0.6801746276322548,sisron
25.879310344827587,55.168103448275865,1.2990537310811865,1.2990537310811865,0.5,0.6806892517151518,sisron
25.809322033898304,54.860169491525426,1.3274934136538652,1.3274934136538652,0.5,0.6800609307700388,sisron
25.843220338983052,55.220338983050844,1.3313596999191157,1.3313596999191157,0.5,0.6811980555119962,sisron
25.870535714285715,55.13392857142857,1.2556981233931845,1.2556981233931845,0.5,0.680628272251309,sisron
25.92982456140351,55.223684210526315,1.2796489193066583,1.2796489193066583,0.5,0.6804842457979787,sisron
25.796296296296298,55.092592592592595,1.2158127997426986,1.2158127997426986,0.5,0.6810897435897436,sisron
25.786363636363635,54.877272727272725,1.2249030049095566,1.2249030049095566,0.5,0.6803223261580075,sisron
25.84433962264151,55.18867924528302,1.1870909612863627,1.1870909612863627,0.5,0.6810640898771756,sisron
25.919431279620852,55.355450236966824,1.1750852584565348,1.1750852584565348,0.5,0.6810892763426439,sisron
25.91627906976744,54.48837209302326,1.2015625883679129,1.2015625883679129,0.5,0.6776768670098918,sisron
25.71291866028708,55.79425837320574,1.1689572429815793,1.1689572429815793,0.5,0.6845318461990021,sisron
25.91627906976744,55.40654205607477,1.2011365230427409,1.1955498415402166,0.4988344988344988,0.680302943370245,sisron
25.797169811320753,55.094339622641506,1.181629009394833,1.181629009394833,0.5,0.6810892763426439,sisron
25.661016949152543,54.7247191011236,1.2249837546782183,1.2319045668515414,0.5014084507042254,0.6819995799201848,sisron
27.25339366515837,77.1590909090909,1.2353646252318744,1.2297747400498296,0.4988662131519274,0.7381076615357858,sisron
25.797169811320753,55.094339622641506,1.182339466651737,1.182339466651737,0.5,0.6810892763426439,sisron
25.8,54.877272727272725,1.231824988271191,1.231824988271191,0.5,0.6802073356245423,sisron
25.96208530805687,54.55450236966825,1.1733819742946208,1.1733819742946208,0.5,0.6775560656895638,sisron
25.679425837320576,55.73684210526316,1.1709754407310722,1.1709754407310722,0.5,0.6845909732016925,sisron
26.15962441314554,55.0,1.190622497364256,1.190622497364256,0.5,0.6776768670098918,sisron
25.95169082125604,56.04326923076923,1.1512154283800997,1.1567768555703417,0.5012048192771085,0.6845381408186035,sisron
25.685446009389672,54.910377358490564,1.1933816126091754,1.1877788820335455,0.4988235294117647,0.6802828424497429,sisron
25.919431279620852,54.47867298578199,1.1764829143926716,1.1764829143926716,0.5,0.6776114124027353,sisron
25.690140845070424,55.732394366197184,1.1919424758590145,1.1919424758590145,0.5,0.6844836533471718,sisron
25.93867924528302,55.221698113207545,1.202938766486237,1.202938766486237,0.5,0.6804021852842032,sisron
25.797169811320753,55.094339622641506,1.180970755660477,1.180970755660477,0.5,0.6810892763426439,sisron
25.986547085201792,54.36322869955157,1.2465313162379419,1.2465313162379419,0.5,0.676582207835696,sisron
260.3448275862069,1008.074074074074,4.456662822673905,4.149306765937774,0.48214285714285715,0.7828462954440866,sisron
94.93333333333334,449.1818181818182,2.188692761535568,1.6050413584594168,0.4230769230769231,0.7762765121759623,sisron
399.6666666666667,681.2941176470588,2.1404109799591287,1.7327136504431042,0.4473684210526316,0.5798247809762203,sisron
0.5128983308042488,1406.9357798165138,59.28043491653107,88.24598885146735,0.598170731707317,0.9997551686221788,sisron
25.717703349282296,55.813397129186605,1.174345826661135,1.174345826661135,0.5,0.6845657276995305,sisron
25.797169811320753,55.094339622641506,1.1804598692793944,1.1804598692793944,0.5,0.6810892763426439,sisron
26.037383177570092,54.742990654205606,1.1955029286557395,1.1955029286557395,0.5,0.6776768670098918,sisron
25.72248803827751,55.813397129186605,1.1628478694651432,1.1628478694651432,0.5,0.6845255560119712,sisron
25.787037037037038,54.875,1.2046202402934856,1.2046202402934856,0.5,0.680307639327326,sisron
25.80952380952381,54.71176470588235,1.1878075284829235,1.2019480942981964,0.5029585798816568,0.6820415047297793,sisron
26.94273127753304,75.66079295154185,1.2688733026152488,1.2688733026152488,0.5,0.7374092997295093,sisron
25.966824644549764,54.573459715639814,1.180120295607926,1.180120295607926,0.5,0.6775920913263505,sisron
25.995348837209303,56.27441860465116,1.2018002286556044,1.2018002286556044,0.5,0.6840230664857531,sisron
26.14957264957265,55.623931623931625,1.3080093253539364,1.3080093253539364,0.5,0.6802194930755161,sisron
25.833333333333332,54.967592592592595,1.2025748531311926,1.2025748531311926,0.5,0.6802841918294849,sisron
25.797169811320753,55.094339622641506,1.1843660052576788,1.1843660052576788,0.5,0.6810892763426439,sisron
25.919431279620852,54.47867298578199,1.1781900090582367,1.1781900090582367,0.5,0.6776114124027353,sisron
25.71361502347418,55.779342723004696,1.1940774643780654,1.1940774643780654,0.5,0.6844682567116027,sisron
25.806603773584907,55.113207547169814,1.1878024947182046,1.1878024947182046,0.5,0.6810842320023317,sisron
25.906976744186046,55.13023255813953,1.2025350125375167,1.2025350125375167,0.5,0.680307639327326,sisron
25.828703703703702,55.157407407407405,1.213664555392097,1.213664555392097,0.5,0.6810724289715886,sisron
25.81132075471698,55.12264150943396,1.180992964367243,1.180992964367243,0.5,0.6810817111551463,sisron
64.0,444.22222222222223,10.082932156088216,7.562199117066161,0.42857142857142855,0.838858581619807,sisron
57.07692307692308,485.6,2.1163118666918743,1.6279322051475957,0.43478260869565216,0.8674526616648803,sisron
25.797169811320753,55.094339622641506,1.188456254214406,1.188456254214406,0.5,0.6810892763426439,sisron
25.824074074074073,55.148148148148145,1.206721957268177,1.206721957268177,0.5,0.6810748999428244,sisron
25.805555555555557,54.91203703703704,1.2039706015511764,1.2039706015511764,0.5,0.6802982506452538,sisron
25.797169811320753,55.094339622641506,1.1884033980692403,1.1884033980692403,0.5,0.6810892763426439,sisron
25.93953488372093,55.395348837209305,1.1997625661150533,1.1997625661150533,0.5,0.6810773717618802,sisron
25.82075471698113,55.14150943396226,1.1843055654925567,1.1843055654925567,0.5,0.6810766721044046,sisron
25.627906976744185,54.62307692307692,1.2124996641657502,1.2218988863685853,0.5019305019305019,0.682329201498991,sisron
27.186666666666667,76.12444444444445,1.2612669896113669,1.2612669896113669,0.5,0.7368466336846634,sisron
25.796296296296298,55.092592592592595,1.2108385321032056,1.2108385321032056,0.5,0.6810897435897436,sisron
25.839622641509433,55.179245283018865,1.1836655524630042,1.1836655524630042,0.5,0.6810666045645086,sisron
25.80188679245283,55.10377358490566,1.1836723877114934,1.1836723877114934,0.5,0.6810867537313433,sisron
25.796296296296298,55.092592592592595,1.2053220053183142,1.2053220053183142,0.5,0.6810897435897436,sisron
26.022831050228312,54.41552511415525,1.2224828730669721,1.2224828730669721,0.5,0.6764872842870118,sisron
25.68421052631579,55.74641148325359,1.1729711852874414,1.1729711852874414,0.5,0.6845878136200717,sisron
26.10747663551402,54.81308411214953,1.1934910575602395,1.1934910575602395,0.5,0.6773690593058844,sisron
25.699530516431924,55.751173708920184,1.194734988811871,1.194734988811871,0.5,0.684477491498069,sisron
25.82075471698113,55.14150943396226,1.1863442447186823,1.1863442447186823,0.5,0.6810766721044046,sisron
25.906976744186046,54.269767441860466,1.1983987339460482,1.1983987339460482,0.5,0.676876667826894,sisron
25.690140845070424,55.732394366197184,1.1906284857909983,1.1906284857909983,0.5,0.6844836533471718,sisron
25.830188679245282,55.160377358490564,1.1903094871511901,1.1903094871511901,0.5,0.6810716365754222,sisron
25.797169811320753,55.094339622641506,1.183694269546133,1.183694269546133,0.5,0.6810892763426439,sisron
25.805555555555557,55.111111111111114,1.206000980679356,1.206000980679356,0.5,0.681084792310333,sisron
25.94418604651163,55.46261682242991,1.2025026959772311,1.1969096601819882,0.4988344988344988,0.6802888748782026,sisron
25.797169811320753,55.094339622641506,1.1884448556830032,1.1884448556830032,0.5,0.6810892763426439,sisron
25.798076923076923,55.09615384615385,1.1788478536542317,1.1788478536542317,0.5,0.6810887911565434,sisron
25.64968152866242,54.68987341772152,1.2314414606228072,1.2392850368051183,0.5015873015873016,0.6821124092200821,sisron
27.37727272727273,77.1590909090909,1.2290607498645199,1.2290607498645199,0.5,0.7381076615357858,sisron
25.797169811320753,55.094339622641506,1.1843652559340354,1.1843652559340354,0.5,0.6810892763426439,sisron
26.03669724770642,55.38073394495413,1.213719745833416,1.213719745833416,0.5,0.6802073356245423,sisron
25.966824644549764,54.56398104265403,1.1796430614676512,1.1796430614676512,0.5,0.677554143126177,sisron
25.67464114832536,55.72727272727273,1.1723391107116874,1.1723391107116874,0.5,0.6845941338976077,sisron
25.797169811320753,55.094339622641506,1.185668818746299,1.185668818746299,0.5,0.6810892763426439,sisron
25.833333333333332,55.166666666666664,1.2101069674876046,1.2101069674876046,0.5,0.6810699588477366,sisron
25.919431279620852,55.15165876777251,1.186905148714672,1.186905148714672,0.5,0.680287618379516,sisron
25.797169811320753,55.094339622641506,1.1829644719359398,1.1829644719359398,0.5,0.6810892763426439,sisron
25.94418604651163,54.53488372093023,1.2011296052178433,1.2011296052178433,0.5,0.677628156967,sisron
25.817307692307693,55.76555023923445,1.1613527967427664,1.1669362236501835,0.5011990407673861,0.6845814977973568,sisron
25.797169811320753,55.094339622641506,1.1823340538310256,1.1823340538310256,0.5,0.6810892763426439,sisron
25.92093023255814,55.15813953488372,1.2192598850795744,1.2192598850795744,0.5,0.6803005966039468,sisron
25.830188679245282,55.160377358490564,1.184956819297713,1.184956819297713,0.5,0.6810716365754222,sisron
25.797169811320753,55.094339622641506,1.1822821023911931,1.1822821023911931,0.5,0.6810892763426439,sisron
25.928909952606634,55.113207547169814,1.1794589890767568,1.1850488421055567,0.5011820330969267,0.6810842320023317,sisron
25.833333333333332,55.166666666666664,1.2053288863492289,1.2053288863492289,0.5,0.6810699588477366,sisron
25.787735849056602,54.87264150943396,1.2035849670159557,1.2035849670159557,0.5,0.6802923976608187,sisron
25.80952380952381,55.03550295857988,1.170928342969186,1.1778981545344787,0.5014836795252225,0.6820415047297793,sisron
27.212669683257918,77.07727272727273,1.2525650450532453,1.2468973299172577,0.4988662131519274,0.738191632928475,sisron
25.841346153846153,55.18269230769231,1.1720203050289186,1.1720203050289186,0.5,0.6810656856346051,sisron
25.797169811320753,55.094339622641506,1.1830161670031543,1.1830161670031543,0.5,0.6810892763426439,sisron
25.8,54.877272727272725,1.2311235122799344,1.2311235122799344,0.5,0.6802073356245423,sisron
25.84433962264151,55.18867924528302,1.1864336811710146,1.1864336811710146,0.5,0.6810640898771756,sisron
25.797169811320753,55.094339622641506,1.1809808411551168,1.1809808411551168,0.5,0.6810892763426439,sisron
25.798076923076923,55.09615384615385,1.1747905504799905,1.1747905504799905,0.5,0.6810887911565434,sisron
25.962790697674418,54.57209302325582,1.195387312028726,1.195387312028726,0.5,0.6776205602079122,sisron
25.787735849056602,55.75471698113208,1.1809809729107745,1.1809809729107745,0.5,0.6837507953953839,sisron
25.92270531400966,55.36231884057971,1.1731839524838064,1.1731839524838064,0.5,0.6810887911565434,sisron
25.948837209302326,54.544186046511626,1.1997583872304391,1.1997583872304391,0.5,0.6776262567895528,sisron
25.688995215311003,55.75598086124402,1.1676047963686953,1.1676047963686953,0.5,0.684584655152156,sisron
25.797169811320753,55.094339622641506,1.1809903339117955,1.1809903339117955,0.5,0.6810892763426439,sisron
25.93953488372093,54.52558139534884,1.2004479313367407,1.2004479313367407,0.5,0.6776300578034682,sisron
25.690140845070424,55.539906103286384,1.1899491995774725,1.1899491995774725,0.5,0.6837359842792741,sisron
25.797169811320753,55.094339622641506,1.1816625931098597,1.1816625931098597,0.5,0.6810892763426439,sisron
25.807692307692307,55.11538461538461,1.1781959655190575,1.1781959655190575,0.5,0.6810836501901141,sisron
25.833333333333332,55.166666666666664,1.2067076732361957,1.2067076732361957,0.5,0.6810699588477366,sisron
25.662983425414364,54.73076923076923,1.1917302283232754,1.1983143732311388,0.5013774104683195,0.6819800082158017,sisron
27.06637168141593,75.78761061946902,1.2588369448060983,1.2588369448060983,0.5,0.7368466336846634,sisron
25.824074074074073,55.148148148148145,1.208023619129966,1.208023619129966,0.5,0.6810748999428244,sisron
26.0,54.77619047619048,1.1613241240784526,1.1724907021945916,0.5023923444976076,0.6802081485423689,sisron
25.739336492890995,55.45238095238095,1.172710030010892,1.167152162570082,0.498812351543943,0.6819512766455844,sisron
25.934883720930234,54.51627906976744,1.20315586185614,1.20315586185614,0.5,0.6776319592993004,sisron
25.694835680751172,55.54929577464789,1.1879622139438912,1.1879622139438912,0.5,0.6837330251372435,sisron
25.796296296296298,55.092592592592595,1.2046194218150128,1.2046194218150128,0.5,0.6810897435897436,sisron
25.807692307692307,55.11538461538461,1.1795207306701037,1.1795207306701037,0.5,0.6810836501901141,sisron
25.833333333333332,55.166666666666664,1.2025014364599542,1.2025014364599542,0.5,0.6810699588477366,sisron
25.797169811320753,55.094339622641506,1.1870511257102878,1.1870511257102878,0.5,0.6810892763426439,sisron
25.787735849056602,54.87264150943396,1.2021996557569663,1.2021996557569663,0.5,0.6802923976608187,sisron
25.84259259259259,55.18518518518518,1.2032761860983598,1.2032761860983598,0.5,0.6810650211404411,sisron
25.798076923076923,55.09615384615385,1.1788844010085648,1.1788844010085648,0.5,0.6810887911565434,sisron
25.797169811320753,55.094339622641506,1.190492214110108,1.190492214110108,0.5,0.6810892763426439,sisron
25.962790697674418,54.58139534883721,1.1977082468320321,1.1977082468320321,0.5,0.6776577929202517,sisron
25.666666666666668,55.48356807511737,1.194737949414719,1.194737949414719,0.5,0.6837142030662424,sisron
25.919431279620852,54.47867298578199,1.1771663742818685,1.1771663742818685,0.5,0.6776114124027353,sisron
25.71291866028708,55.79425837320574,1.1628994315281167,1.1628994315281167,0.5,0.6845318461990021,sisron
25.670520231213874,54.741379310344826,1.2153033528190254,1.2223282276908116,0.5014409221902018,0.6820134612630675,sisron
27.331818181818182,75.88235294117646,1.2248581923348538,1.2304257295727397,0.5011337868480725,0.736075143747531,sisron
269.64285714285717,997.5185185185185,4.207406464789421,4.057141948189798,0.4909090909090909,0.7810515326392715,sisron
25.68075117370892,55.48356807511737,1.192729350496156,1.192729350496156,0.5,0.6835955576122166,sisron
25.830188679245282,55.160377358490564,1.2035810847937858,1.2035810847937858,0.5,0.6810716365754222,sisron
25.933649289099527,54.507109004739334,1.176788010200138,1.176788010200138,0.5,0.677605608908266,sisron
25.798076923076923,55.717703349282296,1.1640278730707407,1.1696241609220424,0.5011990407673861,0.6845570513197343,sisron
25.817307692307693,55.13461538461539,1.1741120963925218,1.1741120963925218,0.5,0.6810785128875163,sisron
25.931506849315067,54.337899543378995,1.2248875957589913,1.2248875957589913,0.5,0.6769440810057455,sisron
25.67464114832536,55.717703349282296,1.163614686507468,1.163614686507468,0.5,0.6845570513197343,sisron
25.802884615384617,55.10576923076923,1.1802239196608062,1.1802239196608062,0.5,0.6810862202151049,sisron
25.837962962962962,55.175925925925924,1.2012142598517048,1.2012142598517048,0.5,0.6810674895708326,sisron
25.797169811320753,55.094339622641506,1.184310308643464,1.184310308643464,0.5,0.6810892763426439,sisron
25.906976744186046,54.269767441860466,1.1977029289565566,1.1977029289565566,0.5,0.676876667826894,sisron
25.84433962264151,56.32701421800948,1.1884846720737574,1.1828786122998245,0.4988179669030733,0.6844621055056439,sisron
25.797169811320753,55.094339622641506,1.189756932173225,1.189756932173225,0.5,0.6810892763426439,sisron
25.919431279620852,54.47867298578199,1.1787903371511,1.1787903371511,0.5,0.6776114124027353,sisron
25.84433962264151,56.06132075471698,1.1823539147080644,1.1823539147080644,0.5,0.6844621055056439,sisron
25.797169811320753,55.094339622641506,1.1898281461162585,1.1898281461162585,0.5,0.6810892763426439,sisron
25.90995260663507,55.132701421800945,1.1930648673546282,1.1930648673546282,0.5,0.6802923976608187,sisron
25.67027027027027,54.74731182795699,1.1830986635331326,1.1894937914441226,0.5013477088948787,0.6819582105545138,sisron
27.34375,76.75446428571429,1.2464197987127033,1.2464197987127033,0.5,0.7373273865683163,sisron
25.798076923076923,55.09615384615385,1.179567539528972,1.179567539528972,0.5,0.6810887911565434,sisron
25.797169811320753,55.094339622641506,1.1816235873749101,1.1816235873749101,0.5,0.6810892763426439,sisron
26.202764976958527,54.62385321100918,1.2108931588613163,1.2164733116671287,0.5011494252873563,0.6768216437421848,sisron
25.552380952380954,55.717703349282296,1.1698894916286104,1.1643185892875219,0.4988066825775656,0.6845570513197343,sisron
26.042857142857144,54.47867298578199,1.172524364342376,1.1781078136963872,0.501187648456057,0.6776114124027353,sisron
25.83823529411765,56.083333333333336,1.152792744712738,1.152792744712738,0.5,0.684597893729057,sisron
25.806603773584907,55.113207547169814,1.1973625525457028,1.1973625525457028,0.5,0.6810842320023317,sisron
25.787735849056602,54.87264150943396,1.1994518258960223,1.1994518258960223,0.5,0.6802923976608187,sisron
25.82547169811321,55.15094339622642,1.1836095262543602,1.1836095262543602,0.5,0.6810741538999243,sisron
25.934883720930234,54.52558139534884,1.1977018472526975,1.1977018472526975,0.5,0.6776692294352274,sisron
25.67464114832536,55.717703349282296,1.1675961946346818,1.1675961946346818,0.5,0.6845570513197343,sisron
25.8125,55.125,1.1754583098490547,1.1754583098490547,0.5,0.6810810810810811,sisron
25.818181818181817,54.94090909090909,1.2311096443204876,1.2311096443204876,0.5,0.6803061856250352,sisron
25.798076923076923,55.09615384615385,1.1768236024908632,1.1768236024908632,0.5,0.6810887911565434,sisron
25.92270531400966,55.09615384615385,1.1711645897314682,1.176822389681862,0.5012048192771085,0.6810887911565434,sisron
25.846153846153847,55.19230769230769,1.1768299539044806,1.1768299539044806,0.5,0.6810631229235881,sisron
25.796296296296298,55.092592592592595,1.2039540066515024,1.2039540066515024,0.5,0.6810897435897436,sisron
25.791666666666668,54.78756476683938,1.2072621872592584,1.2135500111512336,0.5012987012987012,0.6810511400231869,sisron
27.23076923076923,75.57657657657657,1.2346586890950926,1.2402453799959754,0.5011286681715575,0.7360063168977014,sisron
25.822115384615383,56.04326923076923,1.1782626544975672,1.1782626544975672,0.5,0.6845783415550858,sisron
25.919431279620852,55.094339622641506,1.1740801192653516,1.1796444800201638,0.5011820330969267,0.6810892763426439,sisron
26.052380952380954,54.74761904761905,1.1718599526813316,1.1718599526813316,0.5,0.6775695426685525,sisron
25.71889400921659,55.30275229357798,1.209855320220001,1.2154306903592638,0.5011494252873563,0.6835629642229404,sisron
25.798076923076923,55.09615384615385,1.1781912207212202,1.1781912207212202,0.5,0.6810887911565434,sisron
25.798076923076923,55.09615384615385,1.1754727318060405,1.1754727318060405,0.5,0.6810887911565434,sisron
25.966824644549764,54.573459715639814,1.1734181572093998,1.1734181572093998,0.5,0.6775920913263505,sisron
25.676056338028168,55.70422535211268,1.1865636937770303,1.1865636937770303,0.5,0.6844929041190724,sisron
25.787735849056602,54.87264150943396,1.2000776197146301,1.2000776197146301,0.5,0.6802923976608187,sisron
26.149532710280372,55.73831775700935,1.2128782454690799,1.2128782454690799,0.5,0.6806665144944076,sisron
25.81132075471698,55.12264150943396,1.196682819805844,1.196682819805844,0.5,0.6810817111551463,sisron
25.797169811320753,55.094339622641506,1.181659890576355,1.181659890576355,0.5,0.6810892763426439,sisron
25.817307692307693,55.13461538461539,1.1760849759997252,1.1760849759997252,0.5,0.6810785128875163,sisron
25.814814814814813,54.93055555555556,1.210168521008137,1.210168521008137,0.5,0.6802935611490167,sisron
25.797169811320753,55.094339622641506,1.1809851498940678,1.1809851498940678,0.5,0.6810892763426439,sisron
25.928909952606634,54.48815165876777,1.178785636252986,1.178785636252986,0.5,0.6775695426685525,sisron
25.71291866028708,55.803827751196174,1.1689955502467075,1.1689955502467075,0.5,0.6845688794975642,sisron
25.66839378238342,54.74742268041237,1.2159428903927787,1.222243112622793,0.5012919896640827,0.6819261637239166,sisron
27.331818181818182,77.06818181818181,1.227658670344029,1.227658670344029,0.5,0.7382009752699408,sisron
25.826923076923077,55.15384615384615,1.1788778999601168,1.1788778999601168,0.5,0.6810733792448349,sisron
25.934883720930234,55.38604651162791,1.1997473798876073,1.1997473798876073,0.5,0.6810798444291924,sisron
25.798076923076923,55.09615384615385,1.1802573046417197,1.1802573046417197,0.5,0.6810887911565434,sisron
25.816037735849058,55.132075471698116,1.18231723871575,1.18231723871575,0.5,0.6810791911893246,sisron
25.824074074074073,55.148148148148145,1.2059955063102792,1.2059955063102792,0.5,0.6810748999428244,sisron
25.797169811320753,55.094339622641506,1.1850504246103586,1.1850504246103586,0.5,0.6810892763426439,sisron
25.81132075471698,55.12264150943396,1.1822867491764366,1.1822867491764366,0.5,0.6810817111551463,sisron
25.95260663507109,54.54502369668246,1.1791724159436905,1.1791724159436905,0.5,0.6775978804827789,sisron
25.676056338028168,55.70422535211268,1.1878696763188625,1.1878696763188625,0.5,0.6844929041190724,sisron
25.80188679245283,55.10377358490566,1.1823197383146253,1.1823197383146253,0.5,0.6810867537313433,sisron
25.966183574879228,55.18269230769231,1.1738912167386222,1.1795621888001615,0.5012048192771085,0.6810656856346051,sisron
25.796296296296298,55.092592592592595,1.2066152747929162,1.2066152747929162,0.5,0.6810897435897436,sisron
25.919431279620852,54.47867298578199,1.1760930719643106,1.1760930719643106,0.5,0.6776114124027353,sisron
25.72248803827751,55.813397129186605,1.1662025248403791,1.1662025248403791,0.5,0.6845255560119712,sisron
25.796296296296298,55.092592592592595,1.2052446083532666,1.2052446083532666,0.5,0.6810897435897436,sisron
25.797169811320753,55.094339622641506,1.1911157931700465,1.1911157931700465,0.5,0.6810892763426439,sisron
25.84433962264151,55.18867924528302,1.1924460310864256,1.1924460310864256,0.5,0.6810640898771756,sisron
25.664864864864864,54.736559139784944,1.191578086443717,1.1980190490731426,0.5013477088948787,0.6819612834081318,sisron
27.061946902654867,75.17699115044248,1.2632678548937153,1.2632678548937153,0.5,0.7353068467064832,sisron
25.810185185185187,56.23720930232558,1.219311593298927,1.2136666322188392,0.4988399071925754,0.6844220536624024,sisron
25.825892857142858,55.151785714285715,1.2592534455906135,1.2592534455906135,0.5,0.6810739291030377,sisron
25.90748898678414,55.575221238938056,1.2732405807198317,1.2676315913774536,0.4988962472406181,0.681091047123258,sisron
25.839285714285715,55.17857142857143,1.2614884644766313,1.2614884644766313,0.5,0.6810667842186466,sisron
25.794642857142858,55.089285714285715,1.2592592870584083,1.2592592870584083,0.5,0.6810906281046473,sisron
25.80701754385965,55.1140350877193,1.2839684918350631,1.2839684918350631,0.5,0.6810840108401084,sisron
25.825892857142858,55.151785714285715,1.2585921524203751,1.2585921524203751,0.5,0.6810739291030377,sisron
25.91031390134529,55.336322869955154,1.2514846365826318,1.2514846365826318,0.5,0.6810906281046473,sisron
25.839285714285715,55.17857142857143,1.2592674712805483,1.2592674712805483,0.5,0.6810667842186466,sisron
25.79385964912281,55.08771929824562,1.2839632994464067,1.2839632994464067,0.5,0.681091047123258,sisron
25.808035714285715,55.11607142857143,1.2585878176839327,1.2585878176839327,0.5,0.6810834666519556,sisron
25.827272727272728,55.154545454545456,1.24401834959357,1.24401834959357,0.5,0.681073192635833,sisron
25.797169811320753,55.094339622641506,1.1994550230087697,1.1994550230087697,0.5,0.6810892763426439,sisron
25.933649289099527,54.497630331753555,1.1768002156338664,1.1768002156338664,0.5,0.6775676153438218,sisron
25.708133971291865,55.79425837320574,1.166284361011438,1.166284361011438,0.5,0.6845720324057767,sisron
25.796296296296298,55.092592592592595,1.2081165765493316,1.2081165765493316,0.5,0.6810897435897436,sisron
25.80188679245283,55.10377358490566,1.1823055410478942,1.1823055410478942,0.5,0.6810867537313433,sisron
25.2972972972973,53.6578947368421,1.3230053111090325,1.3587622114092766,0.5066666666666667,0.6853781512605042,sisron
27.110091743119266,77.47685185185185,1.2370019621459178,1.2256533202913682,0.4976958525345622,0.7390152351512476,sisron
25.796296296296298,55.092592592592595,1.2046406177227373,1.2046406177227373,0.5,0.6810897435897436,sisron
25.83490566037736,55.16981132075472,1.18363245824534,1.18363245824534,0.5,0.6810691201304373,sisron
25.807692307692307,55.11538461538461,1.1754280005025095,1.1754280005025095,0.5,0.6810836501901141,sisron
25.797169811320753,55.094339622641506,1.1849977383169232,1.1849977383169232,0.5,0.6810892763426439,sisron
25.82075471698113,55.14150943396226,1.2008392473705536,1.2008392473705536,0.5,0.6810766721044046,sisron
25.94312796208531,54.5260663507109,1.1764283390042038,1.1764283390042038,0.5,0.6776017433299959,sisron
37.68181818181818,356.14285714285717,123.14867708979774,117.55100994935239,0.4883720930232558,0.9002166586422725,sisron
2.0668316831683167,1371.427258805513,424.8409173361039,686.6859381694948,0.6177861873226111,0.9990684723057375,sisron
25.67464114832536,55.717703349282296,1.1669336946927984,1.1669336946927984,0.5,0.6845570513197343,sisron
25.810185185185187,55.120370370370374,1.2046290610312882,1.2046290610312882,0.5,0.6810823179451977,sisron
25.95260663507109,54.54502369668246,1.1774210188747811,1.1774210188747811,0.5,0.6775978804827789,sisron
25.67464114832536,55.717703349282296,1.1722937769519324,1.1722937769519324,0.5,0.6845570513197343,sisron
25.800925925925927,55.101851851851855,1.2032599107795667,1.2032599107795667,0.5,0.6810872675250358,sisron
25.839622641509433,55.179245283018865,1.1809785385728924,1.1809785385728924,0.5,0.6810666045645086,sisron
25.919431279620852,54.47867298578199,1.1787686652865383,1.1787686652865383,0.5,0.6776114124027353,sisron
25.67464114832536,55.717703349282296,1.169664470572348,1.169664470572348,0.5,0.6845570513197343,sisron
25.84259259259259,55.18518518518518,1.2066428713430764,1.2066428713430764,0.5,0.6810650211404411,sisron
25.797169811320753,55.094339622641506,1.1836221351944631,1.1836221351944631,0.5,0.6810892763426439,sisron
251.66666666666666,961.1785714285714,4.578704229649004,4.2734572810057365,0.4827586206896552,0.7809244697211503,sisron
25.797169811320753,55.094339622641506,1.1857712667139144,1.1857712667139144,0.5,0.6810892763426439,sisron
25.687830687830687,54.78421052631579,1.2182571731155873,1.224702978264347,0.5013192612137203,0.6819313417190775,sisron
27.35909090909091,77.12272727272727,1.2234874851498247,1.2234874851498247,0.5,0.7381449578004002,sisron
26.164319248826292,56.136792452830186,1.1906049798957825,1.1850152851544877,0.4988235294117647,0.6810690168249971,sisron
25.810185185185187,55.11574074074074,1.2270820269105471,1.2270820269105471,0.5,0.6810640732265446,sisron
25.95734597156398,54.81428571428572,1.172759085814698,1.1672009858819268,0.498812351543943,0.6775959500824111,sisron
25.67464114832536,55.45238095238095,1.1645697213439221,1.1701418252737974,0.5011933174224343,0.6845570513197343,sisron
25.797169811320753,55.094339622641506,1.1870816618006006,1.1870816618006006,0.5,0.6810892763426439,sisron
25.962790697674418,55.18518518518518,1.196980407657563,1.202547758390854,0.5011600928074246,0.6810650211404411,sisron
25.798076923076923,55.09615384615385,1.1775212467844827,1.1775212467844827,0.5,0.6810887911565434,sisron
25.919431279620852,54.47867298578199,1.1764908641145178,1.1764908641145178,0.5,0.6776114124027353,sisron
25.72300469483568,55.798122065727696,1.1858531325769865,1.1858531325769865,0.5,0.6844621055056439,sisron
25.919431279620852,54.47867298578199,1.1787546448641157,1.1787546448641157,0.5,0.6776114124027353,sisron
25.798076923076923,55.98557692307692,1.1626861232706098,1.1626861232706098,0.5,0.6845570513197343,sisron
25.953488372093023,55.42325581395349,1.1963123673230052,1.1963123673230052,0.5,0.6810699588477366,sisron
25.806603773584907,55.113207547169814,1.1816439520043938,1.1816439520043938,0.5,0.6810842320023317,sisron
25.798076923076923,55.09615384615385,1.176820260922369,1.176820260922369,0.5,0.6810887911565434,sisron
25.9478672985782,54.5260663507109,1.1757996446808394,1.1757996446808394,0.5,0.6775618374558304,sisron
25.816037735849058,56.014150943396224,1.182932913504766,1.182932913504766,0.5,0.6845169471985243,sisron
25.798076923076923,55.09615384615385,1.1760899083736942,1.1760899083736942,0.5,0.6810887911565434,sisron
25.666666666666668,54.742105263157896,1.186077386633688,1.1923529283619085,0.5013192612137203,0.6819433516915814,sisron
27.106194690265486,75.2566371681416,1.2610169976028547,1.2610169976028547,0.5,0.7351949511541455,sisron
25.67464114832536,55.72727272727273,1.1662619334315494,1.1662619334315494,0.5,0.6845941338976077,sisron
26.042857142857144,54.73809523809524,1.1704927013261095,1.1704927013261095,0.5,0.6776114124027353,sisron
25.708920187793428,55.76995305164319,1.1913201288513835,1.1913201288513835,0.5,0.6844713339095362,sisron
25.8125,55.125,1.1761186441194136,1.1761186441194136,0.5,0.6810810810810811,sisron
25.797169811320753,55.094339622641506,1.182924319541617,1.182924319541617,0.5,0.6810892763426439,sisron
25.94312796208531,54.51658767772512,1.176509566638107,1.176509566638107,0.5,0.6775637627378217,sisron
25.699530516431924,55.76056338028169,1.1954099751015452,1.1954099751015452,0.5,0.6845138608725722,sisron
25.919431279620852,54.47867298578199,1.176078400872878,1.176078400872878,0.5,0.6776114124027353,sisron
25.68421052631579,55.73684210526316,1.1642711892584323,1.1642711892584323,0.5,0.6845507433742728,sisron
25.833333333333332,55.166666666666664,1.204635436004832,1.204635436004832,0.5,0.6810699588477366,sisron
25.919431279620852,55.355450236966824,1.1781656034909027,1.1781656034909027,0.5,0.6810892763426439,sisron
25.924170616113745,54.47867298578199,1.1780991504994085,1.1780991504994085,0.5,0.677571470674919,sisron
25.718309859154928,55.798122065727696,1.19208028875607,1.19208028875607,0.5,0.6845015262339458,sisron
25.798076923076923,55.09615384615385,1.176789533668788,1.176789533668788,0.5,0.6810887911565434,sisron
25.797169811320753,55.094339622641506,1.1830294227956544,1.1830294227956544,0.5,0.6810892763426439,sisron
25.84433962264151,55.18867924528302,1.1843750887131714,1.1843750887131714,0.5,0.6810640898771756,sisron
25.797169811320753,55.094339622641506,1.1995055820468632,1.1995055820468632,0.5,0.6810892763426439,sisron
25.66839378238342,54.74742268041237,1.1890309440955584,1.195191726189318,0.5012919896640827,0.6819261637239166,sisron
27.226244343891402,77.10454545454546,1.23042261166358,1.2248550885338805,0.4988662131519274,0.7381636205395996,sisron
25.9478672985782,55.41232227488152,1.1923673541216455,1.1923673541216455,0.5,0.6810741538999243,sisron
25.798076923076923,55.09615384615385,1.1802527380255812,1.1802527380255812,0.5,0.6810887911565434,sisron
25.924170616113745,54.47867298578199,1.174082387120554,1.174082387120554,0.5,0.677571470674919,sisron
25.718309859154928,55.798122065727696,1.1858317965274874,1.1858317965274874,0.5,0.6845015262339458,sisron
25.798076923076923,55.09615384615385,1.1795628107899887,1.1795628107899887,0.5,0.6810887911565434,sisron
25.797169811320753,55.094339622641506,1.1809272064961949,1.1809272064961949,0.5,0.6810892763426439,sisron
25.966824644549764,54.573459715639814,1.179177410588742,1.179177410588742,0.5,0.6775920913263505,sisron
25.67464114832536,55.717703349282296,1.1742643984018915,1.1742643984018915,0.5,0.6845570513197343,sisron
25.797169811320753,55.094339622641506,1.1836864444952737,1.1836864444952737,0.5,0.6810892763426439,sisron
25.956521739130434,55.16346153846154,1.1711759613340922,1.1768338162197642,0.5012048192771085,0.6810708137947409,sisron
25.930232558139537,54.51627906976744,1.1956567352697596,1.1956567352697596,0.5,0.6776711378353376,sisron
25.67464114832536,55.717703349282296,1.1662716621844746,1.1662716621844746,0.5,0.6845570513197343,sisron
25.817307692307693,55.13461538461539,1.1788797573952141,1.1788797573952141,0.5,0.6810785128875163,sisron
25.82547169811321,55.15094339622642,1.198063772913065,1.198063772913065,0.5,0.6810741538999243,sisron
25.919431279620852,54.47867298578199,1.1760897804316042,1.1760897804316042,0.5,0.6776114124027353,sisron
25.679425837320576,55.72727272727273,1.1702886499438938,1.1702886499438938,0.5,0.6845538967908781,sisron
25.96208530805687,54.56398104265403,1.1788133004939145,1.1788133004939145,0.5,0.677594020363722,sisron
25.552380952380954,55.38388625592417,1.1986265873103663,1.204334332964225,0.501187648456057,0.6853155055125498,sisron
26.96412556053812,76.03139013452915,1.2486320062099021,1.2486320062099021,0.5,0.7382009752699408,sisron
25.84433962264151,55.18867924528302,1.1870936934738117,1.1870936934738117,0.5,0.6810640898771756,sisron
25.796296296296298,55.092592592592595,1.212267324541481,1.212267324541481,0.5,0.6810897435897436,sisron
25.797169811320753,55.094339622641506,1.1850013815604934,1.1850013815604934,0.5,0.6810892763426439,sisron
25.841346153846153,55.18269230769231,1.1781944443791703,1.1781944443791703,0.5,0.6810656856346051,sisron
25.800925925925927,55.101851851851855,1.2074106035740255,1.2074106035740255,0.5,0.6810872675250358,sisron
25.797169811320753,55.094339622641506,1.181669204240442,1.181669204240442,0.5,0.6810892763426439,sisron
25.83490566037736,55.16981132075472,1.18839851407279,1.18839851407279,0.5,0.6810691201304373,sisron
25.806603773584907,55.113207547169814,1.188450353191546,1.188450353191546,0.5,0.6810842320023317,sisron
25.796296296296298,55.092592592592595,1.206001385238808,1.206001385238808,0.5,0.6810897435897436,sisron
25.830188679245282,55.160377358490564,1.181591351486844,1.181591351486844,0.5,0.6810716365754222,sisron
25.933649289099527,54.507109004739334,1.1760653289527603,1.1760653289527603,0.5,0.677605608908266,sisron
26.042857142857144,56.770334928229666,1.1765958347663126,1.1709929974579014,0.4988066825775656,0.6844929041190724,sisron
25.82075471698113,55.14150943396226,1.1897970403100344,1.1897970403100344,0.5,0.6810766721044046,sisron
25.82075471698113,55.14150943396226,1.185032289232301,1.185032289232301,0.5,0.6810766721044046,sisron
25.796296296296298,55.092592592592595,1.2039554882060917,1.2039554882060917,0.5,0.6810897435897436,sisron
25.938388625592417,55.132075471698116,1.1776131914925563,1.183194296665507,0.5011820330969267,0.6810791911893246,sisron
26.37962962962963,56.23148148148148,1.210497481018704,1.210497481018704,0.5,0.6806769782559964,sisron
25.8109756097561,55.03636363636364,1.1898178783076514,1.197072865370503,0.5015197568389058,0.6820639927895449,sisron
26.82456140350877,75.32894736842105,1.2722925670940861,1.2722925670940861,0.5,0.7374092997295093,sisron
25.938388625592417,54.507109004739334,1.1758231477815988,1.1758231477815988,0.5,0.6775656887003653,sisron
25.70334928229665,55.78468899521531,1.164286600184677,1.164286600184677,0.5,0.6845751864247549,sisron
25.796296296296298,55.092592592592595,1.207419991423486,1.207419991423486,0.5,0.6810897435897436,sisron
25.928909952606634,54.48815165876777,1.1778469511219334,1.1778469511219334,0.5,0.6775695426685525,sisron
25.71291866028708,55.803827751196174,1.166284652727721,1.166284652727721,0.5,0.6845688794975642,sisron
25.796296296296298,55.092592592592595,1.203222564231021,1.203222564231021,0.5,0.6810897435897436,sisron
26.042857142857144,55.0,1.1738755487411128,1.1682856651756788,0.4988066825775656,0.6776114124027353,sisron
25.72248803827751,55.813397129186605,1.1723511439677616,1.1723511439677616,0.5,0.6845255560119712,sisron
25.919431279620852,54.47867298578199,1.1774338311465715,1.1774338311465715,0.5,0.6776114124027353,sisron
25.797169811320753,56.23222748815166,1.1857232834309788,1.1801302490751724,0.4988179669030733,0.6844929041190724,sisron
25.841346153846153,55.18269230769231,1.1816210863703938,1.1816210863703938,0.5,0.6810656856346051,sisron
25.80188679245283,55.10377358490566,1.1877565887255563,1.1877565887255563,0.5,0.6810867537313433,sisron
25.91627906976744,55.60747663551402,1.2080402130360632,1.2024214213475235,0.4988344988344988,0.6810897435897436,sisron
25.956521739130434,55.429951690821255,1.1732040333841876,1.1732040333841876,0.5,0.6810708137947409,sisron
25.81132075471698,55.12264150943396,1.1836876814325947,1.1836876814325947,0.5,0.6810817111551463,sisron
25.796296296296298,55.092592592592595,1.2080995159667225,1.2080995159667225,0.5,0.6810897435897436,sisron
25.82547169811321,55.15094339622642,1.181657453438786,1.181657453438786,0.5,0.6810741538999243,sisron
25.686486486486487,54.77956989247312,1.1924578259148024,1.1989035438927205,0.5013477088948787,0.6819489993976307,sisron
27.331818181818182,77.06818181818181,1.2337798961339534,1.2337798961339534,0.5,0.7382009752699408,sisron
25.796296296296298,55.092592592592595,1.2086563085194848,1.2086563085194848,0.5,0.6810897435897436,sisron
25.84433962264151,55.18867924528302,1.184281277748171,1.184281277748171,0.5,0.6810640898771756,sisron
25.797169811320753,55.094339622641506,1.1836303170482827,1.1836303170482827,0.5,0.6810892763426439,sisron
25.91627906976744,54.48837209302326,1.1983418508802055,1.1983418508802055,0.5,0.6776768670098918,sisron
25.841346153846153,55.803827751196174,1.1633878651072176,1.1689810759971562,0.5011990407673861,0.6845287005517079,sisron
26.047619047619047,55.36492890995261,1.1731494371536437,1.1787358630448515,0.501187648456057,0.6810867537313433,sisron
25.797169811320753,55.094339622641506,1.1973826700011982,1.1973826700011982,0.5,0.6810892763426439,sisron
25.830188679245282,55.160377358490564,1.181648523111452,1.181648523111452,0.5,0.6810716365754222,sisron
25.81132075471698,55.12264150943396,1.1863876703910394,1.1863876703910394,0.5,0.6810817111551463,sisron
25.92270531400966,55.09615384615385,1.173166498971544,1.1788339699810684,0.5012048192771085,0.6810887911565434,sisron
25.93953488372093,55.654205607476634,1.203805165770563,1.1982060719762815,0.4988344988344988,0.6810773717618802,sisron
25.94312796208531,54.5260663507109,1.179153589387361,1.179153589387361,0.5,0.6776017433299959,sisron
25.67464114832536,55.717703349282296,1.1749647281529993,1.1749647281529993,0.5,0.6845570513197343,sisron
25.810185185185187,55.120370370370374,1.208699195327594,1.208699195327594,0.5,0.6810823179451977,sisron
25.83173076923077,55.16346153846154,1.1781709197189782,1.1781709197189782,0.5,0.6810708137947409,sisron
25.797169811320753,55.094339622641506,1.188415782158233,1.188415782158233,0.5,0.6810892763426439,sisron
25.800925925925927,55.101851851851855,1.2082167265685948,1.2082167265685948,0.5,0.6810872675250358,sisron
25.69060773480663,54.785714285714285,1.191926695828341,1.1985119261920334,0.5013774104683195,0.6819642979276384,sisron
27.474885844748858,77.10454545454546,1.2292319578193813,1.234844889133625,0.5011389521640092,0.7381636205395996,sisron
25.797169811320753,55.094339622641506,1.1789585700880336,1.1789585700880336,0.5,0.6810892763426439,sisron
25.9,55.17272727272727,1.2311714784795542,1.2311714784795542,0.5,0.6805337519623234,sisron
25.822115384615383,55.14423076923077,1.1727141953543825,1.1727141953543825,0.5,0.6810759456089306,sisron
25.798076923076923,55.09615384615385,1.1761476603393017,1.1761476603393017,0.5,0.6810887911565434,sisron
26.046728971962615,54.75233644859813,1.1942403594735091,1.1942403594735091,0.5,0.6776357642704297,sisron
25.71291866028708,55.803827751196174,1.164274192238547,1.164274192238547,0.5,0.6845688794975642,sisron
25.797169811320753,55.094339622641506,1.182334975091812,1.182334975091812,0.5,0.6810892763426439,sisron
25.91627906976744,54.48837209302326,1.2024839719928258,1.2024839719928258,0.5,0.6776768670098918,sisron
25.72248803827751,55.813397129186605,1.1668841150506841,1.1668841150506841,0.5,0.6845255560119712,sisron
25.797169811320753,55.094339622641506,1.1823078488076082,1.1823078488076082,0.5,0.6810892763426439,sisron
25.919431279620852,54.47867298578199,1.1778141750773576,1.1778141750773576,0.5,0.6776114124027353,sisron
25.72300469483568,55.798122065727696,1.1926646416351856,1.1926646416351856,0.5,0.6844621055056439,sisron
25.797169811320753,55.094339622641506,1.1829902307685374,1.1829902307685374,0.5,0.6810892763426439,sisron
25.919431279620852,54.73809523809524,1.1787712982742855,1.1731847044436017,0.498812351543943,0.6776114124027353,sisron
25.71361502347418,55.518691588785046,1.1860902355411258,1.1916587342995348,0.5011709601873536,0.6844682567116027,sisron
25.806603773584907,55.113207547169814,1.182996963786962,1.182996963786962,0.5,0.6810842320023317,sisron
25.798076923076923,55.09615384615385,1.17886952086597,1.17886952086597,0.5,0.6810887911565434,sisron
25.666666666666668,54.742105263157896,1.1953515160828612,1.2016761272790668,0.5013192612137203,0.6819433516915814,sisron
27.25339366515837,77.1590909090909,1.233217479678915,1.2276373100876077,0.4988662131519274,0.7381076615357858,sisron
25.798076923076923,55.09615384615385,1.1760538210313,1.1760538210313,0.5,0.6810887911565434,sisron
25.798076923076923,55.09615384615385,1.1795697484132932,1.1795697484132932,0.5,0.6810887911565434,sisron
25.95813953488372,54.562790697674416,1.1963384812264077,1.1963384812264077,0.5,0.6776224584103512,sisron
25.679425837320576,55.73684210526316,1.1649635028386893,1.1649635028386893,0.5,0.6845909732016925,sisron
25.798076923076923,55.09615384615385,1.1789030491086896,1.1789030491086896,0.5,0.6810887911565434,sisron
26.187793427230048,54.53488372093023,1.1845373169798235,1.1956597331016998,0.5023364485981309,0.677628156967,sisron
25.817307692307693,55.14423076923077,1.1580566105665158,1.1580566105665158,0.5,0.6811163895486936,sisron
25.67464114832536,55.717703349282296,1.1649511656082727,1.1649511656082727,0.5,0.6845570513197343,sisron
25.806603773584907,55.113207547169814,1.1966855560617915,1.1966855560617915,0.5,0.6810842320023317,sisron
25.83653846153846,55.17307692307692,1.181546082775604,1.181546082775604,0.5,0.6810682492581602,sisron
25.797169811320753,55.094339622641506,1.1796473548803528,1.1796473548803528,0.5,0.6810892763426439,sisron
25.919431279620852,54.47867298578199,1.1787822888093151,1.1787822888093151,0.5,0.6776114124027353,sisron
25.84433962264151,56.06132075471698,1.1796176006771413,1.1796176006771413,0.5,0.6844621055056439,sisron
25.798076923076923,55.09615384615385,1.1726822934284864,1.1726822934284864,0.5,0.6810887911565434,sisron
25.919431279620852,54.47867298578199,1.1764855309231377,1.1764855309231377,0.5,0.6776114124027353,sisron
25.96208530805687,56.317535545023695,1.1740257027133973,1.1740257027133973,0.5,0.6844651805771557,sisron
25.802884615384617,55.10576923076923,1.1794891861049395,1.1794891861049395,0.5,0.6810862202151049,sisron
25.676056338028168,54.771028037383175,1.1912426414674817,1.1968353299250754,0.5011709601873536,0.6818499127399651,sisron
27.334821428571427,76.73660714285714,1.2463552320746252,1.2463552320746252,0.5,0.7373455730954015,sisron
25.8125,55.125,1.1788671154826211,1.1788671154826211,0.5,0.6810810810810811,sisron
26.033175355450236,55.72380952380952,1.1951798681071548,1.1895155085426659,0.498812351543943,0.6805466705437627,sisron
25.816037735849058,55.132075471698116,1.1830066070256156,1.1830066070256156,0.5,0.6810791911893246,sisron
25.94418604651163,55.148148148148145,1.199684969391519,1.2052648994817121,0.5011600928074246,0.6810748999428244,sisron
25.797169811320753,55.094339622641506,1.1836524226416703,1.1836524226416703,0.5,0.6810892763426439,sisron
25.933649289099527,54.497630331753555,1.177860431072002,1.177860431072002,0.5,0.6775676153438218,sisron
25.708920187793428,55.779342723004696,1.1899298871965303,1.1899298871965303,0.5,0.6845076914213286,sisron
25.797169811320753,55.094339622641506,1.1816349826246888,1.1816349826246888,0.5,0.6810892763426439,sisron
25.798076923076923,55.09615384615385,1.1733941118992466,1.1733941118992466,0.5,0.6810887911565434,sisron
26.206572769953052,55.96244131455399,1.1872438445048703,1.1872438445048703,0.5,0.6810650211404411,sisron
25.798076923076923,55.09615384615385,1.1760838645961944,1.1760838645961944,0.5,0.6810887911565434,sisron
26.167464114832537,54.73809523809524,1.16495024291965,1.1705241675269211,0.5011933174224343,0.6776114124027353,sisron
25.72248803827751,55.813397129186605,1.165599849026278,1.165599849026278,0.5,0.6845255560119712,sisron
25.796296296296298,55.092592592592595,1.204641295273691,1.204641295273691,0.5,0.6810897435897436,sisron
25.798076923076923,55.09615384615385,1.176775738118986,1.176775738118986,0.5,0.6810887911565434,sisron
25.83173076923077,55.16346153846154,1.1788798243012186,1.1788798243012186,0.5,0.6810708137947409,sisron
25.930232558139537,54.51627906976744,1.1976782825009025,1.1976782825009025,0.5,0.6776711378353376,sisron
25.53157894736842,55.424083769633505,1.1706268199093735,1.1767880136983702,0.5013123359580053,0.6857550042106627,sisron
27.110091743119266,76.41552511415524,1.234788670845742,1.2404528390606306,0.5011441647597255,0.7390152351512476,sisron
25.84259259259259,55.18518518518518,1.2073921919695685,1.2073921919695685,0.5,0.6810650211404411,sisron
25.797169811320753,55.094339622641506,1.1823271491371836,1.1823271491371836,0.5,0.6810892763426439,sisron
25.919431279620852,54.47867298578199,1.178101998487833,1.178101998487833,0.5,0.6776114124027353,sisron
25.846153846153847,55.18269230769231,1.1587536646721315,1.1587536646721315,0.5,0.6810252758988964,sisron
25.797169811320753,55.10377358490566,1.178356134333878,1.178356134333878,0.5,0.6811264649291586,sisron
25.798076923076923,55.09615384615385,1.1593719565314815,1.1593719565314815,0.5,0.6810887911565434,sisron
279.6296296296296,1223.3181818181818,3.9958744963353516,3.255897737754731,0.4489795918367347,0.7809244697211503,sisron
25.95169082125604,55.14423076923077,1.1522627244751462,1.1578292110668136,0.5012048192771085,0.6810355064719155,sisron
25.816037735849058,55.14150943396226,1.180990558213741,1.180990558213741,0.5,0.6811163549496009,sisron
25.67464114832536,55.717703349282296,1.1642224633547535,1.1642224633547535,0.5,0.6845570513197343,sisron
25.933649289099527,54.497630331753555,1.1794646054817093,1.1794646054817093,0.5,0.6775676153438218,sisron
25.708920187793428,55.779342723004696,1.1879260264382563,1.1879260264382563,0.5,0.6845076914213286,sisron
25.919431279620852,54.47867298578199,1.1757799431045668,1.1757799431045668,0.5,0.6776114124027353,sisron
25.67464114832536,55.717703349282296,1.1688482959672604,1.1688482959672604,0.5,0.6845570513197343,sisron
25.839285714285715,55.17857142857143,1.2556326338894084,1.2556326338894084,0.5,0.6810667842186466,sisron
25.79385964912281,55.08771929824562,1.2847000141320837,1.2847000141320837,0.5,0.681091047123258,sisron
25.830357142857142,55.160714285714285,1.2556971449608785,1.2556971449608785,0.5,0.6810715466872451,sisron
25.803571428571427,55.107142857142854,1.257861255161353,1.257861255161353,0.5,0.68108585301258,sisron
25.647058823529413,54.68181818181818,1.3116453582990402,1.320218203778119,0.501628664495114,0.682138517618469,sisron
27.017094017094017,74.95744680851064,1.3185211355973245,1.3241558413050054,0.5010660980810234,0.7358900447006727,sisron
25.839285714285715,55.17857142857143,1.2564217734087606,1.2564217734087606,0.5,0.6810667842186466,sisron
25.794642857142858,55.089285714285715,1.2565452740963445,1.2565452740963445,0.5,0.6810906281046473,sisron
25.929515418502202,55.61946902654867,1.2725688416182341,1.2669628114789468,0.4988962472406181,0.6810793237971391,sisron
25.816964285714285,55.13392857142857,1.2615202779752754,1.2615202779752754,0.5,0.6810786962995643,sisron
25.91031390134529,55.336322869955154,1.2551945416297932,1.2551945416297932,0.5,0.6810906281046473,sisron
25.837719298245613,55.175438596491226,1.2773920978236881,1.2773920978236881,0.5,0.6810676195116669,sisron
25.797169811320753,55.094339622641506,1.1877588718036114,1.1877588718036114,0.5,0.6810892763426439,sisron
25.919431279620852,55.355450236966824,1.1794726442803267,1.1794726442803267,0.5,0.6810892763426439,sisron
25.84259259259259,55.18518518518518,1.2049425141114067,1.2049425141114067,0.5,0.6810650211404411,sisron
25.797169811320753,55.094339622641506,1.1857045092457434,1.1857045092457434,0.5,0.6810892763426439,sisron
25.798076923076923,55.09615384615385,1.1788337167137946,1.1788337167137946,0.5,0.6810887911565434,sisron
26.262376237623762,54.7970297029703,1.1343461456689792,1.1343461456689792,0.5,0.6760107487480151,sisron
25.810185185185187,55.120370370370374,1.2066214554619223,1.2066214554619223,0.5,0.6810823179451977,sisron
25.797169811320753,55.094339622641506,1.1828712021468746,1.1828712021468746,0.5,0.6810892763426439,sisron
25.9478672985782,54.5260663507109,1.1780532991539021,1.1780532991539021,0.5,0.6775618374558304,sisron
25.694835680751172,55.751173708920184,1.1981597345441635,1.1981597345441635,0.5,0.6845169471985243,sisron
25.798076923076923,55.09615384615385,1.1815475661759267,1.1815475661759267,0.5,0.6810887911565434,sisron
25.594059405940595,54.51960784313726,1.2204973151820548,1.2325814470155405,0.5024630541871922,0.6826663393076357,sisron
27.331818181818182,77.06818181818181,1.2325622490888322,1.2325622490888322,0.5,0.7382009752699408,sisron
25.800925925925927,55.101851851851855,1.2046318016209427,1.2046318016209427,0.5,0.6810872675250358,sisron
25.839622641509433,55.179245283018865,1.1843517856229406,1.1843517856229406,0.5,0.6810666045645086,sisron
25.797169811320753,55.094339622641506,1.184980556785301,1.184980556785301,0.5,0.6810892763426439,sisron
25.91627906976744,54.48837209302326,1.200438749055504,1.200438749055504,0.5,0.6776768670098918,sisron
25.72248803827751,55.813397129186605,1.165602923958786,1.165602923958786,0.5,0.6845255560119712,sisron
26.35185185185185,56.175925925925924,1.2100857145501027,1.2100857145501027,0.5,0.6806911253225626,sisron
25.796296296296298,55.092592592592595,1.2073649247745486,1.2073649247745486,0.5,0.6810897435897436,sisron
25.84433962264151,55.18867924528302,1.1836655272524597,1.1836655272524597,0.5,0.6810640898771756,sisron
25.798076923076923,55.09615384615385,1.1781416778950988,1.1781416778950988,0.5,0.6810887911565434,sisron
25.797169811320753,55.094339622641506,1.181647990782153,1.181647990782153,0.5,0.6810892763426439,sisron
25.95813953488372,54.562790697674416,1.2004270468843108,1.2004270468843108,0.5,0.6776224584103512,sisron
25.679425837320576,55.73684210526316,1.1669269389506862,1.1669269389506862,0.5,0.6845909732016925,sisron
25.797169811320753,55.094339622641506,1.1849543480133575,1.1849543480133575,0.5,0.6810892763426439,sisron
25.828703703703702,55.157407407407405,1.20180623517236,1.20180623517236,0.5,0.6810724289715886,sisron
25.8125,55.125,1.1816087824906472,1.1816087824906472,0.5,0.6810810810810811,sisron
26.042857142857144,55.88516746411483,1.1772246845634664,1.1716188527322118,0.4988066825775656,0.6810892763426439,sisron
25.819444444444443,55.138888888888886,1.2060094973552704,1.2060094973552704,0.5,0.6810773717618802,sisron
25.668639053254438,54.73529411764706,1.2090944036001057,1.216248808355136,0.5014749262536873,0.6820347430916954,sisron
27.145922746781117,75.95258620689656,1.312924476971926,1.3072896079720464,0.4989247311827957,0.735864027394972,sisron
25.794642857142858,55.089285714285715,1.2586382414004627,1.2586382414004627,0.5,0.6810906281046473,sisron
25.837719298245613,55.175438596491226,1.2811064225943158,1.2811064225943158,0.5,0.6810676195116669,sisron
25.91031390134529,55.336322869955154,1.2587645293311325,1.2587645293311325,0.5,0.6810906281046473,sisron
26.05855855855856,56.154545454545456,1.2502533230754793,1.2389897796243488,0.497737556561086,0.6810739291030377,sisron
25.80701754385965,55.1140350877193,1.2795623241866987,1.2795623241866987,0.5,0.6810840108401084,sisron
25.794642857142858,55.089285714285715,1.2614627905847504,1.2614627905847504,0.5,0.6810906281046473,sisron
25.966824644549764,55.714285714285715,1.2532866630115465,1.2473469157934822,0.498812351543943,0.6810640898771756,sisron
0.0,31.5,39.913821323893266,39.913821323893266,0.5,1.0,tinba
49.90004828585224,108.66037735849056,14.968664642693716,14.939753653523859,0.49951667472208794,0.6848760764032884,tinba
50.5738747553816,107.37341153470186,46.57836558032261,46.623941280499054,0.5002444987775061,0.6800182010097227,tinba
50.93448275862069,108.32988165680473,39.07977177336534,39.04126953516498,0.49975357318876296,0.6799746200749017,tinba
50.195631067961166,106.34123910939013,44.54723847520471,44.676987713482,0.5007270964614638,0.6799699168069724,tinba
50.94381468703795,108.36951159348791,38.5649747720662,38.526960997032134,0.4997534516765286,0.6800142401634524,tinba
50.617042115572964,107.58227228207639,45.542412536639105,45.542412536639105,0.5,0.68004259494866,tinba
50.768664047151276,108.00737463126843,37.66149215454356,37.62449658268252,0.49975429975429975,0.6800360313509899,tinba
50.126091173617844,106.48715462918081,45.0094024589812,45.031230491211545,0.5001212121212121,0.68004259494866,tinba
50.94381468703795,108.38036507153429,37.53152929403108,37.49453419369197,0.4997534516765286,0.6800360313509899,tinba
51.04197530864197,108.53903162055336,48.16697204202611,48.14318588299301,0.4998765127191899,0.68004259494866,tinba
51.009866798223975,108.3729649728663,40.10012642180191,40.10012642180191,0.5,0.6799538179150584,tinba
51.09243697478992,108.74306930693069,49.6107627611581,49.537192673029836,0.4996289883749691,0.6800208036010043,tinba
50.89906450024618,108.38924518993586,38.58725867605849,38.511262105549264,0.49950714637752586,0.6800307043744448,tinba
51.04197530864197,108.59268413247652,47.81620451823669,47.76897863723102,0.49975296442687744,0.68004259494866,tinba
50.92512315270936,108.27501232134057,38.28104832767503,38.262190668400315,0.4998768169499877,0.6800116384166801,tinba
50.99161322150962,108.37839171188949,48.481355696528105,48.481355696528105,0.5,0.68004259494866,tinba
50.8180924287119,108.10679133858268,38.62498409832469,38.5870047629281,0.499754058042302,0.680024269665704,tinba
51.06818181818182,108.62413452027695,47.949868306158976,47.902487013366326,0.49975284231339595,0.6799938080495356,tinba
50.49829018075232,107.45161290322581,37.15966140560372,37.14150817580128,0.4998778402150012,0.6801829117370427,tinba
51.01974333662389,108.66023738872404,48.92970848605406,48.83310491549916,0.49950592885375494,0.6800576952243583,tinba
50.868602362204726,108.22019704433498,38.62671540533571,38.58869698466116,0.499753815854259,0.6800360313509899,tinba
50.592266275085656,107.58227228207639,45.99076759673309,45.968256207796856,0.49987760097919215,0.68004259494866,tinba
50.945786101527844,108.4879012345679,38.51854086624541,38.442604856652025,0.4995066600888012,0.6800286017637754,tinba
51.09243697478992,108.68926274121722,48.2125833689427,48.164918926660015,0.4997527200791296,0.6800208036010043,tinba
50.96942800788955,108.43484698914116,38.84653020898309,38.80822002140027,0.4997533300444006,0.6800359071984646,tinba
50.57681017612524,107.66650342801175,45.884526187086315,45.839629390425756,0.4997552618697993,0.6801728778531961,tinba
50.87942913385827,108.33333333333333,38.473705075139826,38.397969435228134,0.4995073891625616,0.6800025999189073,tinba
50.247933884297524,106.64223300970873,45.23682018447464,45.30279512883702,0.5003643429681807,0.68004259494866,tinba
50.868602362204726,108.27353376047314,38.55904105961307,38.50211334151325,0.49963063284905196,0.6800360313509899,tinba
51.06719367588933,108.64638971315529,48.26183139161423,48.214141834903145,0.49975284231339595,0.68004259494866,tinba
51.09243697478992,108.70014844136566,48.877514543852044,48.82919273016558,0.4997527200791296,0.68004259494866,tinba
50.81858407079646,108.04968027545499,39.184317447628096,39.165052788115986,0.4998770592574379,0.6800142401634524,tinba
51.06719367588933,108.64638971315529,47.49551065116989,47.44857832839205,0.49975284231339595,0.68004259494866,tinba
50.74374079528719,108.06050172159371,37.7277646414126,37.65367968384478,0.4995085995085995,0.6800360313509899,tinba
51.09243697478992,108.64638971315529,48.11007312483322,48.08629157608145,0.499876390605686,0.68004259494866,tinba
50.89364844903988,108.11368110236221,39.00425651506637,39.023460974207225,0.500123061777012,0.6800360313509899,tinba
51.06719367588933,108.63550939663699,48.54363705062496,48.495669029823944,0.49975284231339595,0.6800208036010043,tinba
50.868602362204726,108.22019704433498,38.85872312986656,38.82047635513244,0.499753815854259,0.6800360313509899,tinba
50.99210656142082,108.48641975308642,48.40284583781648,48.35508772648168,0.4997532082922014,0.6800424707317224,tinba
50.8180924287119,108.27254805322819,38.52919113791434,38.43447827867659,0.4993846911149397,0.6800361555058211,tinba
51.04197530864197,108.53903162055336,46.79841405215915,46.77530372423216,0.4998765127191899,0.68004259494866,tinba
50.919211822660095,108.32790927021696,38.599929222589054,38.561899735670245,0.49975357318876296,0.6800359071984646,tinba
51.04197530864197,108.59268413247652,47.14663768340795,47.10007310297989,0.49975296442687744,0.68004259494866,tinba
50.8180924287119,108.00639134709931,38.76059399783542,38.76059399783542,0.5,0.6800361555058211,tinba
51.09243697478992,108.70014844136566,47.707751030187104,47.66058568067629,0.4997527200791296,0.68004259494866,tinba
50.919211822660095,108.38135175135669,31.64750112503804,31.600731418941923,0.49963026867143207,0.6800359071984646,tinba
50.71638861629048,107.67696078431372,44.86803662264202,44.91206806191841,0.5002452182442374,0.6800208036010043,tinba
50.91822660098522,108.27254805322819,38.276851487165004,38.2579958952994,0.4998768169499877,0.6800361555058211,tinba
51.09243697478992,108.70014844136566,47.98692025850831,47.93947891371493,0.4997527200791296,0.68004259494866,tinba
50.86909448818898,108.22118226600985,38.44274640072709,38.40490905190748,0.499753815854259,0.6800359071984646,tinba
51.117705242334324,108.80782565626548,47.6170684459882,47.54641997648377,0.49962880475129917,0.68004259494866,tinba
50.89364844903988,108.06050172159371,38.52263653512335,38.56057118459171,0.500246062992126,0.6800360313509899,tinba
51.117705242334324,108.7539603960396,47.86371044051375,47.816367502392566,0.4997525977238991,0.68004259494866,tinba
50.91871921182266,108.32692307692308,38.708907181947154,38.6707703275807,0.49975357318876296,0.6800360313509899,tinba
51.06719367588933,108.70014844136566,47.70387629737795,47.63316897085022,0.49962917181705807,0.68004259494866,tinba
50.91871921182266,108.38036507153429,38.56597575649082,38.50898170364872,0.49963026867143207,0.6800360313509899,tinba
50.41951219512195,106.84970817120623,46.74042958406642,46.87723084138564,0.5007306380905991,0.68004259494866,tinba
50.91871921182266,108.32692307692308,38.26631706213726,38.22861625714993,0.49975357318876296,0.6800360313509899,tinba
51.04197530864197,108.59268413247652,48.414800331304846,48.36698324455788,0.49975296442687744,0.68004259494866,tinba
50.89364844903988,108.11368110236221,37.575617470880026,37.59411851345555,0.500123061777012,0.6800360313509899,tinba
51.06719367588933,108.70014844136566,47.87812605013808,47.80716044828511,0.49962917181705807,0.68004259494866,tinba
50.91871921182266,108.32692307692308,38.61467369071763,38.57662967722924,0.49975357318876296,0.6800360313509899,tinba
50.69803921568627,107.58227228207639,47.08491955852684,47.13108124436854,0.5002449779519843,0.6799078942888889,tinba
50.944307540660425,108.32790927021696,38.85133696213337,38.83218893997362,0.49987675622381067,0.6800359071984646,tinba
51.14299851558634,108.7539603960396,47.683747198040905,47.660153062861276,0.4998762682504331,0.68004259494866,tinba
50.91822660098522,108.2192118226601,32.417989267828226,32.417989267828226,0.5,0.6800361555058211,tinba
51.09243697478992,108.70014844136566,48.302292804498634,48.25453967270971,0.4997527200791296,0.68004259494866,tinba
50.944307540660425,108.38135175135669,38.71140433453101,38.67324622281634,0.4997534516765286,0.6800359071984646,tinba
51.04197530864197,108.52816205533597,48.22087472209156,48.19706194445102,0.4998765127191899,0.6800208036010043,tinba
51.094414236282745,108.69025235032163,38.446843328482444,38.40883359706526,0.4997527200791296,0.6800143641243611,tinba
51.016781836130306,108.36753823384312,47.00808844202803,47.031290854881945,0.5001233654083395,0.6800208036010043,tinba
51.06719367588933,108.74306930693069,47.46394554258549,47.37014327866734,0.49950544015825915,0.6800208036010043,tinba
50.919211822660095,108.16789758739537,38.50520013300752,38.524168211890775,0.5001231223836493,0.6800359071984646,tinba
51.09243697478992,108.64638971315529,48.00596782598509,47.98223773808297,0.499876390605686,0.68004259494866,tinba
50.8931560807484,108.10187007874016,38.464357415490625,38.483296045434244,0.500123061777012,0.6800143641243611,tinba
50.716879293424924,107.73075036782737,47.08381831834777,47.106921271398974,0.5001226391954868,0.6800206795779881,tinba
50.968934911242606,108.43385982230997,38.81457616556676,38.77629749084726,0.4997533300444006,0.6800360313509899,tinba
51.09243697478992,108.64638971315529,47.899342677385704,47.87566529593371,0.499876390605686,0.68004259494866,tinba
50.89364844903988,108.27353376047314,38.45363902905105,38.415772323951046,0.49975369458128077,0.6800360313509899,tinba
51.06719367588933,108.7539603960396,48.020603229353355,47.92570085142973,0.49950544015825915,0.68004259494866,tinba
50.89364844903988,108.27353376047314,38.34960877294778,38.3118445102467,0.49975369458128077,0.6800360313509899,tinba
50.74779195289499,107.8885068762279,46.99809799916946,46.951976215068214,0.4997545409916544,0.679886098085643,tinba
50.91871921182266,108.16691285081241,38.57111459131284,38.5901151403726,0.5001231223836493,0.6800360313509899,tinba
50.89118660758247,108.3249506903353,48.348742793730636,48.27732663007668,0.49963045084996305,0.68004259494866,tinba
50.968934911242606,108.43385982230997,38.748824943802,38.71061111249647,0.4997533300444006,0.6800360313509899,tinba
51.09243697478992,108.70014844136566,48.132783422359836,48.085197872757895,0.4997527200791296,0.68004259494866,tinba
50.94381468703795,108.38036507153429,37.83356186642262,37.79626905038869,0.4997534516765286,0.6800360313509899,tinba
51.09243697478992,108.70014844136566,47.96901048003411,47.92158684139839,0.4997527200791296,0.68004259494866,tinba
50.61949069539667,107.63694267515923,38.088828632746285,38.07017592528656,0.49987754102375703,0.6800360313509899,tinba
51.016781836130306,108.59268413247652,48.0062456489774,47.93516038888514,0.4996295381575698,0.68004259494866,tinba
50.05617433414044,106.43846899224806,36.75022969642038,36.73243297501775,0.4998789053039477,0.6800359071984646,tinba
51.09243697478992,108.58180919426594,48.16848090643437,48.16848090643437,0.5,0.6800208036010043,tinba
51.005426739023186,108.4294175715696,38.35234822616671,38.33342748209855,0.4998766345916605,0.6799787040418985,tinba
51.09243697478992,108.64638971315529,48.01783084798748,47.99409489601121,0.499876390605686,0.68004259494866,tinba
50.868602362204726,108.16691285081241,38.63903074264933,38.620015471614565,0.49987693822298795,0.6800360313509899,tinba
51.06719367588933,108.64638971315529,47.87505147362273,47.8277441105065,0.49975284231339595,0.68004259494866,tinba
50.89364844903988,108.32692307692308,38.60236999351956,38.545350244636964,0.49963045084996305,0.6800360313509899,tinba
50.46875,107.11019015114579,44.77273523772911,44.8383202991125,0.5003659429129056,0.68004259494866,tinba
50.94381468703795,108.32692307692308,38.049875050637084,38.03112203188369,0.49987675622381067,0.6800360313509899,tinba
51.04197530864197,108.64638971315529,47.880117868942506,47.80918436098852,0.49962935507783546,0.68004259494866,tinba
49.95940067665539,105.97636275928606,36.39810149709269,36.4684699871789,0.5004828585224529,0.6800359071984646,tinba
51.06719367588933,108.64638971315529,48.193071864138595,48.145450251624624,0.49975284231339595,0.68004259494866,tinba
50.91822660098522,108.3259368836292,38.4904267279714,38.45250512528375,0.49975357318876296,0.6800361555058211,tinba
51.09243697478992,108.68926274121722,48.005243199936544,47.9577837405199,0.4997527200791296,0.6800208036010043,tinba
50.944307540660425,108.32790927021696,38.588298296845906,38.56927991424519,0.49987675622381067,0.6800359071984646,tinba
51.09243697478992,108.64638971315529,47.92394096210372,47.90025142134144,0.499876390605686,0.68004259494866,tinba
50.91822660098522,108.27254805322819,38.39479348235259,38.37587979098197,0.4998768169499877,0.6800361555058211,tinba
50.51808406647116,107.42444987775062,46.2335393413525,46.21094230355125,0.4998777804937668,0.68004259494866,tinba
50.944307540660425,108.38135175135669,38.51712527531717,38.479158665878714,0.4997534516765286,0.6800359071984646,tinba
51.016781836130306,108.53903162055336,47.58311367072492,47.53614119918423,0.4997530864197531,0.68004259494866,tinba
51.117705242334324,108.7539603960396,48.03934611116426,47.99182944834411,0.4997525977238991,0.68004259494866,tinba
50.74324987727049,107.90029469548134,37.154773875089695,37.136533927188324,0.4998772403633685,0.6800361555058211,tinba
51.06719367588933,108.64638971315529,47.68861391998906,47.64149078370449,0.49975284231339595,0.68004259494866,tinba
50.89414081733136,108.21034482758621,38.4329383567106,38.41401519651527,0.49987687761635063,0.680014116204846,tinba
51.09243697478992,108.70014844136566,47.815668994506915,47.76839695397849,0.4997527200791296,0.68004259494866,tinba
50.89364844903988,108.27353376047314,37.971196903420335,37.9338052767306,0.49975369458128077,0.6800360313509899,tinba
50.54278728606357,107.42444987775062,45.59569653384478,45.59569653384478,0.5,0.68004259494866,tinba
50.91871921182266,108.27353376047314,38.333662443841185,38.314778866282644,0.4998768169499877,0.6800360313509899,tinba
51.10133465150766,108.60009886307463,47.91034634332018,47.91034634332018,0.5,0.6800195619606533,tinba
50.66960784313726,107.63792258696718,37.33269794357066,37.35099828569986,0.5001225189904435,0.6800359071984646,tinba
51.09243697478992,108.70014844136566,47.745819029130864,47.69861604442584,0.4997527200791296,0.68004259494866,tinba
50.8931560807484,108.27254805322819,38.11396984367755,38.07643762325049,0.49975369458128077,0.6800361555058211,tinba
50.96646942800789,108.37839171188949,45.83852338931536,45.81592056713128,0.4998766954377312,0.68004259494866,tinba
50.919211822660095,108.38135175135669,38.57021317832039,38.51321286327853,0.49963026867143207,0.6800359071984646,tinba
51.04197530864197,108.53903162055336,47.70568858392323,47.68213021919043,0.4998765127191899,0.68004259494866,tinba
50.968934911242606,108.47654320987654,37.2519534817811,37.196847041719295,0.4996299037749815,0.6800142401634524,tinba
51.06719367588933,108.59268413247652,46.65694695039435,46.63389509913427,0.4998764516926118,0.68004259494866,tinba
50.968934911242606,108.27353376047314,38.014659962079676,38.033404863441646,0.5001232437761893,0.6800360313509899,tinba
50.8411214953271,108.1117125984252,47.32935214877973,47.30607160173164,0.4998769987699877,0.68004259494866,tinba
50.868602362204726,108.27353376047314,38.644277380991625,38.58722382186615,0.49963063284905196,0.6800360313509899,tinba
51.04197530864197,108.64638971315529,47.91503591425178,47.844050675860295,0.49962935507783546,0.68004259494866,tinba
50.91871921182266,108.38036507153429,38.4470985488302,38.39028017659055,0.49963026867143207,0.6800360313509899,tinba
51.14299851558634,108.7539603960396,48.00285782951117,47.979105796938434,0.4998762682504331,0.68004259494866,tinba
50.99407992106561,108.4874074074074,38.43111694059847,38.39319773296098,0.4997532082922014,0.6800360313509899,tinba
50.321324245374875,106.90170316301703,44.933726686363315,44.95560289215025,0.5001216841080555,0.68004259494866,tinba
50.94381468703795,108.38036507153429,39.95394327220238,39.914560380854724,0.4997534516765286,0.6800360313509899,tinba
51.04197530864197,108.70014844136566,48.232063817795215,48.13679060531562,0.4995056846267919,0.68004259494866,tinba
50.94381468703795,108.38036507153429,38.86817556596512,38.82986292371183,0.4997534516765286,0.6800360313509899,tinba
50.941843272548056,108.20837438423645,48.34646412344783,48.37029185342488,0.5001231830500124,0.6800206795779881,tinba
50.8931560807484,108.3259368836292,38.59742017980914,38.540407742320504,0.49963045084996305,0.6800361555058211,tinba
51.09243697478992,108.70014844136566,48.28800510089712,48.240266094371265,0.4997527200791296,0.68004259494866,tinba
50.52101661779081,107.37487781036168,37.89677904496654,37.89677904496654,0.5,0.6800359071984646,tinba
51.09243697478992,108.70014844136566,48.02653916246574,47.97905864920576,0.4997527200791296,0.68004259494866,tinba
50.943321833415474,108.36852491366551,38.38999887052719,38.352157570506954,0.4997534516765286,0.6800143641243611,tinba
50.74828263002944,107.93716249386353,46.595474685326245,46.57261135132952,0.49987730061349694,0.6800889595506243,tinba
50.794103194103194,107.99754178957718,37.56955929473495,37.55109759483582,0.4998771196854264,0.680014116204846,tinba
50.96646942800789,108.27156234598324,47.255558860351755,47.2788604179752,0.5001232437761893,0.68004259494866,tinba
50.8931560807484,108.27254805322819,38.7703777165516,38.732199107278774,0.49975369458128077,0.6800361555058211,tinba
50.817109144542776,107.99115044247787,45.3843401701662,45.3843401701662,0.5,0.6800096589642618,tinba
50.90743476120138,108.285855101035,48.49342099847669,48.445667752786406,0.49975369458128077,0.6800018569814766,tinba
50.89364844903988,108.27353376047314,38.64118341142919,38.60313202451493,0.49975369458128077,0.6800360313509899,tinba
51.016781836130306,108.53903162055336,47.92789244816708,47.88057962245319,0.4997530864197531,0.68004259494866,tinba
50.89414081733136,108.32790927021696,38.64535831789978,38.58827507075369,0.49963045084996305,0.6800359071984646,tinba
51.016781836130306,108.43188548864758,48.29964493793068,48.29964493793068,0.5,0.68004259494866,tinba
50.943321833415474,108.3259368836292,38.92978877610368,38.91060208868323,0.49987675622381067,0.6800361555058211,tinba
50.99161322150962,108.48543209876543,48.19585708178809,48.148303202082325,0.4997532082922014,0.68004259494866,tinba
50.944307540660425,108.38135175135669,38.58469070530707,38.54665749613476,0.4997534516765286,0.6800359071984646,tinba
51.06719367588933,108.70014844136566,47.97348290997452,47.90237596890242,0.49962917181705807,0.68004259494866,tinba
50.8931560807484,108.2192118226601,38.44843313734677,38.42950234801277,0.49987687761635063,0.6800361555058211,tinba
50.99161322150962,108.48543209876543,47.69846209487114,47.651398984762736,0.4997532082922014,0.68004259494866,tinba
50.944307540660425,108.3704982733103,38.535077511889206,38.49709320680109,0.4997534516765286,0.680014116204846,tinba
51.04197530864197,108.64638971315529,48.04249608609178,47.971322017816085,0.49962935507783546,0.68004259494866,tinba
50.968441814595664,108.3793783917119,38.68602414040529,38.666948191618104,0.4998766954377312,0.6800361555058211,tinba
51.118199802176065,108.74405940594059,48.33433363782124,48.2865251970321,0.4997525977238991,0.6800206795779881,tinba
50.89364844903988,108.32692307692308,38.70229222255441,38.645124878060244,0.49963045084996305,0.6800360313509899,tinba
51.06719367588933,108.64638971315529,47.84697681022623,47.79969718887225,0.49975284231339595,0.68004259494866,tinba
50.94381468703795,108.32692307692308,38.580684130164634,38.56166950023355,0.49987675622381067,0.6800360313509899,tinba
51.016781836130306,108.43188548864758,48.18119211979977,48.18119211979977,0.5,0.68004259494866,tinba
50.968934911242606,108.38036507153429,38.58703272151279,38.56800558506234,0.4998766954377312,0.6800360313509899,tinba
51.06719367588933,108.64638971315529,48.09828657157225,48.05075862041457,0.49975284231339595,0.68004259494866,tinba
50.968934911242606,108.43385982230997,38.648403659873,38.61028886336425,0.4997533300444006,0.6800360313509899,tinba
51.06719367588933,108.59268413247652,48.265588911766,48.24174227692817,0.4998764516926118,0.68004259494866,tinba
50.91871921182266,108.32692307692308,38.735086040112186,38.69692339376725,0.49975357318876296,0.6800360313509899,tinba
50.8411214953271,107.94152334152334,46.760384259012106,46.80638562080159,0.5002458210422812,0.6800208036010043,tinba
50.94381468703795,108.38036507153429,38.93036701976722,38.891993074947344,0.4997534516765286,0.6800360313509899,tinba
51.117705242334324,108.7539603960396,47.967985245316484,47.92053916693338,0.4997525977238991,0.68004259494866,tinba
59.07692307692308,399.8,10.583500663919889,8.141154356861453,0.43478260869565216,0.838858581619807,tinba
53.0,441.45454545454544,2.241813845507172,1.7614251643270635,0.44,0.8674526616648803,tinba
50.54523227383863,107.26904296875,37.82872297566767,37.884217434800675,0.5003664793549963,0.6800360313509899,tinba
51.016781836130306,108.59268413247652,48.13199165408386,48.0607201955635,0.4996295381575698,0.68004259494866,tinba
50.89414081733136,108.2745194677181,38.73731385162764,38.699167801552186,0.49975369458128077,0.6800359071984646,tinba
50.41951219512195,107.16243902439024,46.019656719645745,46.019656719645745,0.5,0.68004259494866,tinba
50.943321833415474,108.3259368836292,38.77604149703582,38.7569305845188,0.49987675622381067,0.6800361555058211,tinba
51.04197530864197,108.53903162055336,47.753336284173685,47.72975438971236,0.4998765127191899,0.68004259494866,tinba
50.86909448818898,108.32790927021696,38.91969720486609,38.84308362769116,0.4995073891625616,0.6800359071984646,tinba
50.49340498290181,107.357421875,47.258001525038615,47.281087993785576,0.5001221001221001,0.6802257230190454,tinba
50.76817288801572,108.00639134709931,37.56073975630647,37.52384315536707,0.49975429975429975,0.6800361555058211,tinba
50.44411908247926,107.25634765625,45.06793278564223,45.0459376988752,0.4998779594825482,0.6800208036010043,tinba
50.96942800788955,108.32790927021696,38.627035300172516,38.627035300172516,0.5,0.6800359071984646,tinba
51.117705242334324,108.79692917285784,47.44967604671693,47.379275933887975,0.49962880475129917,0.6800208036010043,tinba
51.06719367588933,108.70014844136566,48.2480268301607,48.17651295640058,0.49962917181705807,0.68004259494866,tinba
50.91871921182266,108.20935960591133,38.591530231262986,38.591530231262986,0.5,0.6800142401634524,tinba
51.04197530864197,108.43188548864758,48.54396492708191,48.56793725544096,0.5001234263144902,0.68004259494866,tinba
50.793611793611795,108.06050172159371,37.62587700959897,37.58889826069519,0.4997541789577188,0.6800360313509899,tinba
51.06719367588933,108.64638971315529,48.0445774233289,47.9971025444521,0.49975284231339595,0.68004259494866,tinba
50.718842001962706,107.90127701375246,38.42651825816377,38.388808230432495,0.4997545409916544,0.6800360313509899,tinba
51.016781836130306,108.53903162055336,48.251182656961014,48.20355068987615,0.4997530864197531,0.68004259494866,tinba
50.89364844903988,108.27353376047314,38.79881162373785,38.760605014556425,0.49975369458128077,0.6800360313509899,tinba
51.04197530864197,108.59268413247652,47.796048777186584,47.74884280308566,0.49975296442687744,0.68004259494866,tinba
50.868602362204726,108.27353376047314,38.66683678668486,38.60974992135019,0.49963063284905196,0.6800360313509899,tinba
50.99161322150962,108.59268413247652,48.021930006672974,47.92716546793262,0.49950617283950616,0.68004259494866,tinba
50.94381468703795,108.43385982230997,38.97789401357439,38.92026282479138,0.4996300863131936,0.6800360313509899,tinba
50.94135041892558,108.53903162055336,46.42630392410001,46.311897063764626,0.4993831729583025,0.68004259494866,tinba
50.794103194103194,107.95528255528255,37.96193612812198,37.96193612812198,0.5,0.6800359071984646,tinba
50.79115479115479,107.74055909759686,46.76797244119167,46.85989965974929,0.5004909180166912,0.68004259494866,tinba
50.91822660098522,108.43287265547877,38.65541082887678,38.579242531677025,0.4995069033530572,0.6800361555058211,tinba
50.370370370370374,106.89099756690997,44.150863530189696,44.21541157628647,0.5003652300949598,0.6800208036010043,tinba
50.919211822660095,108.3704982733103,38.86175855044191,38.80432738017032,0.49963026867143207,0.680014116204846,tinba
51.016781836130306,108.59268413247652,47.77564280910748,47.704899014227266,0.4996295381575698,0.68004259494866,tinba
50.8931560807484,108.27254805322819,38.70039101988329,38.662281329071,0.49975369458128077,0.6800361555058211,tinba
50.54278728606357,107.37194525904204,47.033290675736055,47.05628983988067,0.5001222195062331,0.68004259494866,tinba
50.96942800788955,108.38135175135669,38.379604784641536,38.36067993021124,0.4998766954377312,0.6800359071984646,tinba
51.016781836130306,108.53903162055336,47.84943597739808,47.80220060130983,0.4997530864197531,0.68004259494866,tinba
50.470703125,107.46722113502935,36.52334680882183,36.45201214708585,0.4995112414467253,0.6800143641243611,tinba
51.09243697478992,108.7539603960396,48.218531471094664,48.14702598695562,0.4996289883749691,0.68004259494866,tinba
50.96942800788955,108.43484698914116,38.5647376088308,38.526705323220504,0.4997533300444006,0.6800359071984646,tinba
51.016781836130306,108.59268413247652,47.89432688606945,47.82340734971298,0.4996295381575698,0.68004259494866,tinba
50.89364844903988,108.32692307692308,38.445056266338725,38.388268886329364,0.49963045084996305,0.6800360313509899,tinba
51.09243697478992,108.64638971315529,48.4259563487425,48.40201865405702,0.499876390605686,0.68004259494866,tinba
50.91871921182266,108.32692307692308,38.82590844347696,38.78765631693167,0.49975357318876296,0.6800360313509899,tinba
51.09243697478992,108.68926274121722,48.32623747335204,48.27846066912727,0.4997527200791296,0.6800208036010043,tinba
50.94381468703795,108.38036507153429,38.69905411933311,38.66090818131504,0.4997534516765286,0.6800360313509899,tinba
50.916256157635466,108.00540806293019,47.090309621528604,47.18309840896019,0.500492125984252,0.68004259494866,tinba
50.91871921182266,108.32692307692308,38.782925287591894,38.74471550898343,0.49975357318876296,0.6800360313509899,tinba
51.09243697478992,108.70014844136566,48.0557550894335,48.00824569240984,0.4997527200791296,0.68004259494866,tinba
50.91871921182266,108.32692307692308,38.81618660018963,38.77794405181506,0.49975357318876296,0.6800360313509899,tinba
51.016781836130306,108.47456790123456,48.136480325318196,48.1127209569444,0.49987657368550975,0.6800208036010043,tinba
50.968934911242606,108.54100790513834,38.79544131079316,38.71892170268508,0.49950641658440276,0.6800360313509899,tinba
51.06719367588933,108.64638971315529,48.291329132355195,48.24361042767895,0.49975284231339595,0.68004259494866,tinba
50.27237354085603,106.90170316301703,44.00278062617075,43.981378495516,0.4998783750912187,0.68004259494866,tinba
50.96942800788955,108.38135175135669,38.63343550076177,38.61438548325646,0.4998766954377312,0.6800359071984646,tinba
51.016781836130306,108.53903162055336,48.435467256980594,48.387653370251094,0.4997530864197531,0.68004259494866,tinba
50.8931560807484,108.16592811422944,38.89659224808835,38.89659224808835,0.5,0.6800361555058211,tinba
51.04197530864197,108.64638971315529,48.111161516901134,48.03988572206128,0.49962935507783546,0.68004259494866,tinba
50.96942800788955,108.4883950617284,38.484061959167356,38.427132873428945,0.4996299037749815,0.6800359071984646,tinba
50.71638861629048,107.74055909759686,47.00672996479958,47.02979509235836,0.5001226391954868,0.68004259494866,tinba
51.00296003946719,108.49481481481482,38.66491782302047,38.62676792876983,0.4997532082922014,0.6800129996750082,tinba
51.06719367588933,108.48543209876543,48.581923831574684,48.605926758368945,0.5001234872808101,0.68004259494866,tinba
50.39736713798147,107.20595412396291,37.1594577141415,37.12322226049534,0.4997560975609756,0.6800142401634524,tinba
51.04197530864197,108.52816205533597,48.471286420425486,48.447349982687,0.4998765127191899,0.6800208036010043,tinba
50.91871921182266,108.27353376047314,38.705649519144046,38.68658269672082,0.4998768169499877,0.6800360313509899,tinba
51.118199802176065,108.70113805047006,48.05887887403782,48.03511088250764,0.49987632945832305,0.6800424707317224,tinba
50.693477194703284,107.83652430044182,38.0305813659146,37.99327819635509,0.49975466143277725,0.6800143641243611,tinba
51.06719367588933,108.59268413247652,47.752952245001886,47.72935888914961,0.4998764516926118,0.68004259494866,tinba
50.919211822660095,108.42398815399802,38.77780386109817,38.701394395362016,0.4995069033530572,0.680014116204846,tinba
50.51808406647116,107.31949193942354,46.203301199701336,46.225883458352214,0.5001221597849987,0.68004259494866,tinba
50.868110236220474,108.16592811422944,38.16607078970641,38.14728827455399,0.49987693822298795,0.6800361555058211,tinba
50.96646942800789,108.3249506903353,48.01888001721399,48.01888001721399,0.5,0.68004259494866,tinba
50.919211822660095,108.32790927021696,38.40839401813434,38.37055323585046,0.49975357318876296,0.6800359071984646,tinba
51.09243697478992,108.70014844136566,48.05968685940233,48.01217357530999,0.4997527200791296,0.68004259494866,tinba
50.8931560807484,108.2192118226601,38.64118709229805,38.62216139702858,0.49987687761635063,0.6800361555058211,tinba
50.51808406647116,107.68774509803922,45.161635841412554,45.02919702662835,0.49926578560939794,0.68004259494866,tinba
50.96942800788955,108.43484698914116,38.608819824572706,38.57074406537688,0.4997533300444006,0.6800359071984646,tinba
51.04197530864197,108.64638971315529,47.407757754625536,47.337524039433504,0.49962935507783546,0.68004259494866,tinba
50.64429201371877,107.57345739471107,37.58285833719937,37.60127228052969,0.500122458976243,0.6800142401634524,tinba
50.99161322150962,108.31410256410257,38.007140359660376,38.02589079891033,0.5001233045622688,0.6800208036010043,tinba
50.99407992106561,108.4874074074074,37.43289325770209,37.395958977230755,0.4997532082922014,0.6800360313509899,tinba
50.41951219512195,107.31949193942354,44.22280498215822,44.158088682184335,0.4996338784476446,0.68004259494866,tinba
50.84358091490408,108.16691285081241,39.022300288402356,38.98391140469512,0.499753937007874,0.6800360313509899,tinba
51.04197530864197,108.53903162055336,47.826966890783005,47.8033486355283,0.4998765127191899,0.68004259494866,tinba
49.9830754352031,106.2316247582205,36.173737336245445,36.173737336245445,0.5,0.6800360313509899,tinba
51.07608695652174,108.70757050964869,46.88402147404021,46.81452934734944,0.49962917181705807,0.6800195619606533,tinba
50.919211822660095,108.43484698914116,38.22728946406727,38.151964755763686,0.4995069033530572,0.6800359071984646,tinba
50.44411908247926,107.31949193942354,45.56146386268284,45.516991960425464,0.499755859375,0.68004259494866,tinba
50.868110236220474,108.16592811422944,38.83418180670277,38.81507049675853,0.49987693822298795,0.6800361555058211,tinba
50.91674876847291,108.3259368836292,47.717739257878286,47.670726706885304,0.49975357318876296,0.6800424707317224,tinba
50.868602362204726,108.22019704433498,37.6988251858408,37.661720042941354,0.499753815854259,0.6800360313509899,tinba
51.14299851558634,108.7539603960396,47.179947657108336,47.15660280423495,0.4998762682504331,0.68004259494866,tinba
51.06719367588933,108.64638971315529,47.937732563840896,47.890363262888485,0.49975284231339595,0.68004259494866,tinba
50.37280701754386,107.15365853658537,37.040642545791904,37.00454055500653,0.499756216479766,0.6800142401634524,tinba
51.06719367588933,108.64638971315529,47.22842403574131,47.18175563254394,0.49975284231339595,0.68004259494866,tinba
50.91871921182266,108.32692307692308,38.43823162603859,38.400361447096685,0.49975357318876296,0.6800360313509899,tinba
51.04197530864197,108.64638971315529,46.51482580027238,46.44591494723494,0.49962935507783546,0.68004259494866,tinba
50.56996086105675,107.58423114593536,37.654267393368535,37.617423687504186,0.4997552618697993,0.6800360313509899,tinba
51.04197530864197,108.43188548864758,47.88323260975961,47.90687865055455,0.5001234263144902,0.68004259494866,tinba
50.94381468703795,108.32692307692308,38.63089222490591,38.61185284973345,0.49987675622381067,0.6800360313509899,tinba
51.09243697478992,108.64638971315529,48.01994614446371,47.99620914686387,0.499876390605686,0.68004259494866,tinba
50.89364844903988,108.27353376047314,38.80095296603601,38.76274424819648,0.49975369458128077,0.6800360313509899,tinba
51.04246913580247,108.64737883283877,47.97306335613251,47.90199215116047,0.49962935507783546,0.6800424707317224,tinba
50.59422418012726,107.6359627633513,37.075852398028786,37.03955689886283,0.49975514201762977,0.6800361555058211,tinba
51.14299851558634,108.7539603960396,48.029555881334744,48.00579063844443,0.4998762682504331,0.68004259494866,tinba
50.89414081733136,108.2745194677181,38.63374125251328,38.59569719416516,0.49975369458128077,0.6800359071984646,tinba
51.09243697478992,108.68926274121722,48.13967648331763,48.09208411902369,0.4997527200791296,0.6800208036010043,tinba
50.868110236220474,108.27254805322819,38.71147045731613,38.654317695814186,0.49963063284905196,0.6800361555058211,tinba
51.09243697478992,108.70014844136566,47.876028426016866,47.82869671229861,0.4997527200791296,0.68004259494866,tinba
50.919211822660095,108.38135175135669,38.72479510932312,38.66756634807781,0.49963026867143207,0.6800359071984646,tinba
51.09243697478992,108.70014844136566,48.139414018215405,48.09182191340253,0.4997527200791296,0.68004259494866,tinba
50.868110236220474,108.2192118226601,37.589525159214936,37.552527595081855,0.499753815854259,0.6800361555058211,tinba
51.016781836130306,108.48543209876543,47.927054472478716,47.90339847323267,0.49987657368550975,0.68004259494866,tinba
50.66960784313726,107.63792258696718,37.759983810707006,37.77849360669264,0.5001225189904435,0.6800359071984646,tinba
51.09243697478992,108.7539603960396,47.66367959009315,47.59299692139801,0.4996289883749691,0.68004259494866,tinba
50.968934911242606,108.43385982230997,37.85660031847963,37.81926639311624,0.4997533300444006,0.6800360313509899,tinba
50.00483792936623,106.28108369617803,43.66368536439681,43.66368536439681,0.5,0.68004259494866,tinba
50.94381468703795,108.47654320987654,38.82691060646337,38.750366672295876,0.4995066600888012,0.6800142401634524,tinba
50.99161322150962,108.37839171188949,48.25880586753588,48.25880586753588,0.5,0.68004259494866,tinba
50.37280701754386,107.26904296875,36.942566245772,36.87055344607264,0.4995121951219512,0.6800360313509899,tinba
51.06719367588933,108.52816205533597,47.70639381017492,47.70639381017492,0.5,0.6800208036010043,tinba
50.868602362204726,108.11368110236221,38.325323709012075,38.325323709012075,0.5,0.6800360313509899,tinba
50.816125860373646,108.1117125984252,46.028747610878824,45.9834882720284,0.499754058042302,0.68004259494866,tinba
50.91871921182266,108.32692307692308,38.723296339066295,38.68514530819037,0.49975357318876296,0.6800360313509899,tinba
51.04197530864197,108.48543209876543,48.03353795678872,48.03353795678872,0.5,0.68004259494866,tinba
50.94381468703795,108.38036507153429,38.59131383013911,38.553274092504665,0.4997534516765286,0.6800360313509899,tinba
51.04197530864197,108.43188548864758,46.36178695115024,46.384681660755746,0.5001234263144902,0.68004259494866,tinba
369.57142857142856,774.6052631578947,5.6520874290949426,5.113793388228758,0.475,0.6547367484485175,tinba
50.944307540660425,108.42398815399802,38.12432668245133,38.06795754492183,0.4996300863131936,0.680014116204846,tinba
51.06719367588933,108.64638971315529,47.67544292098064,47.628332799517224,0.49975284231339595,0.68004259494866,tinba
50.99358658115442,108.43287265547877,38.52512807864927,38.50612209538402,0.4998766345916605,0.6800361555058211,tinba
51.09243697478992,108.7539603960396,48.32327305451257,48.25161224424883,0.4996289883749691,0.68004259494866,tinba
50.54278728606357,107.42444987775062,45.67981116930984,45.67981116930984,0.5,0.68004259494866,tinba
50.76915520628684,108.0614854894245,37.850416831804544,37.79464509776947,0.4996313590562792,0.6800359071984646,tinba
51.04197530864197,108.59268413247652,48.47420909086494,48.426333328799885,0.49975296442687744,0.68004259494866,tinba
50.91822660098522,108.3259368836292,38.64983598267519,38.61175732653463,0.49975357318876296,0.6800361555058211,tinba
50.72290338401177,107.79342492639843,46.95594783369061,46.93291892352205,0.4998773608045131,0.6799078942888889,tinba
50.919211822660095,108.32790927021696,38.6113516752054,38.57331093463869,0.49975357318876296,0.6800359071984646,tinba
51.06719367588933,108.64638971315529,48.3097172491142,48.26198037436211,0.49975284231339595,0.68004259494866,tinba
50.055205811138016,106.27140783744558,36.60900156949442,36.644458229610144,0.500242013552759,0.6800143641243611,tinba
51.0172754195459,108.59367276322294,48.653641259884076,48.581597368581185,0.4996295381575698,0.6800424707317224,tinba
50.91871921182266,108.32692307692308,38.53928822367576,38.50131848158347,0.49975357318876296,0.6800360313509899,tinba
50.816125860373646,108.05853418593212,47.087123246038374,47.06397323460965,0.4998770592574379,0.68004259494866,tinba
50.868602362204726,108.06050172159371,38.466823626973174,38.485754150411644,0.5001230012300123,0.6800360313509899,tinba
51.09243697478992,108.70014844136566,47.876449839926245,47.82911770958524,0.4997527200791296,0.68004259494866,tinba
50.91871921182266,108.43385982230997,39.07483041549805,38.99783567576308,0.4995069033530572,0.6800360313509899,tinba
51.06719367588933,108.64638971315529,48.47587916140402,48.427978095039,0.49975284231339595,0.68004259494866,tinba
50.84358091490408,108.16691285081241,38.97149298885887,38.933154087738494,0.499753937007874,0.6800360313509899,tinba
50.71638861629048,108.00540806293019,45.01244645400069,44.92410014103896,0.4995088408644401,0.68004259494866,tinba
50.84358091490408,108.16691285081241,38.71861752401875,38.68052739364588,0.499753937007874,0.6800360313509899,tinba
51.04197530864197,108.43188548864758,47.903072102133834,47.92672794020896,0.5001234263144902,0.68004259494866,tinba
50.91871921182266,108.38036507153429,38.72409784090218,38.66687011010282,0.49963026867143207,0.6800360313509899,tinba
51.06719367588933,108.70014844136566,48.0379101328322,47.96670769686457,0.49962917181705807,0.68004259494866,tinba
50.84358091490408,108.27353376047314,38.190245899997635,38.11510522926473,0.499507631708518,0.6800360313509899,tinba
51.117705242334324,108.70014844136566,48.00331949159044,47.97957897749964,0.49987632945832305,0.68004259494866,tinba
50.919211822660095,108.38135175135669,38.80178032605284,38.744437793551285,0.49963026867143207,0.6800359071984646,tinba
51.09243697478992,108.70014844136566,48.20320829348983,48.15555311969498,0.4997527200791296,0.68004259494866,tinba
50.91822660098522,108.3259368836292,38.57499993804486,38.536995011997526,0.49975357318876296,0.6800361555058211,tinba
51.06719367588933,108.53903162055336,47.95912370402717,47.95912370402717,0.5,0.68004259494866,tinba
50.81907571288102,108.00835791543756,38.66625159013287,38.66625159013287,0.5,0.6800359071984646,tinba
51.06719367588933,108.64638971315529,48.1212022848661,48.07365168972295,0.49975284231339595,0.68004259494866,tinba
50.91822660098522,108.3793783917119,38.2157032031266,38.15922679445203,0.49963026867143207,0.6800361555058211,tinba
51.09243697478992,108.7539603960396,44.586360803398684,44.52024163265711,0.4996289883749691,0.68004259494866,tinba
50.919211822660095,108.22118226600985,36.351222577556086,36.351222577556086,0.5,0.6800359071984646,tinba
50.617042115572964,107.52961331375428,43.026805584623226,43.0478764982298,0.5001223990208078,0.68004259494866,tinba
50.89364844903988,108.32692307692308,37.3055873908298,37.25048312585073,0.49963045084996305,0.6800360313509899,tinba
51.117705242334324,108.74306930693069,46.68037962654453,46.63420714422352,0.4997525977238991,0.6800208036010043,tinba
50.91871921182266,108.32692307692308,37.83276183720412,37.79548818022165,0.49975357318876296,0.6800360313509899,tinba
51.06719367588933,108.70014844136566,47.600150431629686,47.52959684897411,0.49962917181705807,0.68004259494866,tinba
50.868602362204726,108.22019704433498,38.5927077128105,38.55472276427427,0.499753815854259,0.6800360313509899,tinba
51.117705242334324,108.70014844136566,47.65077442569305,47.62720826623425,0.49987632945832305,0.68004259494866,tinba
50.968934911242606,108.43385982230997,38.517715233634625,38.47972932117542,0.4997533300444006,0.6800360313509899,tinba
51.09243697478992,108.68926274121722,48.03154363897009,47.98405817813077,0.4997527200791296,0.6800208036010043,tinba
51.06719367588933,108.64638971315529,48.16145422905836,48.1138638592668,0.49975284231339595,0.68004259494866,tinba
50.91871921182266,108.32692307692308,38.63428979917989,38.59622645947626,0.49975357318876296,0.6800360313509899,tinba
51.09243697478992,108.70014844136566,48.258329698872345,48.210620030361355,0.4997527200791296,0.68004259494866,tinba
50.94381468703795,108.38036507153429,38.536146816229866,38.498161457120716,0.4997534516765286,0.6800360313509899,tinba
51.09243697478992,108.70014844136566,47.97734463056765,47.92991275253446,0.4997527200791296,0.68004259494866,tinba
50.944307540660425,108.43484698914116,38.59476250637685,38.53769780084747,0.4996300863131936,0.6800359071984646,tinba
51.117705242334324,108.7539603960396,47.816832779601,47.76953620909694,0.4997525977238991,0.68004259494866,tinba
50.030977734753144,106.1280193236715,36.157099701112315,36.227103766361324,0.5004835589941973,0.6800361555058211,tinba
51.04197530864197,108.64638971315529,48.26460852760412,48.19310540385952,0.49962935507783546,0.68004259494866,tinba
50.944307540660425,108.31706114398422,38.70410482340669,38.685029365139854,0.49987675622381067,0.680014116204846,tinba
50.617042115572964,107.79342492639843,46.728837255842734,46.637301825370955,0.49950980392156863,0.68004259494866,tinba
50.8931560807484,108.1126968503937,38.44609263768166,38.465022274627835,0.500123061777012,0.6800361555058211,tinba
50.99161322150962,108.26071956628881,47.36086870079757,47.40759871431587,0.5002465483234714,0.6800208036010043,tinba
50.34875791524598,107.18243902439025,37.83158148779968,37.7762990988745,0.49963441384352913,0.6800705685722245,tinba
50.99161322150962,108.37839171188949,48.14556769241325,48.14556769241325,0.5,0.68004259494866,tinba
50.843089030988686,108.2192118226601,38.6653548560266,38.608298257616326,0.4996308146689638,0.6800361555058211,tinba
50.86614173228347,108.3249506903353,47.16549985699535,47.072654384835914,0.4995073891625616,0.68004259494866,tinba
50.89414081733136,108.16789758739537,37.47422880493882,37.47422880493882,0.5,0.6800359071984646,tinba
51.09243697478992,108.7539603960396,48.306230370043316,48.23459483316238,0.4996289883749691,0.68004259494866,tinba
50.91871921182266,108.32692307692308,38.852201174491846,38.81392314377806,0.49975357318876296,0.6800360313509899,tinba
51.016781836130306,108.64638971315529,47.592320834679725,47.4983577135846,0.49950592885375494,0.68004259494866,tinba
50.84358091490408,108.22019704433498,38.721876252004016,38.66473624769707,0.4996308146689638,0.6800360313509899,tinba
51.04197530864197,108.59268413247652,47.51166950848407,47.464744402796676,0.49975296442687744,0.68004259494866,tinba
50.968934911242606,108.43385982230997,38.60921079973263,38.57113465495972,0.4997533300444006,0.6800360313509899,tinba
243.5483870967742,868.8709677419355,4.829731702133974,4.829731702133974,0.5,0.7810642308249964,tinba
51.06719367588933,108.64638971315529,48.26668000283189,48.218985655003,0.49975284231339595,0.68004259494866,tinba
50.84358091490408,108.16691285081241,41.22737614732056,41.186817980918875,0.499753937007874,0.6800360313509899,tinba
51.06719367588933,108.48543209876543,49.32466268839477,49.34903258102737,0.5001234872808101,0.68004259494866,tinba
50.94381468703795,108.38036507153429,38.588497766299845,38.55046080447993,0.4997534516765286,0.6800360313509899,tinba
51.117705242334324,108.7539603960396,48.088256354221514,48.04069131331723,0.4997525977238991,0.68004259494866,tinba
50.718842001962706,108.00737463126843,37.327950161320615,37.254686274841085,0.4995088408644401,0.6800360313509899,tinba
51.04197530864197,108.64638971315529,47.539271215626826,47.46884266567775,0.49962935507783546,0.68004259494866,tinba
50.96942800788955,108.4883950617284,38.97612186829953,38.91846488328725,0.4996299037749815,0.6800359071984646,tinba
51.04197530864197,108.64638971315529,48.03607309634197,47.96490854360665,0.49962935507783546,0.68004259494866,tinba
50.943321833415474,108.48641975308642,38.59438006759003,38.51829454749621,0.4995066600888012,0.6800361555058211,tinba
51.06719367588933,108.64638971315529,48.501379248531336,48.453452984451765,0.49975284231339595,0.68004259494866,tinba
50.944307540660425,108.38135175135669,38.61447965644203,38.57641708408477,0.4997534516765286,0.6800359071984646,tinba
51.09243697478992,108.64638971315529,47.940688916760216,47.91699109722647,0.499876390605686,0.68004259494866,tinba
50.868110236220474,108.3259368836292,38.436885386517346,38.36122222630767,0.4995073891625616,0.6800361555058211,tinba
51.09243697478992,108.64638971315529,47.88689436030242,47.86322313224493,0.499876390605686,0.68004259494866,tinba
51.06719367588933,108.64638971315529,46.07407653044341,46.02854878683626,0.49975284231339595,0.68004259494866,tinba
50.919211822660095,108.3704982733103,38.34974364215265,38.293069144159325,0.49963026867143207,0.680014116204846,tinba
51.016781836130306,108.43188548864758,47.62048356092545,47.62048356092545,0.5,0.68004259494866,tinba
50.91822660098522,108.3793783917119,38.47747260541434,38.42060934540634,0.49963026867143207,0.6800361555058211,tinba
51.06768774703557,108.59367276322294,47.76686947534573,47.74326924339151,0.4998764516926118,0.6800424707317224,tinba
50.94381468703795,108.27353376047314,38.547549555084736,38.547549555084736,0.5,0.6800360313509899,tinba
50.76620825147348,107.74055909759686,46.27610239298891,46.34428918433417,0.5003680981595092,0.68004259494866,tinba
50.94381468703795,108.38036507153429,38.5139098995909,38.47594645957159,0.4997534516765286,0.6800360313509899,tinba
51.117705242334324,108.7539603960396,47.79951453147323,47.75223509078928,0.4997525977238991,0.68004259494866,tinba
50.34827082318558,107.16439024390245,37.11560250477834,37.061366358887284,0.49963441384352913,0.6800360313509899,tinba
51.04197530864197,108.53903162055336,48.12924027492445,48.10547274886275,0.4998765127191899,0.68004259494866,tinba
50.89364844903988,108.22019704433498,38.34253183869757,38.32365319180506,0.49987687761635063,0.6800360313509899,tinba
50.916256157635466,108.37839171188949,46.62735705097863,46.55844962676536,0.49963026867143207,0.68004259494866,tinba
50.968934911242606,108.43385982230997,38.4831200249139,38.445168230017536,0.4997533300444006,0.6800360313509899,tinba
51.06719367588933,108.64638971315529,47.95288234496596,47.90549807387409,0.49975284231339595,0.68004259494866,tinba
50.32375851996105,106.9036496350365,36.82687310803076,36.844802452289784,0.5001216841080555,0.6800360313509899,tinba
51.06768774703557,108.48641975308642,46.54441946900551,46.56741572368387,0.5001234872808101,0.6800424707317224,tinba
50.968441814595664,108.43287265547877,38.54180024704492,38.503790582107,0.4997533300444006,0.6800361555058211,tinba
50.816125860373646,108.00540806293019,38.29158959673587,38.29158959673587,0.5,0.68004259494866,tinba
50.919211822660095,108.32790927021696,38.60094437525888,38.562913888189655,0.49975357318876296,0.6800359071984646,tinba
51.09243697478992,108.7539603960396,48.1196172167672,48.04825841713779,0.4996289883749691,0.68004259494866,tinba
50.843089030988686,108.0595179537629,37.623138471421846,37.623138471421846,0.5,0.6800361555058211,tinba
50.223517978620016,106.52812803103782,44.439520085918176,44.52589427461772,0.5004854368932039,0.6800208036010043,tinba
50.944307540660425,108.38135175135669,37.92643518103707,37.889050819104064,0.4997534516765286,0.6800359071984646,tinba
51.09243697478992,108.64638971315529,47.95307687348753,47.92937293039633,0.499876390605686,0.68004259494866,tinba
50.8931560807484,108.27254805322819,37.469916100088724,37.433018102944374,0.49975369458128077,0.6800361555058211,tinba
51.04197530864197,108.59268413247652,47.1147617900225,47.06822869195828,0.49975296442687744,0.68004259494866,tinba
50.89414081733136,108.21034482758621,38.31039858551835,38.2915357600208,0.49987687761635063,0.680014116204846,tinba
51.09243697478992,108.7539603960396,48.44718858148553,48.375344011171904,0.4996289883749691,0.68004259494866,tinba
50.91871921182266,108.32692307692308,38.95293962912218,38.9145623486994,0.49975357318876296,0.6800360313509899,tinba
51.117705242334324,108.70014844136566,48.251058903791325,48.227195867736036,0.49987632945832305,0.68004259494866,tinba
50.17718446601942,106.54073714839961,36.66499739981464,36.70059448466883,0.500242600679282,0.6800360313509899,tinba
51.04197530864197,108.53903162055336,48.74109591947372,48.71702624247646,0.4998765127191899,0.68004259494866,tinba
50.94381468703795,108.38036507153429,38.77471821630669,38.73649769564005,0.4997534516765286,0.6800360313509899,tinba
51.06719367588933,108.64638971315529,48.63740411041739,48.58934343441896,0.49975284231339595,0.68004259494866,tinba
50.84358091490408,108.16691285081241,39.03209543946077,38.993696919599024,0.499753937007874,0.6800360313509899,tinba
50.99161322150962,108.37839171188949,48.3411912693993,48.3411912693993,0.5,0.68004259494866,tinba
50.39736713798147,107.16439024390245,38.07753001345368,38.05896466483669,0.49987807851743477,0.6800360313509899,tinba
51.09243697478992,108.64638971315529,48.43981532866188,48.41587078326956,0.499876390605686,0.68004259494866,tinba
51.06719367588933,108.64638971315529,48.58304790011823,48.53504093579005,0.49975284231339595,0.68004259494866,tinba
50.89364844903988,108.27353376047314,38.99355162757219,38.95515325078482,0.49975369458128077,0.6800360313509899,tinba
51.09243697478992,108.70014844136566,48.59329829760637,48.54525746883958,0.4997527200791296,0.68004259494866,tinba
50.844072798819475,108.32790927021696,38.55735855285236,38.46252983039084,0.4993843880817533,0.6800359071984646,tinba
51.06719367588933,108.63550939663699,48.59972180482412,48.55169836430552,0.49975284231339595,0.6800208036010043,tinba
50.668627450980395,107.68872549019608,37.99059395397059,37.99059395397059,0.5,0.6800361555058211,tinba
51.06719367588933,108.58180919426594,48.186620128813495,48.16281251017278,0.4998764516926118,0.6800208036010043,tinba
50.89414081733136,108.2745194677181,38.73353962044636,38.69539728699442,0.49975369458128077,0.6800359071984646,tinba
51.117705242334324,108.68926274121722,48.108894585203494,48.08510185791111,0.49987632945832305,0.6800208036010043,tinba
50.8931560807484,108.1126968503937,38.850007640588856,38.869136152474915,0.500123061777012,0.6800361555058211,tinba
51.026159921026654,108.44076999012833,47.28122468992836,47.28122468992836,0.5,0.6800204283768726,tinba
50.868110236220474,108.31508875739645,38.23116954050977,38.15591133275286,0.4995073891625616,0.6800143641243611,tinba
51.04197530864197,108.59268413247652,48.26056069469806,48.212895943394656,0.49975296442687744,0.68004259494866,tinba
50.944307540660425,108.3704982733103,38.65178910461498,38.613689756064346,0.4997534516765286,0.680014116204846,tinba
51.04197530864197,108.64638971315529,48.66738828507187,48.59528845057547,0.49962935507783546,0.68004259494866,tinba
50.10421715947649,106.59243085880641,36.757590728803414,36.72195564326895,0.4997575169738118,0.6800360313509899,tinba
50.96646942800789,108.37839171188949,38.80785111108375,38.788715089825814,0.4998766954377312,0.68004259494866,tinba
50.793611793611795,107.95429975429975,31.764132682079833,31.764132682079833,0.5,0.6800360313509899,tinba
51.016781836130306,108.43188548864758,47.350262073127034,47.350262073127034,0.5,0.68004259494866,tinba
50.91871921182266,108.32692307692308,38.049930269731156,38.01244265370186,0.49975357318876296,0.6800360313509899,tinba
50.691515448749385,107.95233415233415,46.27332498505375,46.18254847699087,0.4995090819833088,0.68004259494866,tinba
51.01924975320829,108.54100790513834,38.8262378825923,38.787909908374544,0.4997530864197531,0.6800360313509899,tinba
51.09243697478992,108.70014844136566,48.55628366429963,48.5082794293374,0.4997527200791296,0.68004259494866,tinba
50.111434108527135,106.33446272991287,36.28444981440243,36.31960916499778,0.5002421307506053,0.6798992315477056,tinba
51.09243697478992,108.68926274121722,48.37316254841099,48.32533935261424,0.4997527200791296,0.6800208036010043,tinba
50.89364844903988,108.32692307692308,39.1714673593822,39.11360699400645,0.49963045084996305,0.6800360313509899,tinba
50.99161322150962,108.3249506903353,48.47494179129864,48.49885641477732,0.5001233045622688,0.68004259494866,tinba
50.71933267909716,108.04520884520885,38.5599051724925,38.50314378116891,0.49963172109010556,0.6802170536879946,tinba
51.09243697478992,108.70014844136566,48.24259940934196,48.19490529227885,0.4997527200791296,0.68004259494866,tinba
50.943321833415474,108.43287265547877,38.9963593836031,38.938700892646565,0.4996300863131936,0.6800361555058211,tinba
50.71638861629048,107.74055909759686,47.20930699380562,47.232471521280495,0.5001226391954868,0.68004259494866,tinba
50.944307540660425,108.38135175135669,38.824959652733924,38.7866896087194,0.4997534516765286,0.6800359071984646,tinba
51.09243697478992,108.70014844136566,48.51128502609492,48.46332527816996,0.4997527200791296,0.68004259494866,tinba
50.91822660098522,108.3259368836292,38.99957082978751,38.9611476072951,0.49975357318876296,0.6800361555058211,tinba
51.016781836130306,108.43188548864758,48.17267901597226,48.17267901597226,0.5,0.68004259494866,tinba
50.78634577603143,108.02362204724409,32.639314996888245,32.57519060593169,0.4995083579154376,0.6797788823338133,tinba
51.016781836130306,108.64638971315529,48.22721185808973,48.13199525027514,0.49950592885375494,0.68004259494866,tinba
50.943321833415474,108.43287265547877,38.72870361957648,38.67144087395857,0.4996300863131936,0.6800361555058211,tinba
50.86614173228347,108.21822660098522,46.80450971633273,46.75844228550957,0.499753815854259,0.68004259494866,tinba
50.592266275085656,107.52961331375428,46.39564227985909,46.39564227985909,0.5,0.68004259494866,tinba
50.919211822660095,108.31706114398422,38.92106669386705,38.88272081535092,0.49975357318876296,0.680014116204846,tinba
51.14299851558634,108.7539603960396,48.44829409068716,48.42432165422468,0.4998762682504331,0.68004259494866,tinba
50.669117647058826,107.79538763493622,38.002574981998215,37.965317555545276,0.49975478175576266,0.6800360313509899,tinba
51.04197530864197,108.53903162055336,48.86170351440441,48.837574278101,0.4998765127191899,0.68004259494866,tinba
50.94381468703795,108.38036507153429,38.63552137466257,38.59743806133121,0.4997534516765286,0.6800360313509899,tinba
50.99161322150962,108.42102665350444,46.92131903266361,46.8981708732987,0.4998766345916605,0.6800208036010043,tinba
50.968934911242606,108.4874074074074,38.41145589443505,38.35463421411784,0.4996299037749815,0.6800360313509899,tinba
51.04197530864197,108.59268413247652,47.15963452970299,47.11305711288353,0.49975296442687744,0.68004259494866,tinba
50.52052785923754,107.11214041930765,38.02436980610839,38.117293485986465,0.500610202587259,0.6800360313509899,tinba
50.99161322150962,108.43188548864758,48.535098371205066,48.511154070084594,0.4998766345916605,0.68004259494866,tinba
50.89364844903988,108.32692307692308,38.610730189914364,38.55369809214491,0.49963045084996305,0.6800360313509899,tinba
51.04197530864197,108.58180919426594,46.72439048807593,46.67824294191487,0.49975296442687744,0.6800208036010043,tinba
50.94381468703795,108.43385982230997,38.44479448437474,38.38795151569405,0.4996300863131936,0.6800360313509899,tinba
51.04197530864197,108.43188548864758,48.108676759977975,48.13243413121747,0.5001234263144902,0.68004259494866,tinba
50.86909448818898,108.22118226600985,38.204701669015236,38.1670986161914,0.499753815854259,0.6800359071984646,tinba
50.99161322150962,108.3249506903353,48.14377729337328,48.16752854018797,0.5001233045622688,0.68004259494866,tinba
50.99358658115442,108.43287265547877,38.332927872933695,38.31401670970087,0.4998766345916605,0.6800361555058211,tinba
51.016781836130306,108.53903162055336,47.88682046449945,47.83954818368553,0.4997530864197531,0.68004259494866,tinba
50.919211822660095,108.2745194677181,38.254159204010364,38.23531479060937,0.4998768169499877,0.6800359071984646,tinba
51.06719367588933,108.70014844136566,47.71541813054988,47.64469369656191,0.49962917181705807,0.68004259494866,tinba
50.91822660098522,108.3259368836292,38.40662079189087,38.368781756627925,0.49975357318876296,0.6800361555058211,tinba
51.117705242334324,108.74306930693069,48.667018482641915,48.61888097672436,0.4997525977238991,0.6800208036010043,tinba
50.744231713303876,107.8492881688758,38.74644866470987,38.74644866470987,0.5,0.6800359071984646,tinba
51.04197530864197,108.64638971315529,48.26354083203579,48.192039290062404,0.49962935507783546,0.68004259494866,tinba
50.943321833415474,108.3793783917119,38.856405852318204,38.81810481155692,0.4997534516765286,0.6800361555058211,tinba
51.04246913580247,108.70113805047006,48.93566979003894,48.839006738601825,0.4995056846267919,0.6800424707317224,tinba
50.99407992106561,108.43385982230997,38.267862626747984,38.24898356279793,0.4998766345916605,0.6800360313509899,tinba
51.016781836130306,108.43188548864758,45.838692901753994,45.838692901753994,0.5,0.68004259494866,tinba
50.793611793611795,107.95429975429975,35.947352919866,35.947352919866,0.5,0.6800360313509899,tinba
51.04197530864197,108.59268413247652,47.10372347915417,47.05720128312537,0.49975296442687744,0.68004259494866,tinba
50.89364844903988,108.32692307692308,39.04343838975162,38.98576713659098,0.49963045084996305,0.6800360313509899,tinba
50.51808406647116,107.31949193942354,46.396054887522865,46.418731356187344,0.5001221597849987,0.68004259494866,tinba
50.94381468703795,108.38036507153429,38.86892009751335,38.83060672136992,0.4997534516765286,0.6800360313509899,tinba
51.06719367588933,108.64638971315529,48.11403894961177,48.06649543286314,0.49975284231339595,0.68004259494866,tinba
50.37280701754386,107.05994152046783,37.88069406233974,37.88069406233974,0.5,0.6800360313509899,tinba
51.09243697478992,108.64638971315529,48.21911978554376,48.1952843333512,0.499876390605686,0.68004259494866,tinba
50.91871921182266,108.16691285081241,38.95544591410561,38.97463578894015,0.5001231223836493,0.6800360313509899,tinba
50.81661750245821,107.94250614250615,46.2309742238041,46.25370331634284,0.5001228803145736,0.6800206795779881,tinba
51.018756169792695,108.54001976284584,38.9567483476621,38.9182915378421,0.4997530864197531,0.6800361555058211,tinba
51.06719367588933,108.68926274121722,48.61844219153296,48.5463792831463,0.49962917181705807,0.6800208036010043,tinba
50.74128620520373,108.00540806293019,47.765118846282206,47.6947725740491,0.49963154016212236,0.68004259494866,tinba
50.919211822660095,108.43484698914116,38.78933484908598,38.71290266219123,0.4995069033530572,0.6800359071984646,tinba
51.016781836130306,108.43188548864758,48.89522971637042,48.89522971637042,0.5,0.68004259494866,tinba
50.868110236220474,108.1126968503937,38.89182777828138,38.89182777828138,0.5,0.6800361555058211,tinba
50.8411214953271,108.3249506903353,45.575679702850046,45.46358998395469,0.4993843880817533,0.68004259494866,tinba
50.919211822660095,108.32790927021696,38.681770936468354,38.64366081731912,0.49975357318876296,0.6800359071984646,tinba
51.06719367588933,108.70014844136566,48.18861195365324,48.11718614542154,0.49962917181705807,0.68004259494866,tinba
50.943321833415474,108.43287265547877,38.48872580024269,38.4318178764375,0.4996300863131936,0.6800361555058211,tinba
51.09243697478992,108.70014844136566,47.84416375346188,47.79686354213863,0.4997527200791296,0.68004259494866,tinba
50.844072798819475,108.0614854894245,38.62693685128546,38.62693685128546,0.5,0.6800359071984646,tinba
51.016781836130306,108.59268413247652,48.0749495037248,48.003762510382664,0.4996295381575698,0.68004259494866,tinba
50.968934911242606,108.38036507153429,38.336197048046735,38.3172935978258,0.4998766954377312,0.6800360313509899,tinba
51.06719367588933,108.64638971315529,47.394345856022255,47.34751349845701,0.49975284231339595,0.68004259494866,tinba
50.89364844903988,108.16691285081241,38.68720589764037,38.68720589764037,0.5,0.6800360313509899,tinba
51.09243697478992,108.64638971315529,48.07670717761557,48.05294212216445,0.499876390605686,0.68004259494866,tinba
50.89364844903988,108.11368110236221,38.41812137306182,38.43703723784422,0.500123061777012,0.6800360313509899,tinba
51.04197530864197,108.59268413247652,47.7660436420034,47.7188673026039,0.49975296442687744,0.68004259494866,tinba
50.89364844903988,108.22019704433498,38.64721063427435,38.62818197320381,0.49987687761635063,0.6800360313509899,tinba
51.09243697478992,108.7539603960396,48.26834045758472,48.19676110940244,0.4996289883749691,0.68004259494866,tinba
50.94381468703795,108.38036507153429,38.630886438066895,38.59280769342612,0.4997534516765286,0.6800360313509899,tinba
51.117705242334324,108.70014844136566,47.76510018700794,47.74147748661871,0.49987632945832305,0.68004259494866,tinba
51.01924975320829,108.53013833992095,38.29692907402941,38.259123615910916,0.4997530864197531,0.6800142401634524,tinba
51.06719367588933,108.64638971315529,47.99365429853732,47.94622973895379,0.49975284231339595,0.68004259494866,tinba
50.794103194103194,108.00835791543756,38.33373517080937,38.31489795450922,0.4998771196854264,0.6800359071984646,tinba
51.04197530864197,108.64638971315529,48.20895171915941,48.13753104994584,0.49962935507783546,0.68004259494866,tinba
50.943321833415474,108.3259368836292,38.34922765529855,38.330327099529555,0.49987675622381067,0.6800361555058211,tinba
50.691515448749385,107.63498285154336,47.105414040485826,47.15161846818616,0.5002450980392157,0.68004259494866,tinba
50.944307540660425,108.38135175135669,38.42243489775061,38.38456162530335,0.4997534516765286,0.6800359071984646,tinba
51.04197530864197,108.59268413247652,47.76035421091284,47.71318349070453,0.49975296442687744,0.68004259494866,tinba
49.9825918762089,106.28205128205128,36.8626886056472,36.84486332102165,0.4998790810157195,0.6800361555058211,tinba
50.94135041892558,108.16494337764648,47.21270320341866,47.25924110701987,0.5002463054187192,0.68004259494866,tinba
50.89414081733136,108.32790927021696,38.2684445969678,38.21191809091615,0.49963045084996305,0.6800359071984646,tinba
51.117705242334324,108.74306930693069,48.15559306076993,48.107961415803786,0.4997525977238991,0.6800208036010043,tinba
50.91822660098522,108.3793783917119,38.51657964963148,38.459658595962075,0.49963026867143207,0.6800361555058211,tinba
51.09243697478992,108.64638971315529,47.698949851235156,47.67537152703781,0.499876390605686,0.68004259494866,tinba
50.59520313264807,107.6906862745098,37.39441012647259,37.33949909838673,0.4996326230712711,0.6800359071984646,tinba
51.09243697478992,108.70014844136566,47.83625956475499,47.78896716775572,0.4997527200791296,0.68004259494866,tinba
50.868602362204726,108.16691285081241,38.89192237179666,38.87278264621999,0.49987693822298795,0.6800360313509899,tinba
51.117705242334324,108.70014844136566,48.04409798813449,48.0203373066369,0.49987632945832305,0.68004259494866,tinba
51.016781836130306,108.53903162055336,47.97010564915649,47.92275115197074,0.4997530864197531,0.68004259494866,tinba
50.89364844903988,108.27353376047314,38.64407153154293,38.60601730059114,0.49975369458128077,0.6800360313509899,tinba
51.06719367588933,108.64638971315529,47.901347030404935,47.85401368353695,0.49975284231339595,0.68004259494866,tinba
50.74374079528719,107.95429975429975,32.24804382890956,32.21638153747224,0.49975442043222,0.6800360313509899,tinba
51.06719367588933,108.70014844136566,48.161647950081054,48.09026210825781,0.49962917181705807,0.68004259494866,tinba
50.718842001962706,107.74252084355076,37.53150264979125,37.549918499962885,0.5001226391954868,0.6800360313509899,tinba
51.117705242334324,108.74306930693069,47.6725436785417,47.625389827227615,0.4997525977238991,0.6800208036010043,tinba
50.793611793611795,108.00737463126843,31.897853664235605,31.882179043270376,0.4998771196854264,0.6800360313509899,tinba
51.09243697478992,108.7539603960396,47.03708335077921,46.96732989054573,0.4996289883749691,0.68004259494866,tinba
50.56996086105675,107.53157121879589,36.14731071264095,36.129626118358836,0.49987766087594815,0.6800360313509899,tinba
51.117705242334324,108.85084241823587,47.05643390669311,46.963345016669976,0.4995049504950495,0.6800208036010043,tinba
50.66960784313726,107.53255017131669,37.61125397932003,37.66656464693668,0.5003673769287289,0.6800359071984646,tinba
51.06719367588933,108.59268413247652,46.9593669528681,46.936165684610756,0.4998764516926118,0.68004259494866,tinba
50.968441814595664,108.43287265547877,37.67308504573381,37.63593210190172,0.4997533300444006,0.6800361555058211,tinba
51.14299851558634,108.74306930693069,46.76591046401577,46.742770478630305,0.4998762682504331,0.6800208036010043,tinba
50.919211822660095,108.32790927021696,37.632856278642805,37.59577957294956,0.49975357318876296,0.6800359071984646,tinba
51.04197530864197,108.59268413247652,46.56832492445481,46.52233151712201,0.49975296442687744,0.68004259494866,tinba
50.8931560807484,108.1126968503937,37.527796612974,37.546274110075416,0.500123061777012,0.6800361555058211,tinba
50.76620825147348,107.84634266077565,45.774163468553034,45.79664586711323,0.5001227596366314,0.68004259494866,tinba
50.944307540660425,108.31706114398422,38.230288482107866,38.21144654594123,0.49987675622381067,0.680014116204846,tinba
51.06719367588933,108.52816205533597,48.45831338561245,48.45831338561245,0.5,0.6800208036010043,tinba
50.47119140625,107.36314760508309,36.09835195690488,36.06309966007196,0.49975574010747437,0.6800142401634524,tinba
51.016781836130306,108.43188548864758,46.660363864699974,46.660363864699974,0.5,0.68004259494866,tinba
50.868602362204726,108.16691285081241,38.26477383606082,38.24594274657457,0.49987693822298795,0.6800360313509899,tinba
51.04197530864197,108.43188548864758,47.63758170430812,47.66110643601395,0.5001234263144902,0.68004259494866,tinba
50.91871921182266,108.27353376047314,38.71596935740602,38.69689745131862,0.4998768169499877,0.6800360313509899,tinba
51.06719367588933,108.59268413247652,47.59406352074448,47.57054866722632,0.4998764516926118,0.68004259494866,tinba
50.91871921182266,108.43385982230997,38.31946890700587,38.243962564331966,0.4995069033530572,0.6800360313509899,tinba
50.29683698296837,106.64223300970873,45.39765532577663,45.508111908077794,0.5006075334143378,0.68004259494866,tinba
50.91871921182266,108.38036507153429,38.402079931002845,38.34532808874028,0.49963026867143207,0.6800360313509899,tinba
51.09243697478992,108.63550939663699,48.03110127387231,48.00735876212052,0.499876390605686,0.6800208036010043,tinba
50.91871921182266,108.27353376047314,38.8194080309548,38.800285169855805,0.4998768169499877,0.6800360313509899,tinba
51.09243697478992,108.70014844136566,47.68704177123836,47.63989689553768,0.4997527200791296,0.68004259494866,tinba
50.919211822660095,108.32790927021696,38.46970838363134,38.4318071931056,0.49975357318876296,0.6800359071984646,tinba
51.016781836130306,108.48543209876543,48.041893393564834,48.01818071173188,0.49987657368550975,0.68004259494866,tinba
50.8931560807484,108.2192118226601,38.57476659331937,38.55577360139749,0.49987687761635063,0.6800361555058211,tinba
51.09243697478992,108.70014844136566,47.587742529486256,47.54069582406907,0.4997527200791296,0.68004259494866,tinba
50.89414081733136,108.31706114398422,38.72854079479069,38.671334678402516,0.49963045084996305,0.680014116204846,tinba
51.04197530864197,108.53903162055336,48.0546196444901,48.030888968122454,0.4998765127191899,0.68004259494866,tinba
51.016781836130306,108.37839171188949,47.77956717862627,47.803150380590054,0.5001233654083395,0.68004259494866,tinba
50.943321833415474,108.36852491366551,38.42933526674488,38.391455192553906,0.4997534516765286,0.6800143641243611,tinba
51.117705242334324,108.70014844136566,47.852894747464745,47.829228627411595,0.49987632945832305,0.68004259494866,tinba
50.919211822660095,108.38135175135669,38.36298887039324,38.30629479817098,0.49963026867143207,0.6800359071984646,tinba
50.71638861629048,107.67696078431372,46.895732606456804,46.941753933842925,0.5002452182442374,0.6800208036010043,tinba
50.8931560807484,108.16592811422944,38.138487911282,38.138487911282,0.5,0.6800361555058211,tinba
51.04197530864197,108.70014844136566,47.34286475284667,47.2493479829645,0.4995056846267919,0.68004259494866,tinba
50.944307540660425,108.42398815399802,38.506455905022314,38.44952176617802,0.4996300863131936,0.680014116204846,tinba
51.016781836130306,108.48543209876543,47.74737841202259,47.723811097900175,0.49987657368550975,0.68004259494866,tinba
50.89364844903988,108.27353376047314,38.43071365025212,38.3928695206113,0.49975369458128077,0.6800360313509899,tinba
50.74128620520373,107.84634266077565,46.443060174543945,46.443060174543945,0.5,0.68004259494866,tinba
50.868602362204726,108.16691285081241,36.86400453543363,36.84586280091816,0.49987693822298795,0.6800360313509899,tinba
51.04197530864197,108.64638971315529,46.84738388692225,46.77798035523792,0.49962935507783546,0.68004259494866,tinba
50.91871921182266,108.32692307692308,37.52825805700671,37.49128440374858,0.49975357318876296,0.6800360313509899,tinba
50.29683698296837,106.83900778210116,43.44734173209933,43.46848399084975,0.5001216249087813,0.6800208036010043,tinba
50.94381468703795,108.38036507153429,37.903981292090705,37.866619063118705,0.4997534516765286,0.6800360313509899,tinba
50.666666666666664,107.58227228207639,45.38264301564469,45.42713580291493,0.5002449779519843,0.68004259494866,tinba
50.94381468703795,108.38036507153429,37.762881465439854,37.72565831958925,0.4997534516765286,0.6800360313509899,tinba
51.14299851558634,108.79692917285784,46.921676954370206,46.87524283566227,0.49975247524752475,0.6800208036010043,tinba
50.89364844903988,108.32692307692308,37.879415226622996,37.82346335775058,0.49963045084996305,0.6800360313509899,tinba
50.54278728606357,107.25634765625,45.2165919057817,45.28292431444544,0.5003664793549963,0.6800208036010043,tinba
50.89414081733136,108.22118226600985,38.59435438071173,38.57535174438444,0.49987687761635063,0.6800359071984646,tinba
51.117705242334324,108.70014844136566,47.66420090797597,47.64062810831821,0.49987632945832305,0.68004259494866,tinba
50.943321833415474,108.3793783917119,38.64783106567713,38.60973561859416,0.4997534516765286,0.6800361555058211,tinba
51.06719367588933,108.64638971315529,47.05989779630846,47.01339592101567,0.49975284231339595,0.68004259494866,tinba
50.96942800788955,108.43484698914116,37.943781010728685,37.90636110835124,0.4997533300444006,0.6800359071984646,tinba
50.1747572815534,106.43556201550388,45.229322901832525,45.317146829797245,0.5004849660523764,0.68004259494866,tinba
50.8931560807484,108.1126968503937,38.207567403628296,38.226379598312505,0.500123061777012,0.6800361555058211,tinba
51.06719367588933,108.70014844136566,47.36343295170193,47.29323023487629,0.49962917181705807,0.68004259494866,tinba
50.44704734016594,107.1131155533886,37.61304910064824,37.64976266736434,0.5002439024390244,0.6800359071984646,tinba
51.117705242334324,108.70014844136566,47.96040990685423,47.93669061412088,0.49987632945832305,0.68004259494866,tinba
50.91822660098522,108.27254805322819,38.27690999257842,38.25805437189242,0.4998768169499877,0.6800361555058211,tinba
51.09293129016312,108.64737883283877,48.70375426484029,48.67967925037423,0.499876390605686,0.6800424707317224,tinba
50.94381468703795,108.36951159348791,38.541385834146006,38.50339531089894,0.4997534516765286,0.6800142401634524,tinba
50.99161322150962,108.48543209876543,48.18024157767507,48.13270310547213,0.4997532082922014,0.68004259494866,tinba
50.37280701754386,106.85165369649805,37.66698905180423,37.74041398172977,0.5004868549172347,0.6800360313509899,tinba
50.99161322150962,108.48543209876543,48.20226129064919,48.154701092039765,0.4997532082922014,0.68004259494866,tinba
50.94381468703795,108.38036507153429,38.44251255225153,38.40461948911476,0.4997534516765286,0.6800360313509899,tinba
51.09243697478992,108.70014844136566,47.71409492390405,47.66692330262485,0.4997527200791296,0.68004259494866,tinba
51.118694362017806,108.75445544554455,47.8158323133919,47.76853673246867,0.4997525977238991,0.6800393751973404,tinba
50.91773399014778,108.32642998027613,47.81720241179968,47.7700918675516,0.49975357318876296,0.6800392510114565,tinba
51.04197530864197,108.53903162055336,47.98448228607259,47.9607862454375,0.4998765127191899,0.68004259494866,tinba
50.81858407079646,108.22019704433498,38.52713812826949,38.45137187826307,0.49950787401574803,0.6800360313509899,tinba
50.99161322150962,108.37839171188949,48.527680530647814,48.527680530647814,0.5,0.68004259494866,tinba
50.919211822660095,108.43484698914116,38.33591671759212,38.26037796543923,0.4995069033530572,0.6800359071984646,tinba
50.617042115572964,107.58227228207639,46.21726519452096,46.21726519452096,0.5,0.68004259494866,tinba
50.56947162426614,107.58325171400588,37.26171655957173,37.225256954327534,0.4997552618697993,0.6800361555058211,tinba
51.117705242334324,108.70014844136566,47.85445895040375,47.830792056758646,0.49987632945832305,0.68004259494866,tinba
50.944307540660425,108.38135175135669,38.46140065663443,38.42348897535633,0.4997534516765286,0.6800359071984646,tinba
51.09243697478992,108.70014844136566,48.0870735712005,48.03953321176284,0.4997527200791296,0.68004259494866,tinba
50.968441814595664,108.3793783917119,38.648167297865726,38.629110016160666,0.4998766954377312,0.6800361555058211,tinba
51.04197530864197,108.59268413247652,48.14595980012898,48.09840823489428,0.49975296442687744,0.68004259494866,tinba
50.34875791524598,106.95666991236611,37.18170369926578,37.19981461192982,0.5001217433649866,0.6800359071984646,tinba
51.06719367588933,108.64638971315529,48.19539228509705,48.14776837967699,0.49975284231339595,0.68004259494866,tinba
50.055205811138016,106.55674102812803,36.38609557454551,36.33323441874713,0.4996365398594621,0.6800708174963787,tinba
51.06719367588933,108.70014844136566,48.40320040468321,48.331456530565596,0.49962917181705807,0.68004259494866,tinba
50.919211822660095,108.32790927021696,38.53921338813774,38.50124371977505,0.49975357318876296,0.6800359071984646,tinba
50.94135041892558,108.59268413247652,47.77910509572186,47.63781646557187,0.49925962487660414,0.68004259494866,tinba
50.94381468703795,108.32692307692308,38.66242851919587,38.64337360124654,0.49987675622381067,0.6800360313509899,tinba
51.09243697478992,108.70014844136566,48.00330572033995,47.955848176375206,0.4997527200791296,0.68004259494866,tinba
50.50244140625,107.15365853658537,37.51184570878707,37.54847837061206,0.5002440214738897,0.6798795397005206,tinba
51.016781836130306,108.64638971315529,48.12234614785447,48.027336579941625,0.49950592885375494,0.68004259494866,tinba
50.89364844903988,108.27353376047314,38.916213909760074,38.877891690252675,0.49975369458128077,0.6800360313509899,tinba
51.016781836130306,108.53903162055336,48.49051014491973,48.442641921676966,0.4997530864197531,0.68004259494866,tinba
50.91871921182266,108.32692307692308,38.93664603980952,38.898284812184095,0.49975357318876296,0.6800360313509899,tinba
51.04197530864197,108.59268413247652,48.179273297622004,48.13168883016756,0.49975296442687744,0.68004259494866,tinba
50.94381468703795,108.32692307692308,38.8376356729104,38.81849440348068,0.49987675622381067,0.6800360313509899,tinba
50.916256157635466,108.1117125984252,47.57804993799273,47.62492486404002,0.5002461841457411,0.68004259494866,tinba
50.89364844903988,108.26269098077871,38.80573857250812,38.76752514210683,0.49975369458128077,0.6800142401634524,tinba
51.04197530864197,108.53903162055336,48.83195289392083,48.80783834928185,0.4998765127191899,0.68004259494866,tinba
50.919211822660095,108.31706114398422,38.753105249473094,38.71492485021253,0.49975357318876296,0.680014116204846,tinba
51.06719367588933,108.63550939663699,48.78317562095122,48.734970901958185,0.49975284231339595,0.6800208036010043,tinba
50.868110236220474,108.2192118226601,38.86907215944754,38.83081519866069,0.499753815854259,0.6800361555058211,tinba
51.04197530864197,108.70014844136566,47.94419418830356,47.84948960719087,0.4995056846267919,0.68004259494866,tinba
50.944307540660425,108.31706114398422,38.92710222527543,38.907916861931284,0.49987675622381067,0.680014116204846,tinba
50.916256157635466,108.36175455889601,47.38651581676129,47.36317270552151,0.4998768169499877,0.6802237443769994,tinba
50.91822660098522,108.3793783917119,38.507725063078944,38.450817095005426,0.49963026867143207,0.6800361555058211,tinba
51.06719367588933,108.59268413247652,47.91701149462398,47.89333708183019,0.4998764516926118,0.68004259494866,tinba
50.944307540660425,108.32790927021696,38.897841837907244,38.878670895651005,0.49987675622381067,0.6800359071984646,tinba
51.016781836130306,108.53903162055336,48.24677638820908,48.19914877084658,0.4997530864197531,0.68004259494866,tinba
51.09243697478992,108.70014844136566,47.88307890042329,47.83574021638926,0.4997527200791296,0.68004259494866,tinba
50.91822660098522,108.3259368836292,38.32510531424665,38.287346589799114,0.49975357318876296,0.6800361555058211,tinba
51.09293129016312,108.64737883283877,48.661792166172894,48.6377378942173,0.499876390605686,0.6800424707317224,tinba
50.94381468703795,108.38036507153429,38.51855533649287,38.48058731743274,0.4997534516765286,0.6800360313509899,tinba
51.06719367588933,108.64638971315529,47.50328362319361,47.456343619613385,0.49975284231339595,0.68004259494866,tinba
50.89364844903988,108.32692307692308,38.010354363212585,37.954209083503265,0.49963045084996305,0.6800360313509899,tinba
51.06719367588933,108.70014844136566,48.04403225854739,47.97282074828274,0.49962917181705807,0.68004259494866,tinba
50.89364844903988,108.22019704433498,38.270177570749574,38.25133454880435,0.49987687761635063,0.6800360313509899,tinba
51.117705242334324,108.70014844136566,47.83732336969052,47.813664950615504,0.49987632945832305,0.68004259494866,tinba
50.91871921182266,108.22019704433498,38.462035382397644,38.462035382397644,0.5,0.6800360313509899,tinba
50.51808406647116,107.16243902439024,45.26786417597177,45.35636439918971,0.50048828125,0.68004259494866,tinba
50.89364844903988,108.26269098077871,38.26336692481865,38.2256875876204,0.49975369458128077,0.6800142401634524,tinba
50.816125860373646,108.03144963144963,46.72220854071577,46.74517914471809,0.5001228803145736,0.6802019776982958,tinba
50.94381468703795,108.43385982230997,38.4329895395026,38.37616402515144,0.4996300863131936,0.6800360313509899,tinba
51.06719367588933,108.58180919426594,48.1898232124646,48.16601401127267,0.4998764516926118,0.6800208036010043,tinba
50.91871921182266,108.32692307692308,38.57012599213033,38.53212586800015,0.49975357318876296,0.6800360313509899,tinba
50.51808406647116,107.37194525904204,46.09211920561815,46.09211920561815,0.5,0.68004259494866,tinba
50.96942800788955,108.43484698914116,38.45559900314216,38.41767434929291,0.4997533300444006,0.6800359071984646,tinba
51.016781836130306,108.43188548864758,48.14239733647787,48.14239733647787,0.5,0.68004259494866,tinba
50.693477194703284,107.79440628066732,37.75868027344196,37.74016203887921,0.4998773608045131,0.6800361555058211,tinba
51.016781836130306,108.53903162055336,47.9314209175655,47.884104608663655,0.4997530864197531,0.68004259494866,tinba
50.919211822660095,108.32790927021696,38.84134329296991,38.80307595967634,0.49975357318876296,0.6800359071984646,tinba
51.117705242334324,108.74306930693069,48.29054205804246,48.24277693236685,0.4997525977238991,0.6800208036010043,tinba
50.91822660098522,108.3259368836292,38.50095487323766,38.46302289799309,0.49975357318876296,0.6800361555058211,tinba
51.09243697478992,108.64638971315529,48.25036024381536,48.22650934898401,0.499876390605686,0.68004259494866,tinba
50.944307540660425,108.38135175135669,38.70870734440923,38.670551891137265,0.4997534516765286,0.6800359071984646,tinba
51.09243697478992,108.70014844136566,48.14557901685702,48.09798081713694,0.4997527200791296,0.68004259494866,tinba
50.89364844903988,108.31607495069034,38.52113424438695,38.464234489225376,0.49963045084996305,0.6800142401634524,tinba
51.04197530864197,108.64638971315529,48.25688148559049,48.185389809315545,0.49962935507783546,0.68004259494866,tinba
50.81858407079646,108.11368110236221,37.85306222182043,37.815841904984815,0.499754058042302,0.6800360313509899,tinba
51.06719367588933,108.64638971315529,44.48842781295967,44.44446691591129,0.49975284231339595,0.68004259494866,tinba
50.56996086105675,107.42640586797066,35.95813916937745,35.975731213980865,0.5001222792858889,0.6800360313509899,tinba
51.016781836130306,108.48543209876543,48.661710486693046,48.63769187342222,0.49987657368550975,0.68004259494866,tinba
50.868602362204726,108.22019704433498,37.97131737819582,37.933944034319644,0.499753815854259,0.6800360313509899,tinba
51.09243697478992,108.70014844136566,47.51019359889463,47.463223560734576,0.4997527200791296,0.68004259494866,tinba
50.39736713798147,107.04922027290448,37.08329866161528,37.10137925579452,0.5001218620521569,0.6800142401634524,tinba
51.09243697478992,108.70014844136566,47.560505856461226,47.513486078056424,0.4997527200791296,0.68004259494866,tinba
50.793611793611795,108.11368110236221,37.13029088273882,37.07555335318196,0.49963117777231375,0.6800360313509899,tinba
50.71638861629048,108.00540806293019,46.104183984181354,46.01369490864812,0.4995088408644401,0.68004259494866,tinba
51.04197530864197,108.59268413247652,47.96566829057103,47.91829479102479,0.49975296442687744,0.68004259494866,tinba
50.944307540660425,108.32790927021696,37.87493571513923,37.85626891587105,0.49987675622381067,0.6800359071984646,tinba
51.09243697478992,108.80782565626548,47.457009398488786,47.363174481240165,0.49950519544779814,0.68004259494866,tinba
50.91822660098522,108.3259368836292,37.42089663081857,37.38402875236456,0.49975357318876296,0.6800361555058211,tinba
51.016781836130306,108.53903162055336,47.47599908671249,47.429132355136275,0.4997530864197531,0.68004259494866,tinba
50.919211822660095,108.2745194677181,37.624927690956845,37.606393243818445,0.4998768169499877,0.6800359071984646,tinba
51.09243697478992,108.70014844136566,46.60839393353725,46.56231544225348,0.4997527200791296,0.68004259494866,tinba
50.868110236220474,108.0595179537629,37.50282361817629,37.52127973216162,0.5001230012300123,0.6800361555058211,tinba
51.09243697478992,108.68926274121722,46.975434467892626,46.92899310905141,0.4997527200791296,0.6800208036010043,tinba
50.39785470502194,106.84192607003891,36.671243066500864,36.76064151376196,0.500608716824933,0.680014116204846,tinba
51.06719367588933,108.70014844136566,49.11542382320003,49.04262428196011,0.49962917181705807,0.68004259494866,tinba
50.601272015655574,107.58325171400588,38.484462965507284,38.44680693520835,0.4997552618697993,0.6798993544074228,tinba
51.06719367588933,108.64638971315529,48.76384975447103,48.71566413218401,0.49975284231339595,0.68004259494866,tinba
50.919211822660095,108.38135175135669,39.15227418913717,39.09441368540938,0.49963026867143207,0.6800359071984646,tinba
51.04197530864197,108.64638971315529,47.84698942323467,47.77610499445951,0.49962935507783546,0.68004259494866,tinba
50.22594752186589,106.69596891694998,37.14884395845428,37.16689490304051,0.5001214476560603,0.6800360313509899,tinba
51.016781836130306,108.59268413247652,47.453332439773696,47.383065906052416,0.4996295381575698,0.68004259494866,tinba
50.89364844903988,108.32692307692308,38.75095974186077,38.693720510336604,0.49963045084996305,0.6800360313509899,tinba
51.04197530864197,108.59268413247652,47.452484860956254,47.40561820924173,0.49975296442687744,0.68004259494866,tinba
50.89364844903988,108.22019704433498,38.31809483599476,38.29922822110752,0.49987687761635063,0.6800360313509899,tinba
51.06719367588933,108.70014844136566,46.73379163538656,46.66452218138154,0.49962917181705807,0.68004259494866,tinba
50.868602362204726,108.20935960591133,38.46889393223005,38.43103084765109,0.499753815854259,0.6800142401634524,tinba
51.06719367588933,108.59268413247652,48.06006962322268,48.03632452953532,0.4998764516926118,0.68004259494866,tinba
50.89364844903988,108.22019704433498,39.11509526340563,39.095836230779625,0.49987687761635063,0.6800360313509899,tinba
51.06719367588933,108.64638971315529,48.61970717748384,48.571663988573285,0.49975284231339595,0.68004259494866,tinba
50.868602362204726,108.27353376047314,38.92221026009711,38.86474636699657,0.49963063284905196,0.6800360313509899,tinba
50.99161322150962,108.37839171188949,47.84828373868228,47.84828373868228,0.5,0.68004259494866,tinba
50.81907571288102,108.0614854894245,38.94427172275479,38.92512507982325,0.4998770592574379,0.6800359071984646,tinba
51.117705242334324,108.7539603960396,47.87021225497546,47.82286288578162,0.4997525977238991,0.68004259494866,tinba
50.91822660098522,108.3793783917119,39.022531284194955,38.96486251875033,0.49963026867143207,0.6800361555058211,tinba
51.117705242334324,108.7539603960396,47.823312964470475,47.77600998428801,0.4997525977238991,0.68004259494866,tinba
50.944307540660425,108.3704982733103,38.55445599008475,38.516452583490285,0.4997534516765286,0.680014116204846,tinba
51.09243697478992,108.64638971315529,48.01854878872032,47.994812481854915,0.499876390605686,0.68004259494866,tinba
50.91822660098522,108.2192118226601,38.59360781335298,38.59360781335298,0.5,0.6800361555058211,tinba
50.96646942800789,108.37839171188949,47.15828758046399,47.1350339869825,0.4998766954377312,0.68004259494866,tinba
50.944307540660425,108.38135175135669,38.622135740353485,38.584065621338844,0.4997534516765286,0.6800359071984646,tinba
51.09243697478992,108.70014844136566,48.356415910369115,48.30860927081363,0.4997527200791296,0.68004259494866,tinba
50.8931560807484,108.27254805322819,38.58730499561794,38.54930666475076,0.49975369458128077,0.6800361555058211,tinba
51.04197530864197,108.43188548864758,48.05216464775567,48.075894111779256,0.5001234263144902,0.68004259494866,tinba
51.04246913580247,108.64737883283877,48.0122684886775,47.94113920202761,0.49962935507783546,0.6800424707317224,tinba
50.968934911242606,108.42300098716683,38.58719271522232,38.549138284536696,0.4997533300444006,0.6800142401634524,tinba
50.89118660758247,108.16494337764648,46.86391875835774,46.86391875835774,0.5,0.68004259494866,tinba
50.89364844903988,108.38036507153429,38.58477506177341,38.50878338267588,0.49950714637752586,0.6800360313509899,tinba
50.666666666666664,107.68774509803922,46.39460055909842,46.39460055909842,0.5,0.68004259494866,tinba
50.968934911242606,108.47654320987654,38.82093697124118,38.76350954968609,0.4996299037749815,0.6800142401634524,tinba
50.86614173228347,108.16494337764648,47.979293688246926,47.955681831116884,0.49987693822298795,0.68004259494866,tinba
50.89364844903988,108.32692307692308,37.91843803710699,37.862428527450994,0.49963045084996305,0.6800360313509899,tinba
50.617042115572964,107.58227228207639,46.586838664225446,46.586838664225446,0.5,0.68004259494866,tinba
50.94381468703795,108.38036507153429,38.91643892129892,38.87807870550661,0.4997534516765286,0.6800360313509899,tinba
50.74828263002944,107.95233415233415,47.2874651327899,47.21785649913024,0.49963172109010556,0.6799057900144844,tinba
50.74446085672083,110.5064039408867,38.41272260609426,38.39380939949353,0.49987687761635063,0.685201136259507,tinba
51.04246913580247,108.64737883283877,48.979239903474266,48.90667806658023,0.49962935507783546,0.6800424707317224,tinba
50.943321833415474,108.3793783917119,39.03098889540885,38.99251576687715,0.4997534516765286,0.6800361555058211,tinba
50.247933884297524,106.59049005337215,44.50183309613453,44.588370447804216,0.5004856726566295,0.68004259494866,tinba
50.794103194103194,108.0614854894245,38.093888097261754,38.05644938660106,0.4997541789577188,0.6800359071984646,tinba
51.09243697478992,108.64638971315529,48.337369055910536,48.313475151285765,0.499876390605686,0.68004259494866,tinba
50.943321833415474,108.3793783917119,38.83324644699395,38.79496823462628,0.4997534516765286,0.6800361555058211,tinba
51.09243697478992,108.70014844136566,48.56087805420542,48.512869277088065,0.4997527200791296,0.68004259494866,tinba
50.89414081733136,108.2745194677181,38.69708893084816,38.65898249172374,0.49975369458128077,0.6800359071984646,tinba
51.06719367588933,108.70014844136566,48.48867556584302,48.41680499929286,0.49962917181705807,0.68004259494866,tinba
50.27431906614786,106.85068093385215,37.37818903195668,37.37818903195668,0.5,0.6800361555058211,tinba
51.117705242334324,108.70014844136566,48.35950656814549,48.33558989823048,0.49987632945832305,0.68004259494866,tinba
50.919211822660095,108.32790927021696,39.056539511833456,39.018060162560715,0.49975357318876296,0.6800359071984646,tinba
50.89118660758247,108.27156234598324,47.05047596164558,47.00414363672028,0.49975369458128077,0.68004259494866,tinba
50.89364844903988,108.27353376047314,39.04522258052988,39.006773321464856,0.49975369458128077,0.6800360313509899,tinba
51.06719367588933,108.64638971315529,48.57860558885148,48.530603014158935,0.49975284231339595,0.68004259494866,tinba
50.718842001962706,107.99655850540806,38.609558712678535,38.53377940215316,0.4995088408644401,0.6800142401634524,tinba
51.06719367588933,108.58180919426594,48.8055682907438,48.78145486767525,0.4998764516926118,0.6800208036010043,tinba
50.94381468703795,108.38036507153429,37.84855311800582,37.811245524986596,0.4997534516765286,0.6800360313509899,tinba
51.09243697478992,108.64638971315529,48.06924500845784,48.04548364167166,0.499876390605686,0.68004259494866,tinba
50.94381468703795,108.42300098716683,38.884418472973046,38.82692549346643,0.4996300863131936,0.6800142401634524,tinba
50.99161322150962,108.21822660098522,47.49559620788479,47.56589062753138,0.5003697313285679,0.68004259494866,tinba
50.793611793611795,107.99655850540806,38.60545639363338,38.58648565339081,0.4998771196854264,0.6800142401634524,tinba
51.06719367588933,108.70014844136566,47.903577271669064,47.8325739456735,0.49962917181705807,0.68004259494866,tinba
50.89364844903988,108.1560807483998,38.27572139006307,38.27572139006307,0.5,0.6800142401634524,tinba
50.567514677103716,107.26708984375,47.29077108942124,47.38331662971365,0.5004887585532747,0.68004259494866,tinba
50.89414081733136,108.26367668802365,38.771491522935435,38.73331181685672,0.49975369458128077,0.680014116204846,tinba
51.016781836130306,108.53903162055336,47.73788991171671,47.69076465020464,0.4997530864197531,0.68004259494866,tinba
50.8931560807484,108.27254805322819,37.41805408519804,37.38120715847702,0.49975369458128077,0.6800361555058211,tinba
50.99161322150962,108.3249506903353,48.11614374561298,48.139881359695664,0.5001233045622688,0.68004259494866,tinba
51.06719367588933,108.63550939663699,48.03690220738271,47.98943491271138,0.49975284231339595,0.6800208036010043,tinba
50.39785470502194,107.19161384690395,37.74660540564866,37.74660540564866,0.5,0.6801952873620117,tinba
51.14299851558634,108.7539603960396,48.112010558082716,48.088204516242996,0.4998762682504331,0.68004259494866,tinba
50.943321833415474,108.3793783917119,38.29845673998842,38.260705673709474,0.4997534516765286,0.6800361555058211,tinba
51.09243697478992,108.64638971315529,47.09874968414011,47.07546804811236,0.499876390605686,0.68004259494866,tinba
49.95940067665539,106.12995169082126,36.333951698888576,36.35151281619108,0.5001208021261174,0.6800359071984646,tinba
51.016781836130306,108.37839171188949,48.193293944977476,48.217081355611725,0.5001233654083395,0.68004259494866,tinba
50.843089030988686,108.0595179537629,38.08364237084717,38.08364237084717,0.5,0.6800361555058211,tinba
51.117705242334324,108.74306930693069,48.31750898117895,48.26971718198887,0.4997525977238991,0.6800208036010043,tinba
50.919211822660095,108.38135175135669,38.54789939085584,38.49093205185458,0.49963026867143207,0.6800359071984646,tinba
50.96646942800789,108.43188548864758,48.15078770752384,48.10330172359137,0.4997533300444006,0.68004259494866,tinba
50.12851600387973,106.59243085880641,37.348944332430804,37.330831362337484,0.4998787290807664,0.6800360313509899,tinba
51.06719367588933,108.64638971315529,46.43188415242653,46.38600284397551,0.49975284231339595,0.68004259494866,tinba
50.868602362204726,108.11368110236221,38.614654422811704,38.614654422811704,0.5,0.6800360313509899,tinba
50.02904162633107,106.38401937046005,42.61756863937711,42.59694058098439,0.49987896393125153,0.68004259494866,tinba
50.89364844903988,108.32692307692308,39.011848908938745,38.9542243167542,0.49963045084996305,0.6800360313509899,tinba
51.04197530864197,108.59268413247652,47.7469793694324,47.69982185894408,0.49975296442687744,0.68004259494866,tinba
50.94381468703795,108.38036507153429,38.03017490749223,37.992688288559265,0.4997534516765286,0.6800360313509899,tinba
50.29683698296837,106.9537487828627,43.93866824324576,43.91728689616875,0.49987831589194454,0.68004259494866,tinba
50.91871921182266,108.26269098077871,38.269084416911056,38.25023265118844,0.4998768169499877,0.6800142401634524,tinba
50.96646942800789,108.3249506903353,47.748511718364384,47.748511718364384,0.5,0.68004259494866,tinba
50.968934911242606,108.43385982230997,38.850192284061485,38.81187848496478,0.4997533300444006,0.6800360313509899,tinba
50.99161322150962,108.3249506903353,48.061152109450425,48.08486259396422,0.5001233045622688,0.68004259494866,tinba
50.919211822660095,108.43484698914116,38.45273262572286,38.37696369444065,0.4995069033530572,0.6800359071984646,tinba
50.567514677103716,107.42444987775062,46.118923258191714,46.141486332192784,0.5001222792858889,0.68004259494866,tinba
50.91822660098522,108.3793783917119,38.485554297911044,38.42867909451512,0.49963026867143207,0.6800361555058211,tinba
50.666666666666664,107.63498285154336,46.23923598710095,46.26190227925149,0.5001225189904435,0.68004259494866,tinba
50.944307540660425,108.21034482758621,38.11364317664757,38.13242762375287,0.5001231830500124,0.680014116204846,tinba
51.09243697478992,108.64638971315529,47.989158224864966,47.96543644620709,0.499876390605686,0.68004259494866,tinba
50.91822660098522,108.43287265547877,38.38466507037215,38.30903026235171,0.4995069033530572,0.6800361555058211,tinba
51.04197530864197,108.43188548864758,47.45024395647172,47.473676175709485,0.5001234263144902,0.68004259494866,tinba
50.919211822660095,108.38135175135669,38.37414161646067,38.31743106234767,0.49963026867143207,0.6800359071984646,tinba
50.79115479115479,108.05853418593212,46.08127952262879,46.03599079582522,0.4997541789577188,0.68004259494866,tinba
50.91822660098522,108.27254805322819,38.532242572352494,38.51326117207055,0.4998768169499877,0.6800361555058211,tinba
51.04246913580247,108.64737883283877,46.9204366102555,46.85092485231438,0.49962935507783546,0.6800424707317224,tinba
50.968934911242606,108.43385982230997,37.5863109827679,37.549243614934795,0.4997533300444006,0.6800360313509899,tinba
51.117705242334324,108.70014844136566,46.996577049144356,46.97333442943657,0.49987632945832305,0.68004259494866,tinba
50.12851600387973,106.37530266343826,36.253685489925594,36.30643091013402,0.5003634601405379,0.6800142401634524,tinba
51.016781836130306,108.43188548864758,47.52135089784108,47.52135089784108,0.5,0.68004259494866,tinba
50.592266275085656,107.68774509803922,45.68006751872523,45.61298959285339,0.4996326230712711,0.68004259494866,tinba
50.91871921182266,108.20935960591133,38.839862949672465,38.839862949672465,0.5,0.6800142401634524,tinba
51.09243697478992,108.7539603960396,48.34632286105074,48.27462786916584,0.4996289883749691,0.68004259494866,tinba
50.89364844903988,108.11368110236221,38.43610811101628,38.455032831898116,0.500123061777012,0.6800360313509899,tinba
50.641842234198926,107.84634266077565,46.344688182137475,46.253860767767776,0.49950956351152526,0.68004259494866,tinba
50.868602362204726,108.27353376047314,38.81051427883636,38.753215291219966,0.49963063284905196,0.6800360313509899,tinba
49.946911196911195,105.87132530120482,44.08037953101368,44.14420247435009,0.500361707258259,0.679769040111643,tinba
50.994573260976814,108.43484698914116,38.33397043873558,38.315058761163435,0.4998766345916605,0.6800359071984646,tinba
51.09243697478992,108.64638971315529,47.09638434319471,47.07310387639134,0.499876390605686,0.68004259494866,tinba
50.968441814595664,108.42201382033564,38.29288928601141,38.25512509539404,0.4997533300444006,0.6800143641243611,tinba
51.06719367588933,108.64638971315529,47.636306063872055,47.58923461519234,0.49975284231339595,0.68004259494866,tinba
50.96942800788955,108.43484698914116,38.197211437149846,38.1595416033854,0.4997533300444006,0.6800359071984646,tinba
51.06719367588933,108.63550939663699,47.25374847765439,47.20705505030493,0.49975284231339595,0.6800208036010043,tinba
50.968441814595664,108.48641975308642,38.71105990746289,38.653795025942976,0.4996299037749815,0.6800361555058211,tinba
51.04197530864197,108.59268413247652,47.771774732809526,47.72459273307342,0.49975296442687744,0.68004259494866,tinba
50.96942800788955,108.43484698914116,38.50042153330689,38.46245267577897,0.4997533300444006,0.6800359071984646,tinba
50.617042115572964,107.47700587084148,45.71448525762521,45.75925948412632,0.5002447381302007,0.68004259494866,tinba
50.91822660098522,108.3793783917119,38.60806489413175,38.55100864059362,0.49963026867143207,0.6800361555058211,tinba
51.04197530864197,108.48543209876543,48.0223142423238,48.0223142423238,0.5,0.68004259494866,tinba
50.39785470502194,107.20234032179425,37.97304028655711,37.97304028655711,0.5,0.6802170536879946,tinba
51.04197530864197,108.64638971315529,45.98302003449344,45.91489704184975,0.49962935507783546,0.68004259494866,tinba
50.27480544747082,106.7997083130773,37.115568075226975,37.13362039432971,0.50012156576708,0.6800360313509899,tinba
51.06719367588933,108.64638971315529,47.97526492700771,47.92785853873991,0.49975284231339595,0.68004259494866,tinba
50.39736713798147,107.00779347296638,37.19636393818708,37.23263538035011,0.5002436647173489,0.6800360313509899,tinba
51.117705242334324,108.70014844136566,48.41313128419671,48.38918809365062,0.49987632945832305,0.68004259494866,tinba
50.27480544747082,106.9036496350365,37.04381287100912,37.025795452297544,0.4998783750912187,0.6800360313509899,tinba
51.04197530864197,108.53903162055336,48.29561066093688,48.27176097665988,0.4998765127191899,0.68004259494866,tinba
50.89364844903988,108.22019704433498,38.56701526829117,38.548026092875965,0.49987687761635063,0.6800360313509899,tinba
51.117705242334324,108.7539603960396,48.319347067544236,48.271553450266744,0.4997525977238991,0.68004259494866,tinba
50.91871921182266,108.27353376047314,38.983538248980224,38.96433453555708,0.4998768169499877,0.6800360313509899,tinba
51.016781836130306,108.59268413247652,48.57070385047462,48.49878276876118,0.4996295381575698,0.68004259494866,tinba
50.91871921182266,108.27353376047314,38.72279477887804,38.70371951051406,0.4998768169499877,0.6800360313509899,tinba
51.09243697478992,108.70014844136566,48.28062966906367,48.232897954116495,0.4997527200791296,0.68004259494866,tinba
50.919211822660095,108.38135175135669,38.64402193012359,38.586912538108635,0.49963026867143207,0.6800359071984646,tinba
50.96646942800789,108.3249506903353,48.22282259338038,48.22282259338038,0.5,0.68004259494866,tinba
50.868110236220474,108.16592811422944,37.60899413723232,37.59048577397581,0.49987693822298795,0.6800361555058211,tinba
51.06719367588933,108.64638971315529,48.48713795682895,48.43922576517201,0.49975284231339595,0.68004259494866,tinba
50.919211822660095,108.2745194677181,38.697199186069795,38.67813652637222,0.4998768169499877,0.6800359071984646,tinba
50.99161322150962,108.3249506903353,48.38455286132924,48.40842289234124,0.5001233045622688,0.68004259494866,tinba
51.09243697478992,108.70014844136566,48.59284552465414,48.54480514351261,0.4997527200791296,0.68004259494866,tinba
50.868110236220474,108.16592811422944,38.68950193213595,38.670461822917375,0.49987693822298795,0.6800361555058211,tinba
51.09243697478992,108.70014844136566,48.47817002390612,48.43024301449049,0.4997527200791296,0.68004259494866,tinba
50.919211822660095,108.2745194677181,38.73518155112817,38.71610018090594,0.4998768169499877,0.6800359071984646,tinba
50.96646942800789,108.3249506903353,47.56345518941652,47.56345518941652,0.5,0.68004259494866,tinba
50.968441814595664,108.3793783917119,38.70965391236505,38.690566311816546,0.4998766954377312,0.6800361555058211,tinba
51.06768774703557,108.64737883283877,47.99615364592438,47.94872661662999,0.49975284231339595,0.6800424707317224,tinba
50.868602362204726,108.06050172159371,38.84171557398793,38.86083059149482,0.5001230012300123,0.6800360313509899,tinba
51.06719367588933,108.70014844136566,48.094946054621865,48.02365907924446,0.49962917181705807,0.68004259494866,tinba
50.94381468703795,108.36951159348791,38.69474489432635,38.65660320394259,0.4997534516765286,0.6800142401634524,tinba
51.04197530864197,108.64638971315529,48.073141882197206,48.0019224127421,0.49962935507783546,0.68004259494866,tinba
50.868602362204726,108.06050172159371,38.53072051881756,38.549682487576824,0.5001230012300123,0.6800360313509899,tinba
51.09243697478992,108.64638971315529,48.089139918659534,48.06536871751338,0.499876390605686,0.68004259494866,tinba
50.84358091490408,108.16691285081241,38.56426589336307,38.52632760915907,0.499753937007874,0.6800360313509899,tinba
51.06719367588933,108.64638971315529,48.22601068822169,48.17835652746258,0.49975284231339595,0.68004259494866,tinba
50.94381468703795,108.43385982230997,38.640723410710166,38.5835907491862,0.4996300863131936,0.6800360313509899,tinba
51.04197530864197,108.64638971315529,47.79820814211487,47.72739598190433,0.49962935507783546,0.68004259494866,tinba
50.94381468703795,108.36951159348791,38.32979868957896,38.29201672931323,0.4997534516765286,0.6800142401634524,tinba
50.592266275085656,107.31949193942354,46.829612407022886,46.921300341251026,0.5004889975550122,0.68004259494866,tinba
50.27480544747082,106.99707744763761,37.14883887879091,37.094633374590344,0.49963494767583355,0.6800142401634524,tinba
51.016781836130306,108.53903162055336,47.980515404535694,47.933150631184716,0.4997530864197531,0.68004259494866,tinba
50.89414081733136,108.26367668802365,38.15412994269811,38.11655817515238,0.49975369458128077,0.680014116204846,tinba
51.016781836130306,108.43188548864758,48.03490759224304,48.03490759224304,0.5,0.68004259494866,tinba
50.91822660098522,108.3259368836292,37.6568757801216,37.61977540989488,0.49975357318876296,0.6800361555058211,tinba
51.09243697478992,108.70014844136566,48.16593253312309,48.118314211291036,0.4997527200791296,0.68004259494866,tinba
50.1047018904508,106.43846899224806,36.63325372591939,36.651010998690076,0.5001211533801793,0.6800359071984646,tinba
51.06719367588933,108.70014844136566,48.35355068386618,48.281880401231994,0.49962917181705807,0.68004259494866,tinba
50.868110236220474,108.2192118226601,38.455008714120154,38.41715929609445,0.499753815854259,0.6800361555058211,tinba
51.09243697478992,108.70014844136566,47.86393295784282,47.8166132020763,0.4997527200791296,0.68004259494866,tinba
50.96942800788955,108.43484698914116,38.35464538277657,38.316820288710716,0.4997533300444006,0.6800359071984646,tinba
51.06719367588933,108.53903162055336,47.15543234717065,47.15543234717065,0.5,0.68004259494866,tinba
50.968934911242606,108.4874074074074,38.33180292552726,38.27509907504571,0.4996299037749815,0.6800360313509899,tinba
51.09243697478992,108.68926274121722,47.152916047131505,47.10629922454413,0.4997527200791296,0.6800208036010043,tinba
50.89364844903988,108.27353376047314,36.36626952447075,36.33045832848408,0.49975369458128077,0.6800360313509899,tinba
50.8411214953271,107.95233415233415,35.92902611938415,35.96437193947208,0.5002458210422812,0.68004259494866,tinba
50.868602362204726,108.11368110236221,37.922169533815726,37.922169533815726,0.5,0.6800360313509899,tinba
51.14299851558634,108.7539603960396,47.61790647854395,47.594344921652045,0.4998762682504331,0.68004259494866,tinba
50.94381468703795,108.38036507153429,37.737341945189534,37.70014397382907,0.4997534516765286,0.6800360313509899,tinba
51.06719367588933,108.64638971315529,46.21273178375221,46.16706702902518,0.49975284231339595,0.68004259494866,tinba
51.06818181818182,108.64688427299703,46.66019712113311,46.61409020698179,0.49975284231339595,0.6800393751973404,tinba
50.84259714707329,108.20886699507389,45.79282844639739,45.72525417913758,0.4996308146689638,0.6800174598408183,tinba
51.04197530864197,108.43188548864758,47.61094715735793,47.63445873620107,0.5001234263144902,0.68004259494866,tinba
50.56996086105675,107.4156479217604,37.40031160479392,37.418609213211134,0.5001222792858889,0.6800142401634524,tinba
51.06719367588933,108.48543209876543,47.38314076442711,47.40655140709728,0.5001234872808101,0.68004259494866,tinba
50.25085075352455,106.85262645914396,37.10229795504822,37.08426086318869,0.49987843423292,0.6800359071984646,tinba
50.96646942800789,108.3249506903353,48.195312355516876,48.195312355516876,0.5,0.68004259494866,tinba
50.968441814595664,108.43287265547877,37.60818337023101,37.57109443199607,0.4997533300444006,0.6800361555058211,tinba
51.06719367588933,108.64638971315529,47.514069323212844,47.46711866182627,0.49975284231339595,0.68004259494866,tinba
50.994573260976814,108.42398815399802,38.111995341201606,38.09319317280437,0.4998766345916605,0.680014116204846,tinba
51.09243697478992,108.64638971315529,48.27070937575525,48.24684842203516,0.499876390605686,0.68004259494866,tinba
50.8931560807484,108.27254805322819,38.87638552974114,38.838102530696595,0.49975369458128077,0.6800361555058211,tinba
51.016781836130306,108.48543209876543,47.145765060642766,47.12249469289319,0.49987657368550975,0.68004259494866,tinba
50.944307540660425,108.32790927021696,37.45479796333926,37.43633823048399,0.49987675622381067,0.6800359071984646,tinba
51.04197530864197,108.43188548864758,46.39750523698222,46.4204175852474,0.5001234263144902,0.68004259494866,tinba
50.943321833415474,108.36852491366551,38.18660417416495,38.148963361770505,0.4997534516765286,0.6800143641243611,tinba
50.691515448749385,107.63498285154336,46.25522022247261,46.30059071803168,0.5002450980392157,0.68004259494866,tinba
50.944307540660425,108.38135175135669,38.404461613692284,38.366606057641334,0.4997534516765286,0.6800359071984646,tinba
50.247933884297524,106.69402622632346,44.350652811544684,44.393774496339574,0.500242954324587,0.68004259494866,tinba
50.94381468703795,108.36951159348791,37.796997382053014,37.759740607896234,0.4997534516765286,0.6800142401634524,tinba
50.99161322150962,108.3249506903353,47.267030673520985,47.29034938623609,0.5001233045622688,0.68004259494866,tinba
50.91871921182266,108.27353376047314,37.55124306183344,37.532744912541894,0.4998768169499877,0.6800360313509899,tinba
51.09243697478992,108.70014844136566,48.39239521863976,48.34455300883389,0.4997527200791296,0.68004259494866,tinba
50.94381468703795,108.38036507153429,38.4698174627601,38.43189748497522,0.4997534516765286,0.6800360313509899,tinba
50.592266275085656,107.58227228207639,45.19069983730012,45.16858006253884,0.49987760097919215,0.68004259494866,tinba
50.89364844903988,108.38036507153429,38.152003351681394,38.07686400485386,0.49950714637752586,0.6800360313509899,tinba
51.016781836130306,108.37839171188949,46.452526547877845,46.475454744594465,0.5001233654083395,0.68004259494866,tinba
50.968934911242606,108.38036507153429,38.35622097672987,38.33730765277685,0.4998766954377312,0.6800360313509899,tinba
50.8411214953271,108.05853418593212,46.197119345759745,46.197119345759745,0.5,0.68004259494866,tinba
50.91871921182266,108.38036507153429,37.9315934867144,37.8755369446158,0.49963026867143207,0.6800360313509899,tinba
51.117705242334324,108.74306930693069,46.236208974003674,46.19047582961792,0.4997525977238991,0.6800208036010043,tinba
50.994573260976814,108.54199604743083,37.737601862201046,37.68174946674638,0.49962972105652925,0.6800359071984646,tinba
51.016781836130306,108.59268413247652,47.57571220130825,47.50526445372487,0.4996295381575698,0.68004259494866,tinba
50.943321833415474,108.3793783917119,37.385192311256525,37.34834145634154,0.4997534516765286,0.6800361555058211,tinba
51.09243697478992,108.64638971315529,47.535928415541434,47.51243067534591,0.499876390605686,0.68004259494866,tinba
50.944307540660425,108.38135175135669,37.91966555506252,37.88228786599888,0.4997534516765286,0.6800359071984646,tinba
50.44411908247926,107.05799220272904,44.547501061848976,44.61272434305227,0.5003657644476956,0.68004259494866,tinba
50.968441814595664,108.48641975308642,37.66400074573056,37.60828476829605,0.4996299037749815,0.6800361555058211,tinba
49.98065764023211,106.0246138996139,43.47730097119692,43.5613963309091,0.5004830917874397,0.68004259494866,tinba
48.849716446124766,103.7737364194615,30.27556733928173,30.289875263355114,0.5001181195369714,0.6800359071984646,tinba
50.916256157635466,108.36753823384312,38.08782301364005,38.031535590467186,0.49963026867143207,0.6800208036010043,tinba
50.345835362883584,106.74586977648202,44.60087986048904,44.709503532823405,0.5006081245439066,0.68004259494866,tinba
49.623139702352375,105.61875,34.385254765503085,34.335732075010284,0.49963968292097044,0.6800360313509899,tinba
50.89118660758247,108.37839171188949,45.91621483269591,45.825784079701926,0.49950714637752586,0.68004259494866,tinba
50.39736713798147,107.11214041930765,36.35422012747587,36.35422012747587,0.5,0.6800360313509899,tinba
51.04197530864197,108.48543209876543,47.022272304222305,47.022272304222305,0.5,0.68004259494866,tinba
50.91871921182266,108.38036507153429,38.055045258462776,37.99880627532219,0.49963026867143207,0.6800360313509899,tinba
51.06719367588933,108.70014844136566,47.0461667640931,46.97643430347439,0.49962917181705807,0.68004259494866,tinba
50.89364844903988,108.27353376047314,37.89693956716308,37.85962106438892,0.49975369458128077,0.6800360313509899,tinba
50.96646942800789,108.48543209876543,47.0888195974777,47.019161580321665,0.4996299037749815,0.68004259494866,tinba
50.868602362204726,108.26269098077871,38.06334445254109,38.00714856998321,0.49963063284905196,0.6800142401634524,tinba
50.370370370370374,107.16243902439024,43.75536793571362,43.712721378271404,0.499756216479766,0.68004259494866,tinba
50.91871921182266,108.38036507153429,38.0926860840451,38.03639147406868,0.49963026867143207,0.6800360313509899,tinba
51.04197530864197,108.64638971315529,46.89086806983453,46.82140011713848,0.49962935507783546,0.68004259494866,tinba
50.89414081733136,108.2745194677181,38.006749450188885,37.969322813605736,0.49975369458128077,0.6800359071984646,tinba
51.06719367588933,108.64638971315529,47.08822911156448,47.041699240900876,0.49975284231339595,0.68004259494866,tinba
50.030977734753144,106.32284607938044,35.97052038844216,35.97052038844216,0.5,0.6800143641243611,tinba
50.99161322150962,108.37839171188949,48.13996628887545,48.13996628887545,0.5,0.68004259494866,tinba
50.89414081733136,108.32790927021696,38.53708882768469,38.48016550593036,0.49963045084996305,0.6800359071984646,tinba
51.09243697478992,108.68926274121722,47.69593051614213,47.648776852754935,0.4997527200791296,0.6800208036010043,tinba
50.87746062992126,108.28141941843272,37.770043341689664,37.71428048242536,0.49963063284905196,0.6800139900831358,tinba
51.04197530864197,108.59268413247652,47.816765794176476,47.769539358824204,0.49975296442687744,0.68004259494866,tinba
50.42146341463415,107.26806640625,37.620388868278475,37.583686049870394,0.4997559785261103,0.6800361555058211,tinba
51.14299851558634,108.79692917285784,47.679772563230216,47.63258822620575,0.49975247524752475,0.6800208036010043,tinba
50.69445806768024,107.7855740922473,38.13680301490383,38.118099335151555,0.4998773608045131,0.680014116204846,tinba
51.06719367588933,108.64638971315529,47.57067000427377,47.52366341336046,0.49975284231339595,0.68004259494866,tinba
50.91871921182266,108.38036507153429,38.799901104977124,38.74256134964957,0.49963026867143207,0.6800360313509899,tinba
51.09243697478992,108.64638971315529,46.92303298287666,46.89983820631568,0.499876390605686,0.68004259494866,tinba
50.94381468703795,108.32692307692308,38.84100885761049,38.82186592569447,0.49987675622381067,0.6800360313509899,tinba
51.04197530864197,108.59268413247652,48.01981014732719,47.97238317434218,0.49975296442687744,0.68004259494866,tinba
50.22594752186589,106.64417475728155,36.338331416401644,36.3736456354652,0.5002428363283147,0.6800360313509899,tinba
51.117705242334324,108.70014844136566,46.288261496916604,46.26536918163623,0.49987632945832305,0.68004259494866,tinba
50.91871921182266,108.27353376047314,37.555007642078166,37.536507638313594,0.4998768169499877,0.6800360313509899,tinba
51.06719367588933,108.59268413247652,46.27659404402691,46.253730114163254,0.4998764516926118,0.68004259494866,tinba
50.968934911242606,108.43385982230997,37.439053551757965,37.402131408215794,0.4997533300444006,0.6800360313509899,tinba
50.44411908247926,107.16243902439024,46.625057000772905,46.64781203103195,0.5001219809709685,0.68004259494866,tinba
50.968934911242606,108.43385982230997,38.488770754768,38.45081338715975,0.4997533300444006,0.6800360313509899,tinba
51.09243697478992,108.63550939663699,47.159688297575435,47.13637653865424,0.499876390605686,0.6800208036010043,tinba
50.919211822660095,108.38135175135669,38.23697781030424,38.18046996132349,0.49963026867143207,0.6800359071984646,tinba
51.04197530864197,108.59268413247652,46.994700651701585,46.948286132539415,0.49975296442687744,0.68004259494866,tinba
51.06719367588933,108.70014844136566,48.40323738604278,48.3314934571109,0.49962917181705807,0.68004259494866,tinba
50.8931560807484,108.26170527353376,37.74789974741446,37.710728009603116,0.49975369458128077,0.6800143641243611,tinba
50.150412421154776,106.3325266214908,44.666889327824656,44.775251504748056,0.5006057669008965,0.68004259494866,tinba
50.919211822660095,108.2745194677181,38.0882804870587,38.069517787311376,0.4998768169499877,0.6800359071984646,tinba
51.09243697478992,108.63550939663699,47.01615362857851,46.99291282105079,0.499876390605686,0.6800208036010043,tinba
50.76817288801572,108.2192118226601,37.61079528636956,37.49995797216611,0.49926217412690604,0.6800361555058211,tinba
51.04197530864197,108.58180919426594,47.485429598650526,47.43853040892347,0.49975296442687744,0.6800208036010043,tinba
50.1047018904508,106.18124697921701,35.7927311170486,35.896830189613944,0.5007260406582769,0.6800359071984646,tinba
51.06719367588933,108.63550939663699,46.63993364364279,46.593846752690574,0.49975284231339595,0.6800208036010043,tinba
50.968441814595664,108.3793783917119,37.75400039324122,37.73538402223864,0.4998766954377312,0.6800361555058211,tinba
51.04246913580247,108.64737883283877,47.434178632417414,47.3639057751842,0.49962935507783546,0.6800424707317224,tinba
50.89364844903988,108.32692307692308,38.32573262195764,38.26912149548503,0.49963045084996305,0.6800360313509899,tinba
51.117705242334324,108.70014844136566,47.635188470716244,47.611630019444874,0.49987632945832305,0.68004259494866,tinba
50.94381468703795,108.16691285081241,38.06341881481759,38.100938202510854,0.5002463054187192,0.6800360313509899,tinba
51.016781836130306,108.59268413247652,46.78492324193426,46.71564645529764,0.4996295381575698,0.68004259494866,tinba
50.37280701754386,106.9036496350365,36.60372383720563,36.6572380533419,0.5003652300949598,0.6800360313509899,tinba
51.117705242334324,108.68926274121722,48.10856601118363,48.08477344639076,0.49987632945832305,0.6800208036010043,tinba
50.968934911242606,108.4874074074074,39.0030069881334,38.945310232233794,0.4996299037749815,0.6800360313509899,tinba
51.04197530864197,108.64638971315529,49.00289847246036,48.93030158583449,0.49962935507783546,0.68004259494866,tinba
50.99407992106561,108.42300098716683,38.237730701895494,38.21886650322657,0.4998766345916605,0.6800142401634524,tinba
50.74128620520373,107.79342492639843,46.45314809918439,46.475952786518306,0.5001226993865031,0.68004259494866,tinba
50.669117647058826,108.00737463126843,37.453988696427935,37.34382990614433,0.4992636229749632,0.6800360313509899,tinba
51.06719367588933,108.64638971315529,47.90458609765534,47.85724955012801,0.49975284231339595,0.68004259494866,tinba
50.91871921182266,108.32692307692308,38.26753334179814,38.229831338505726,0.49975357318876296,0.6800360313509899,tinba
51.04197530864197,108.53903162055336,48.460113533431155,48.43618261316773,0.4998765127191899,0.68004259494866,tinba
50.86909448818898,108.22118226600985,38.79457094496144,38.7563873121416,0.499753815854259,0.6800359071984646,tinba
50.72339382050024,107.63498285154336,46.22837149505531,46.273715655423196,0.5002450980392157,0.6799057900144844,tinba
50.91822660098522,108.31508875739645,38.32737669719071,38.289615734927466,0.49975357318876296,0.6800143641243611,tinba
51.06719367588933,108.63550939663699,48.907819961279195,48.859492075941965,0.49975284231339595,0.6800208036010043,tinba
50.944307540660425,108.38135175135669,37.797246502522036,37.75998948280541,0.4997534516765286,0.6800359071984646,tinba
51.04197530864197,108.58180919426594,46.91293752594797,46.86660376049024,0.49975296442687744,0.6800208036010043,tinba
50.87057086614173,108.32741617357001,38.32114817453458,38.245712843482345,0.4995073891625616,0.6800286017637754,tinba
51.04197530864197,108.59268413247652,46.83375281514398,46.78749725680803,0.49975296442687744,0.68004259494866,tinba
50.91871921182266,108.32692307692308,38.02457869397967,37.9871160548723,0.49975357318876296,0.6800360313509899,tinba
50.44607125427038,107.16292682926829,45.198211675481204,45.220270343941664,0.5001219809709685,0.6800351650528714,tinba
50.89414081733136,108.31706114398422,38.256901805072765,38.20039234893529,0.49963045084996305,0.680014116204846,tinba
51.09243697478992,108.70014844136566,46.89189829414735,46.84553952173594,0.4997527200791296,0.68004259494866,tinba
50.89364844903988,108.11368110236221,38.25261252084855,38.27144689432017,0.500123061777012,0.6800360313509899,tinba
50.12851600387973,106.38547215496368,43.69517432081921,43.758746349414004,0.5003634601405379,0.6800350409068537,tinba
51.06719367588933,108.53903162055336,48.448483039669235,48.448483039669235,0.5,0.68004259494866,tinba
50.843089030988686,108.16592811422944,37.51334254337181,37.47643812375217,0.499753937007874,0.6800361555058211,tinba
51.09243697478992,108.70014844136566,46.76955212598978,46.72331430876191,0.4997527200791296,0.68004259494866,tinba
50.944307540660425,108.42398815399802,38.24872995816994,38.19217688282518,0.4996300863131936,0.680014116204846,tinba
51.04197530864197,108.59268413247652,46.73820538299521,46.69204419249349,0.49975296442687744,0.68004259494866,tinba
50.8931560807484,108.27254805322819,37.69068738651903,37.65357198781247,0.49975369458128077,0.6800361555058211,tinba
51.09243697478992,108.64638971315529,47.61568723611272,47.59215006990604,0.499876390605686,0.68004259494866,tinba
50.919211822660095,108.2745194677181,38.555663783706315,38.53667084588183,0.4998768169499877,0.6800359071984646,tinba
50.99161322150962,108.43188548864758,48.621560598255385,48.59757364186749,0.4998766345916605,0.68004259494866,tinba
50.89364844903988,108.26269098077871,38.343608253550734,38.305849899780625,0.49975369458128077,0.6800142401634524,tinba
51.09243697478992,108.70014844136566,46.76467158813936,46.71843859596126,0.4997527200791296,0.68004259494866,tinba
50.968934911242606,108.36951159348791,37.94684519575537,37.92813373362729,0.4998766954377312,0.6800142401634524,tinba
50.592266275085656,107.31949193942354,44.64574013666417,44.73315225636396,0.5004889975550122,0.68004259494866,tinba
50.47119140625,107.11214041930765,36.90470846873487,36.958768100280864,0.5003659429129056,0.6800360313509899,tinba
50.96646942800789,108.3249506903353,47.676297698431725,47.676297698431725,0.5,0.68004259494866,tinba
50.89364844903988,108.22019704433498,38.54092373755855,38.52194740878575,0.49987687761635063,0.6800360313509899,tinba
51.06719367588933,108.59268413247652,47.95875983525673,47.93506479581243,0.4998764516926118,0.68004259494866,tinba
50.89364844903988,108.32692307692308,38.38799022100808,38.33128713353244,0.49963045084996305,0.6800360313509899,tinba
51.04197530864197,108.59268413247652,46.54459470010032,46.498624730026144,0.49975296442687744,0.68004259494866,tinba
50.89364844903988,108.32692307692308,37.762766457456586,37.70698689104971,0.49963045084996305,0.6800360313509899,tinba
50.99161322150962,108.37839171188949,48.2074029401123,48.2074029401123,0.5,0.68004259494866,tinba
50.96942800788955,108.4883950617284,38.38760622268664,38.33081982294894,0.4996299037749815,0.6800359071984646,tinba
51.09243697478992,108.70014844136566,48.124238243750874,48.07666114217524,0.4997527200791296,0.68004259494866,tinba
50.8180924287119,108.27254805322819,37.8717957080725,37.7786988651323,0.4993846911149397,0.6800361555058211,tinba
51.09243697478992,108.64638971315529,48.6809671251261,48.65690337469351,0.499876390605686,0.68004259494866,tinba
50.86909448818898,108.10383858267717,38.86902979298856,38.86902979298856,0.5,0.680014116204846,tinba
50.916256157635466,108.53903162055336,47.59331162610646,47.45264173952684,0.49925999013320177,0.68004259494866,tinba
41.45,356.1904761904762,113.70868395939966,119.39411815736965,0.5121951219512195,0.9002286677097123,tinba
2.0566502463054186,1372.0658499234303,431.50215093843354,694.0170063123081,0.6166194523135033,0.9990689054565486,tinba
50.943321833415474,108.48641975308642,38.09288133965126,38.01778448141636,0.4995066600888012,0.6800361555058211,tinba
51.016781836130306,108.37839171188949,46.8609066524482,46.884036418811704,0.5001233654083395,0.68004259494866,tinba
50.89414081733136,108.38135175135669,38.62986717933773,38.55378669252466,0.49950714637752586,0.6800359071984646,tinba
51.06719367588933,108.64638971315529,47.44396020439048,47.397078820789304,0.49975284231339595,0.68004259494866,tinba
50.42146341463415,107.00681928884559,37.12584995322288,37.18018046534955,0.5003655861564709,0.6800361555058211,tinba
51.06719367588933,108.70014844136566,48.095162946603836,48.023875649746216,0.49962917181705807,0.68004259494866,tinba
50.275291828793776,106.95666991236611,37.07182428661162,37.0357622007297,0.4997566909975669,0.6800359071984646,tinba
51.06719367588933,108.64638971315529,48.96839507502247,48.92000733285348,0.49975284231339595,0.68004259494866,tinba
50.968934911242606,108.4874074074074,38.29924096119092,38.24258527929567,0.4996299037749815,0.6800360313509899,tinba
51.04197530864197,108.59268413247652,46.78877222249821,46.74256108943896,0.49975296442687744,0.68004259494866,tinba
50.44655929721816,106.94498539435249,37.60819302633255,37.69996509325869,0.5006093102607848,0.6800142401634524,tinba
51.09243697478992,108.64638971315529,47.81923171169092,47.79559393032083,0.499876390605686,0.68004259494866,tinba
50.567514677103716,107.68774509803922,44.31733103672489,44.230604361506245,0.49951028403525954,0.68004259494866,tinba
50.968934911242606,108.43385982230997,37.95429426808513,37.91686399760378,0.4997533300444006,0.6800360313509899,tinba
51.06719367588933,108.53903162055336,48.43488322060445,48.43488322060445,0.5,0.68004259494866,tinba
50.61949069539667,107.58423114593536,37.58366554087714,37.58366554087714,0.5,0.6800360313509899,tinba
50.8411214953271,108.00540806293019,46.852400192492745,46.87544613454513,0.5001229407425621,0.68004259494866,tinba
49.862518089725036,105.97539797395079,35.61081417862951,35.61081417862951,0.5,0.6800360313509899,tinba
51.117705242334324,108.80782565626548,48.70061721837383,48.62836110974123,0.49962880475129917,0.68004259494866,tinba
50.10421715947649,106.54073714839961,36.38420124103111,36.36656469171408,0.49987878787878787,0.6800360313509899,tinba
51.016781836130306,108.37839171188949,47.6268354790386,47.650343295168426,0.5001233654083395,0.68004259494866,tinba
50.25085075352455,106.80068060281964,36.76765257182997,36.76765257182997,0.5,0.6800359071984646,tinba
51.117705242334324,108.68926274121722,47.73879724756837,47.71518755555672,0.49987632945832305,0.6800208036010043,tinba
50.91822660098522,108.3793783917119,37.47453046700727,37.419149387499374,0.49963026867143207,0.6800361555058211,tinba
51.09243697478992,108.70014844136566,48.48131026451443,48.43338015056039,0.4997527200791296,0.68004259494866,tinba
50.89414081733136,108.15706548498277,38.5537137386498,38.5537137386498,0.5,0.680014116204846,tinba
51.09243697478992,108.70014844136566,48.2817898389292,48.23405697700243,0.4997527200791296,0.68004259494866,tinba
50.943321833415474,108.3259368836292,38.84992961515755,38.830782286613854,0.49987675622381067,0.6800361555058211,tinba
51.06719367588933,108.63550939663699,48.373066144911434,48.32526667243622,0.49975284231339595,0.6800208036010043,tinba
50.86909448818898,108.11466535433071,38.687334232697204,38.687334232697204,0.5,0.6800359071984646,tinba
51.09243697478992,108.7539603960396,48.56979253290835,48.49776614754072,0.4996289883749691,0.68004259494866,tinba
50.94381468703795,108.42300098716683,38.6271518335139,38.57003923839289,0.4996300863131936,0.6800142401634524,tinba
51.09243697478992,108.70014844136566,48.008979821378,47.961516667822515,0.4997527200791296,0.68004259494866,tinba
50.94381468703795,108.38036507153429,38.853460147287116,38.81516201012863,0.4997534516765286,0.6800360313509899,tinba
51.09243697478992,108.70014844136566,47.9878424512291,47.94040019472764,0.4997527200791296,0.68004259494866,tinba
50.84358091490408,108.16691285081241,38.83930515512153,38.80109629613961,0.499753937007874,0.6800360313509899,tinba
51.04197530864197,108.64638971315529,48.584314218773244,48.51233745696766,0.49962935507783546,0.68004259494866,tinba
50.99407992106561,108.47654320987654,38.753869022758764,38.71563136215416,0.4997532082922014,0.6800142401634524,tinba
51.04197530864197,108.59268413247652,48.4602849596114,48.412422949774744,0.49975296442687744,0.68004259494866,tinba
50.768664047151276,108.00737463126843,37.75128424877057,37.71420047249476,0.49975429975429975,0.6800360313509899,tinba
51.117705242334324,108.68926274121722,47.885365152556886,47.861682973945335,0.49987632945832305,0.6800208036010043,tinba
50.968934911242606,108.42300098716683,38.15213990884929,38.114514524323795,0.4997533300444006,0.6800142401634524,tinba
51.04197530864197,108.53903162055336,47.03931726381559,47.01608797133964,0.4998765127191899,0.68004259494866,tinba
50.91871921182266,108.27353376047314,37.75353605524571,37.73493825423327,0.4998768169499877,0.6800360313509899,tinba
51.0172754195459,108.54001976284584,47.610387341633796,47.56338794642982,0.4997530864197531,0.6800424707317224,tinba
50.868110236220474,108.2192118226601,38.70547255663893,38.66737661908318,0.499753815854259,0.6800361555058211,tinba
50.96646942800789,108.3249506903353,47.25072645077859,47.25072645077859,0.5,0.68004259494866,tinba
50.37329434697856,106.90462287104623,37.19251604997016,37.24689107343503,0.5003652300949598,0.6800359071984646,tinba
50.71638861629048,107.79342492639843,47.10796282256621,47.10796282256621,0.5,0.68004259494866,tinba
50.8931560807484,108.1126968503937,38.65797932538631,38.677013288618895,0.500123061777012,0.6800361555058211,tinba
51.06719367588933,108.70014844136566,48.21370712610008,48.14224412146653,0.49962917181705807,0.68004259494866,tinba
51.04197530864197,108.53903162055336,47.99655162579109,47.97284962498823,0.4998765127191899,0.68004259494866,tinba
50.919211822660095,108.32790927021696,38.70982336092284,38.671685603917005,0.49975357318876296,0.6800359071984646,tinba
51.117705242334324,108.68926274121722,48.18184991820505,48.15802111013472,0.49987632945832305,0.6800208036010043,tinba
50.56947162426614,107.6359627633513,37.493473917736715,37.4384443571921,0.4996328029375765,0.6800361555058211,tinba
51.09243697478992,108.70014844136566,48.06789052920234,48.020369134709796,0.4997527200791296,0.68004259494866,tinba
50.89414081733136,108.2745194677181,38.53344554217773,38.49550024868469,0.49975369458128077,0.6800359071984646,tinba
51.016781836130306,108.59268413247652,48.191717751147436,48.12035785319411,0.4996295381575698,0.68004259494866,tinba
50.91871921182266,108.27353376047314,38.829565151855824,38.810437287248995,0.4998768169499877,0.6800360313509899,tinba
51.016781836130306,108.48543209876543,48.32360042587432,48.29974869812216,0.49987657368550975,0.68004259494866,tinba
50.868602362204726,108.11368110236221,39.055423092708914,39.055423092708914,0.5,0.6800360313509899,tinba
51.06719367588933,108.70014844136566,47.92190251900269,47.85087203107927,0.49962917181705807,0.68004259494866,tinba
50.91871921182266,108.31607495069034,39.09584448855366,39.05732641516592,0.49975357318876296,0.6800142401634524,tinba
51.09243697478992,108.70014844136566,47.05865260148714,47.01212897064039,0.4997527200791296,0.68004259494866,tinba
50.868602362204726,108.22019704433498,38.811797395560845,38.773596807573085,0.499753815854259,0.6800360313509899,tinba
51.09243697478992,108.70014844136566,48.52701093293627,48.479035637896295,0.4997527200791296,0.68004259494866,tinba
50.868602362204726,108.31607495069034,38.3472790521651,38.271792282377376,0.4995073891625616,0.6800142401634524,tinba
51.06719367588933,108.59268413247652,48.56440476298556,48.54041049185761,0.4998764516926118,0.68004259494866,tinba
50.91871921182266,108.38036507153429,38.4827498088221,38.42587874999133,0.49963026867143207,0.6800360313509899,tinba
51.06719367588933,108.53903162055336,45.43503199296869,45.43503199296869,0.5,0.68004259494866,tinba
50.96942800788955,108.43484698914116,38.215729500958794,38.178041404804,0.4997533300444006,0.6800359071984646,tinba
51.09243697478992,108.68926274121722,48.56284218285757,48.51483146394224,0.4997527200791296,0.6800208036010043,tinba
50.868110236220474,108.2192118226601,38.94734532495877,38.909011323654674,0.499753815854259,0.6800361555058211,tinba
51.09243697478992,108.70014844136566,47.39745342301219,47.35059484325637,0.4997527200791296,0.68004259494866,tinba
50.919211822660095,108.32790927021696,38.285462310185196,38.24774264288452,0.49975357318876296,0.6800359071984646,tinba
51.06719367588933,108.70014844136566,47.17263777937545,47.102717861718276,0.49962917181705807,0.68004259494866,tinba
50.91822660098522,108.27254805322819,38.89126557205418,38.87210731315169,0.4998768169499877,0.6800361555058211,tinba
51.06719367588933,108.70014844136566,47.52114103161143,47.45070455775034,0.49962917181705807,0.68004259494866,tinba
50.96942800788955,108.3704982733103,38.76657596421281,38.7474602955914,0.4998766954377312,0.680014116204846,tinba
51.06719367588933,108.64638971315529,48.254480209136155,48.206797916439385,0.49975284231339595,0.68004259494866,tinba
50.59422418012726,107.58325171400588,37.07556380768157,37.057416199356716,0.49987760097919215,0.6800361555058211,tinba
51.09243697478992,108.70014844136566,47.29713032937389,47.25037093211302,0.4997527200791296,0.68004259494866,tinba
50.919211822660095,108.38135175135669,38.56290156615451,38.50591205645083,0.49963026867143207,0.6800359071984646,tinba
51.04197530864197,108.43188548864758,48.263505453258375,48.287339283111834,0.5001234263144902,0.68004259494866,tinba
50.91871921182266,108.38036507153429,38.852231667769125,38.794814576634494,0.49963026867143207,0.6800360313509899,tinba
51.06719367588933,108.63550939663699,48.16964624528642,48.122047780617166,0.49975284231339595,0.6800208036010043,tinba
50.34827082318558,107.10141394441736,37.06748699245686,37.03137643523088,0.49975633528265107,0.6800142401634524,tinba
50.99161322150962,108.48543209876543,48.14797282203636,48.100466188763505,0.4997532082922014,0.68004259494866,tinba
50.94381468703795,108.36951159348791,38.421168425004986,38.38329640092908,0.4997534516765286,0.6800142401634524,tinba
51.04197530864197,108.53903162055336,48.57721516172546,48.55322641349745,0.4998765127191899,0.68004259494866,tinba
51.01924975320829,108.47654320987654,37.99514864178093,37.9763948665382,0.49987657368550975,0.6800142401634524,tinba
51.04197530864197,108.53903162055336,48.25381252539287,48.22998348217045,0.4998765127191899,0.68004259494866,tinba
50.617042115572964,107.52961331375428,45.924503022468855,45.946992984771725,0.5001223990208078,0.68004259494866,tinba
50.94381468703795,108.43385982230997,38.14578331352476,38.08938245106021,0.4996300863131936,0.6800360313509899,tinba
51.117705242334324,108.74306930693069,48.01747554547001,47.96998051525689,0.4997525977238991,0.6800208036010043,tinba
50.91871921182266,108.32692307692308,38.98267796067293,38.94427138140133,0.49975357318876296,0.6800360313509899,tinba
51.016781836130306,108.59268413247652,48.32898713721837,48.25742397758774,0.4996295381575698,0.68004259494866,tinba
50.944307540660425,108.4883950617284,38.86746017506346,38.790836300888856,0.4995066600888012,0.6800359071984646,tinba
50.39492930277913,107.37194525904204,44.77015711136758,44.66101484634718,0.49938979741274103,0.68004259494866,tinba
50.103732428502184,106.48812409112942,35.76556631134261,35.76556631134261,0.5,0.6800361555058211,tinba
51.09243697478992,108.7539603960396,46.838149403254825,46.76869095134688,0.4996289883749691,0.68004259494866,tinba
50.944307540660425,108.43484698914116,38.74756127713272,38.6902706493203,0.4996300863131936,0.6800359071984646,tinba
50.99161322150962,108.48543209876543,48.162529514500804,48.115008518433214,0.4997532082922014,0.68004259494866,tinba
50.843089030988686,108.1126968503937,38.736896802982415,38.71784274651267,0.4998769987699877,0.6800361555058211,tinba
51.06719367588933,108.58180919426594,47.534498917702216,47.51101349333576,0.4998764516926118,0.6800208036010043,tinba
50.44704734016594,107.21766715470962,37.643213694607745,37.643213694607745,0.5,0.6800359071984646,tinba
51.06719367588933,108.64638971315529,46.31458437679665,46.268818977214835,0.49975284231339595,0.68004259494866,tinba
50.91871921182266,108.43385982230997,38.749510894459135,38.67315717841094,0.4995069033530572,0.6800360313509899,tinba
51.016781836130306,108.43188548864758,48.22331705677333,48.22331705677333,0.5,0.68004259494866,tinba
50.89364844903988,108.16691285081241,38.83173260264705,38.83173260264705,0.5,0.6800360313509899,tinba
51.04197530864197,108.64638971315529,47.171641930181764,47.10175801621113,0.49962935507783546,0.68004259494866,tinba
50.22594752186589,106.74781341107872,37.14170379620358,37.14170379620358,0.5,0.6800360313509899,tinba
51.06719367588933,108.70014844136566,47.87366889343638,47.80270989804097,0.49962917181705807,0.68004259494866,tinba
50.89364844903988,108.11368110236221,38.72131945638897,38.740384606293645,0.500123061777012,0.6800360313509899,tinba
51.09243697478992,108.64638971315529,48.435264276529935,48.41132198079265,0.499876390605686,0.68004259494866,tinba
50.94381468703795,108.38036507153429,38.24790448137506,38.210203244823674,0.4997534516765286,0.6800360313509899,tinba
51.09243697478992,108.68926274121722,48.39913094316541,48.35128207421518,0.4997527200791296,0.6800208036010043,tinba
50.421951219512195,107.05994152046783,36.679029881842936,36.714814301239855,0.500243783520234,0.6800360313509899,tinba
50.71638861629048,107.89931237721022,47.33586873238948,47.28941547553728,0.4997545409916544,0.68004259494866,tinba
50.94381468703795,108.38036507153429,38.52573252428586,38.48775743061973,0.4997534516765286,0.6800360313509899,tinba
51.118199802176065,108.69025235032163,48.019827044243804,47.996078366180384,0.49987632945832305,0.6800206795779881,tinba
50.943321833415474,108.3793783917119,37.958373831517584,37.9209579874254,0.4997534516765286,0.6800361555058211,tinba
51.09243697478992,108.70014844136566,48.28324322060479,48.235508921820205,0.4997527200791296,0.68004259494866,tinba
50.844072798819475,108.32790927021696,38.36181355909084,38.26746576381516,0.4993843880817533,0.6800359071984646,tinba
50.59931506849315,107.51393643031786,46.8189866428533,46.8418922136179,0.5001222792858889,0.6800869804603283,tinba
50.968441814595664,108.42201382033564,38.678788291509186,38.64064352988048,0.4997533300444006,0.6800143641243611,tinba
51.04197530864197,108.59268413247652,48.20273527723538,48.155127637455394,0.49975296442687744,0.68004259494866,tinba
50.944307540660425,108.43484698914116,38.47315905772853,38.41627415029966,0.4996300863131936,0.6800359071984646,tinba
51.117705242334324,108.64638971315529,48.226227432041036,48.226227432041036,0.5,0.68004259494866,tinba
50.843089030988686,108.16592811422944,38.00884927019347,37.971457386996036,0.499753937007874,0.6800361555058211,tinba
50.691515448749385,107.68774509803922,46.0869604645469,46.1095631916016,0.500122579063496,0.68004259494866,tinba
51.04197530864197,108.64638971315529,48.289567879419806,48.2180277788577,0.49962935507783546,0.68004259494866,tinba
50.919211822660095,108.43484698914116,38.31487328350507,38.239375996246935,0.4995069033530572,0.6800359071984646,tinba
51.09243697478992,108.70014844136566,48.135158713935084,48.08757081604686,0.4997527200791296,0.68004259494866,tinba
50.968934911242606,108.4874074074074,38.594494321244575,38.5374018740238,0.4996299037749815,0.6800360313509899,tinba
51.016781836130306,108.53903162055336,47.71156402340761,47.66446474993929,0.4997530864197531,0.68004259494866,tinba
50.768664047151276,107.95429975429975,32.55078476424978,32.53479714894317,0.4998771800540408,0.6800360313509899,tinba
50.691515448749385,107.6718903036239,47.663919598823426,47.73404797488839,0.5003675569713305,0.6802237443769994,tinba
50.84358091490408,108.16691285081241,38.63650281304299,38.598493464481216,0.499753937007874,0.6800360313509899,tinba
51.117705242334324,108.7539603960396,46.67474515077032,46.6285782416202,0.4997525977238991,0.68004259494866,tinba
50.84358091490408,108.06050172159371,37.62669954674429,37.62669954674429,0.5,0.6800360313509899,tinba
51.06719367588933,108.64638971315529,46.45081911998192,46.404919101088666,0.49975284231339595,0.68004259494866,tinba
50.91871921182266,108.32692307692308,39.04610932214504,39.007640248921255,0.49975357318876296,0.6800360313509899,tinba
50.99161322150962,108.3249506903353,48.57460378923944,48.598567579959344,0.5001233045622688,0.68004259494866,tinba
50.868602362204726,108.27353376047314,39.209702862262404,39.15181452142245,0.49963063284905196,0.6800360313509899,tinba
50.96646942800789,108.43188548864758,48.07776983136923,48.03035585717656,0.4997533300444006,0.68004259494866,tinba
50.89414081733136,108.2745194677181,38.45051862239774,38.41265499007632,0.49975369458128077,0.6800359071984646,tinba
51.09243697478992,108.70014844136566,47.64052378138625,47.5934248948006,0.4997527200791296,0.68004259494866,tinba
50.868110236220474,108.1126968503937,39.11274890446842,39.11274890446842,0.5,0.6800361555058211,tinba
51.06719367588933,108.70014844136566,46.71287788205023,46.64363942669146,0.49962917181705807,0.68004259494866,tinba
50.919211822660095,108.2745194677181,38.7430591304944,38.7239738796912,0.4998768169499877,0.6800359071984646,tinba
51.04197530864197,108.53903162055336,49.08542959047311,49.06118987215683,0.4998765127191899,0.68004259494866,tinba
50.943321833415474,108.3259368836292,39.01361655561184,38.99438855336659,0.49987675622381067,0.6800361555058211,tinba
51.06719367588933,108.64638971315529,48.889484254078035,48.84117448702855,0.49975284231339595,0.68004259494866,tinba
50.919211822660095,108.38135175135669,39.28652105567291,39.228462157561076,0.49963026867143207,0.6800359071984646,tinba
51.117705242334324,108.70014844136566,48.71050487037407,48.686414610794266,0.49987632945832305,0.68004259494866,tinba
50.943321833415474,108.43287265547877,38.803827031555045,38.74645321139996,0.4996300863131936,0.6800361555058211,tinba
243.5483870967742,897.1,4.83099986059503,4.675161155414545,0.4918032786885246,0.7809244697211503,tinba
51.09293129016312,108.70113805047006,48.15442282385654,48.10681588087695,0.4997527200791296,0.6800424707317224,tinba
50.89364844903988,108.38036507153429,39.060190611889894,38.98326261462374,0.49950714637752586,0.6800360313509899,tinba
51.117705242334324,108.70014844136566,48.74677519757589,48.7226670001488,0.49987632945832305,0.68004259494866,tinba
50.81858407079646,108.06050172159371,38.96812857608157,38.948970204116925,0.4998770592574379,0.6800360313509899,tinba
51.06719367588933,108.59268413247652,48.47429780037416,48.4503480484965,0.4998764516926118,0.68004259494866,tinba
50.421951219512195,107.37390029325513,37.38149732563222,37.30855781865537,0.49951171875,0.6800360313509899,tinba
51.04197530864197,108.58180919426594,48.91027539916397,48.861968954325285,0.49975296442687744,0.6800208036010043,tinba
50.868602362204726,108.16691285081241,39.16028418863454,39.14101239523462,0.49987693822298795,0.6800360313509899,tinba
51.04197530864197,108.59268413247652,48.082481442215574,48.03499257165536,0.49975296442687744,0.68004259494866,tinba
50.868602362204726,108.22019704433498,38.59958567934513,38.5615939611568,0.499753815854259,0.6800360313509899,tinba
51.14299851558634,108.79692917285784,47.6365597337101,47.58941816049515,0.49975247524752475,0.6800208036010043,tinba
50.89364844903988,108.27353376047314,37.8276513533984,37.7904010812631,0.49975369458128077,0.6800360313509899,tinba
51.117705242334324,108.74306930693069,48.316178609921636,48.26838812662795,0.4997525977238991,0.6800208036010043,tinba
51.0172754195459,108.58279782501236,48.662028440388916,48.58997212976642,0.4996295381575698,0.6800206795779881,tinba
50.91822660098522,108.3259368836292,38.690704347969366,38.65258542742949,0.49975357318876296,0.6800361555058211,tinba
51.14299851558634,108.85084241823587,48.60023864700952,48.528095789047605,0.49962862094577865,0.6800208036010043,tinba
50.919211822660095,108.32790927021696,37.50488601159261,37.4679353849802,0.49975357318876296,0.6800359071984646,tinba
51.06719367588933,108.70014844136566,46.88841408407388,46.81891544659749,0.49962917181705807,0.68004259494866,tinba
50.56947162426614,107.51982378854626,37.06704440086047,37.04890983902052,0.49987766087594815,0.6800143641243611,tinba
51.117705242334324,108.70014844136566,47.07295599290451,47.04967559923839,0.49987632945832305,0.68004259494866,tinba
50.919211822660095,108.43484698914116,38.81473560020114,38.738253362565274,0.4995069033530572,0.6800359071984646,tinba
51.09243697478992,108.64638971315529,47.66173156617107,47.6381716395442,0.499876390605686,0.68004259494866,tinba
50.8931560807484,108.27254805322819,38.19134594448595,38.15373752898178,0.49975369458128077,0.6800361555058211,tinba
51.09243697478992,108.70014844136566,47.58474045863669,47.537696721159044,0.4997527200791296,0.68004259494866,tinba
49.64745437079731,105.35409678965021,35.72013185949713,35.80591507721926,0.5005996641880547,0.680219032297983,tinba
51.04197530864197,108.43188548864758,47.260985673789804,47.28432443214724,0.5001234263144902,0.68004259494866,tinba
50.91871921182266,108.26269098077871,37.96552865062612,37.946826419763745,0.4998768169499877,0.6800142401634524,tinba
51.06719367588933,108.59268413247652,46.27976948755698,46.25690398879831,0.4998764516926118,0.68004259494866,tinba
50.868602362204726,108.22019704433498,37.670289124518966,37.63321206829404,0.499753815854259,0.6800360313509899,tinba
51.04197530864197,108.58180919426594,46.7321402734022,46.68598507313217,0.49975296442687744,0.6800208036010043,tinba
50.91871921182266,108.32692307692308,38.09331018192644,38.0557798270674,0.49975357318876296,0.6800360313509899,tinba
51.04197530864197,108.64638971315529,47.24206772239994,47.17207947392231,0.49962935507783546,0.68004259494866,tinba
50.968934911242606,108.36951159348791,37.73824794914134,37.71963934561612,0.4998766954377312,0.6800142401634524,tinba
51.016781836130306,108.43188548864758,47.15478489535056,47.15478489535056,0.5,0.68004259494866,tinba
50.91871921182266,108.32692307692308,38.03181838365414,37.994348611847585,0.49975357318876296,0.6800360313509899,tinba
51.09243697478992,108.70014844136566,46.12127380247199,46.07567689312699,0.4997527200791296,0.68004259494866,tinba
49.95891735137748,106.12898550724638,34.64633400677977,34.66307945579223,0.5001208021261174,0.6800360313509899,tinba
51.117705242334324,108.70014844136566,46.02312625436596,46.00036506432918,0.49987632945832305,0.68004259494866,tinba
50.96942800788955,108.31706114398422,38.130389669694495,38.130389669694495,0.5,0.680014116204846,tinba
51.06719367588933,108.64638971315529,46.60269879467171,46.556648697048516,0.49975284231339595,0.68004259494866,tinba
50.943321833415474,108.3793783917119,37.85737337699373,37.82005708978131,0.4997534516765286,0.6800361555058211,tinba
51.09243697478992,108.91571641051065,47.72227120764394,47.58073209382987,0.49925742574257426,0.68004259494866,tinba
50.86909448818898,108.22118226600985,37.9946798068743,37.95728346848171,0.499753815854259,0.6800359071984646,tinba
51.06719367588933,108.64638971315529,46.937977583428044,46.8915961826539,0.49975284231339595,0.68004259494866,tinba
50.8931560807484,108.27254805322819,38.32290792069313,38.285169951298066,0.49975369458128077,0.6800361555058211,tinba
51.09243697478992,108.64638971315529,46.47946113982008,46.45648562764024,0.499876390605686,0.68004259494866,tinba
50.944307540660425,108.3704982733103,38.174860823744325,38.13723158685547,0.4997534516765286,0.680014116204846,tinba
51.016781836130306,108.59268413247652,47.294358628574116,47.224327495363,0.4996295381575698,0.68004259494866,tinba
50.91822660098522,108.27254805322819,38.24099776483097,38.22215983489755,0.4998768169499877,0.6800361555058211,tinba
50.39492930277913,107.05799220272904,44.54707522856552,44.56879491419622,0.5001218620521569,0.68004259494866,tinba
50.86909448818898,108.0614854894245,38.10416262801078,38.12291467654819,0.5001230012300123,0.6800359071984646,tinba
51.06719367588933,108.7539603960396,47.05123157803485,46.95824495436285,0.49950544015825915,0.68004259494866,tinba
50.99259990133202,108.59317844784972,46.789976759093754,46.69764330717645,0.49950617283950616,0.6800393751973404,tinba
50.4209756097561,107.11165285226718,43.44156175870801,43.46275276444396,0.5001219214825652,0.6800392510114565,tinba
50.44411908247926,107.19941491955144,43.35049714213839,43.39281095096429,0.5002439024390244,0.6802237443769994,tinba
50.37280701754386,106.99707744763761,36.73600788535554,36.75391042331137,0.500121802679659,0.6800142401634524,tinba
50.321324245374875,106.9537487828627,43.949442456678575,43.949442456678575,0.5,0.68004259494866,tinba
50.968934911242606,108.43385982230997,37.03178691023047,36.995266410319005,0.4997533300444006,0.6800360313509899,tinba
50.567514677103716,107.31949193942354,45.70565106227542,45.772733720390306,0.5003666585186995,0.68004259494866,tinba
50.968934911242606,108.43385982230997,36.7227077289647,36.68649204086908,0.4997533300444006,0.6800360313509899,tinba
51.06719367588933,108.64638971315529,47.95953959951782,47.91214875011118,0.49975284231339595,0.68004259494866,tinba
50.32375851996105,106.85165369649805,37.71910826482491,37.75583573148979,0.5002433090024331,0.6800360313509899,tinba
51.09293129016312,108.70113805047006,47.95843008912975,47.91101691059379,0.4997527200791296,0.6800424707317224,tinba
50.8180924287119,108.16592811422944,38.280785391597256,38.22432405621142,0.4996309963099631,0.6800361555058211,tinba
51.06719367588933,108.70014844136566,46.673272386772,46.60409263521058,0.49962917181705807,0.68004259494866,tinba
50.42243902439024,107.1131155533886,36.65510281005369,36.672983348009815,0.5001219214825652,0.6800359071984646,tinba
51.04197530864197,108.58180919426594,47.44151432117294,47.39465850455944,0.49975296442687744,0.6800208036010043,tinba
50.868110236220474,108.27254805322819,37.901810219999184,37.845852823020834,0.49963063284905196,0.6800361555058211,tinba
51.06719367588933,108.64638971315529,47.214274924703176,47.16762050284082,0.49975284231339595,0.68004259494866,tinba
50.96942800788955,108.43484698914116,38.00153961202544,37.96406274850273,0.4997533300444006,0.6800359071984646,tinba
51.016781836130306,108.48543209876543,47.615014032786924,47.591512051526905,0.49987657368550975,0.68004259494866,tinba
50.27431906614786,106.9961032635168,36.37132687353958,36.318255871292195,0.49963494767583355,0.6800143641243611,tinba
51.04197530864197,108.59268413247652,47.32324416736633,47.276505160781284,0.49975296442687744,0.68004259494866,tinba
50.89414081733136,108.32790927021696,38.05525823260554,37.99904662517185,0.49963045084996305,0.6800359071984646,tinba
50.74128620520373,107.72562469377756,46.23204215639803,46.32282672617004,0.5004904364884747,0.6802257230190454,tinba
50.868602362204726,108.10285433070867,31.74075796684829,31.74075796684829,0.5,0.6800142401634524,tinba
51.06719367588933,108.59268413247652,47.922264476089104,47.898587467948744,0.4998764516926118,0.68004259494866,tinba
50.1528384279476,106.59243085880641,31.0129833508257,31.0129833508257,0.5,0.6800360313509899,tinba
51.04197530864197,108.59268413247652,47.199730903483086,47.15311388530681,0.49975296442687744,0.68004259494866,tinba
50.89364844903988,108.27353376047314,38.19253511976622,38.154925533237645,0.49975369458128077,0.6800360313509899,tinba
51.09243697478992,108.7539603960396,47.931955385442436,47.86087487819759,0.4996289883749691,0.68004259494866,tinba
50.91871921182266,108.32692307692308,38.24156112057831,38.20388470568119,0.49975357318876296,0.6800360313509899,tinba
50.89118660758247,108.36175455889601,46.84099891853041,46.794872873312755,0.49975369458128077,0.6802237443769994,tinba
50.17718446601942,106.95569620253164,36.68383992056155,36.576993784870595,0.4992707826932426,0.6800360313509899,tinba
51.09243697478992,108.64638971315529,48.23021221305444,48.20637127770444,0.499876390605686,0.68004259494866,tinba
50.84358091490408,108.22019704433498,38.669204875809314,38.61214259611063,0.4996308146689638,0.6800360313509899,tinba
50.71638861629048,107.77745098039216,47.07864960476999,47.124850438533265,0.5002452182442374,0.6802237443769994,tinba
50.919211822660095,108.38135175135669,38.23766640451812,38.18115753791046,0.49963026867143207,0.6800359071984646,tinba
50.96646942800789,108.37839171188949,46.86188066684087,46.83877323061461,0.4998766954377312,0.68004259494866,tinba
50.968441814595664,108.43287265547877,37.934920985011665,37.89750982033217,0.4997533300444006,0.6800361555058211,tinba
51.06719367588933,108.59268413247652,47.3150487349771,47.29167173461396,0.4998764516926118,0.68004259494866,tinba
50.96942800788955,108.43484698914116,37.885586697365845,37.84822418582998,0.4997533300444006,0.6800359071984646,tinba
51.06719367588933,108.64638971315529,46.723644222548444,46.67747461363288,0.49975284231339595,0.68004259494866,tinba
51.04197530864197,108.48543209876543,47.29552290753884,47.29552290753884,0.5,0.68004259494866,tinba
50.843089030988686,108.1126968503937,38.16025810039639,38.14148768322945,0.4998769987699877,0.6800361555058211,tinba
50.321324245374875,107.0058451047248,45.20911981635204,45.1871095340656,0.4998782566350134,0.68004259494866,tinba
50.994573260976814,108.42398815399802,36.78970445270374,36.77155462317601,0.4998766345916605,0.680014116204846,tinba
51.117705242334324,108.7539603960396,45.879564741727314,45.8341843611717,0.4997525977238991,0.68004259494866,tinba
50.71835132482826,107.74153997057381,32.09495815643855,32.1107064185369,0.5001226391954868,0.6800361555058211,tinba
51.09293129016312,108.70113805047006,47.26538232478798,47.218654314580576,0.4997527200791296,0.6800424707317224,tinba
50.94381468703795,108.31607495069034,38.37678192835058,38.35786779235829,0.49987675622381067,0.6800142401634524,tinba
50.29683698296837,106.79776373359262,43.598235666693775,43.6406670396054,0.5002431906614786,0.68004259494866,tinba
50.968934911242606,108.43385982230997,37.74414980662579,37.70692677920308,0.4997533300444006,0.6800360313509899,tinba
51.06719367588933,108.58180919426594,47.74541851821652,47.721828884561276,0.4998764516926118,0.6800208036010043,tinba
50.527112848070345,107.05994152046783,37.33477157288336,37.425965445801985,0.5006099048548427,0.6799013357432006,tinba
51.04197530864197,108.64638971315529,47.13941722679142,47.0695810531221,0.49962935507783546,0.68004259494866,tinba
50.768664047151276,108.13090551181102,38.13655581432357,38.06163134317559,0.4995083579154376,0.6800706930331458,tinba
51.09243697478992,108.70014844136566,46.75319626000966,46.706974612693784,0.4997527200791296,0.68004259494866,tinba
50.91871921182266,108.31607495069034,37.1784175546095,37.14178857179708,0.49975357318876296,0.6800142401634524,tinba
51.09243697478992,108.68926274121722,47.39454414151497,47.34768843796429,0.4997527200791296,0.6800208036010043,tinba
50.94381468703795,108.43385982230997,37.80506995146598,37.74917285444558,0.4996300863131936,0.6800360313509899,tinba
51.04246913580247,108.59367276322294,47.81218417569997,47.764962265402986,0.49975296442687744,0.6800424707317224,tinba
50.91822660098522,108.3259368836292,38.0725328580637,38.035022973474476,0.49975357318876296,0.6800361555058211,tinba
50.99161322150962,108.43188548864758,47.76215016595497,47.73858719103343,0.4998766345916605,0.68004259494866,tinba
50.25085075352455,106.84192607003891,37.02733477663125,37.00933412773644,0.49987843423292,0.680014116204846,tinba
51.09243697478992,108.70014844136566,47.19925495609096,47.15259232143343,0.4997527200791296,0.68004259494866,tinba
50.91822660098522,108.26170527353376,38.013748340957406,37.995022356552994,0.4998768169499877,0.6800143641243611,tinba
50.691515448749385,107.79342492639843,45.666513245040825,45.644116720644035,0.4998773608045131,0.68004259494866,tinba
50.919211822660095,108.31706114398422,37.93506119156126,37.897686747037554,0.49975357318876296,0.680014116204846,tinba
51.09243697478992,108.64638971315529,47.75575211548464,47.73214571305484,0.499876390605686,0.68004259494866,tinba
50.91822660098522,108.2192118226601,38.06038568738337,38.06038568738337,0.5,0.6800361555058211,tinba
51.09243697478992,108.63550939663699,46.73533894875689,46.71223695224243,0.499876390605686,0.6800208036010043,tinba
50.944307540660425,108.32790927021696,38.291066433455676,38.272194542655555,0.49987675622381067,0.6800359071984646,tinba
51.06719367588933,108.64638971315529,46.66921631833508,46.62310049193356,0.49975284231339595,0.68004259494866,tinba
50.89364844903988,108.38036507153429,38.23746771349364,38.162160046898876,0.49950714637752586,0.6800360313509899,tinba
51.06719367588933,108.58180919426594,48.05391049648853,48.03016844584797,0.4998764516926118,0.6800208036010043,tinba
50.968934911242606,108.38036507153429,38.664784651809896,38.645719176143324,0.4998766954377312,0.6800360313509899,tinba
50.89118660758247,108.1117125984252,45.82624129058648,45.84880467871577,0.500123061777012,0.68004259494866,tinba
50.89364844903988,108.27353376047314,38.21390854636965,38.176277912646,0.49975369458128077,0.6800360313509899,tinba
50.07751937984496,106.357177380377,43.171948549608594,43.27653175830435,0.5006048874909267,0.6804086415821257,tinba
50.84358091490408,108.16691285081241,38.44092742867649,38.403110480886355,0.499753937007874,0.6800360313509899,tinba
51.09243697478992,108.7539603960396,47.23115129843519,47.16111004589179,0.4996289883749691,0.68004259494866,tinba
51.016781836130306,108.59268413247652,47.47024368057953,47.399952105534254,0.4996295381575698,0.68004259494866,tinba
50.54523227383863,107.62616364527193,36.5299531268411,36.45850089578616,0.49951052373959864,0.6800142401634524,tinba
51.117705242334324,108.70014844136566,46.77219770491536,46.74906605422054,0.49987632945832305,0.68004259494866,tinba
50.91871921182266,108.32692307692308,37.87204547714322,37.83473311706721,0.49975357318876296,0.6800360313509899,tinba
51.04197530864197,108.64638971315529,47.57152979911235,47.50105345866922,0.49962935507783546,0.68004259494866,tinba
50.96942800788955,108.38135175135669,38.19979945803479,38.180963265008145,0.4998766954377312,0.6800359071984646,tinba
51.14299851558634,108.7539603960396,47.33662387735355,47.31320150037317,0.4998762682504331,0.68004259494866,tinba
50.79312039312039,108.16592811422944,38.36864304446464,38.293225564278956,0.49950811608460405,0.6800361555058211,tinba
51.117705242334324,108.79692917285784,48.19445283323912,48.12294771034114,0.49962880475129917,0.6800208036010043,tinba
50.81907571288102,108.00835791543756,38.21972220277784,38.21972220277784,0.5,0.6800359071984646,tinba
50.96646942800789,108.64638971315529,47.112993389823295,46.97360583541553,0.49925925925925924,0.68004259494866,tinba
50.91822660098522,108.2192118226601,38.23209379624792,38.23209379624792,0.5,0.6800361555058211,tinba
51.016781836130306,108.53903162055336,46.94489402937207,46.898551587092335,0.4997530864197531,0.68004259494866,tinba
50.39785470502194,107.06091617933723,37.01400926951103,37.03205608046642,0.5001218620521569,0.6800359071984646,tinba
51.04197530864197,108.64638971315529,48.21527185681037,48.143841824429906,0.49962935507783546,0.68004259494866,tinba
50.91822660098522,108.3259368836292,38.73171896104482,38.69355963201916,0.49975357318876296,0.6800361555058211,tinba
50.77319587628866,107.84634266077565,46.48135136333191,46.48135136333191,0.5,0.6799057900144844,tinba
50.81907571288102,108.0614854894245,38.85177237164083,38.832671205283084,0.4998770592574379,0.6800359071984646,tinba
51.151904997525975,108.7579207920792,47.87113675692294,47.84744990053653,0.4998762682504331,0.6800126288811369,tinba
50.4716796875,107.42738386308068,37.37493558213289,37.32018714133875,0.49963352064500366,0.6800359071984646,tinba
51.06719367588933,108.64638971315529,47.82802733568643,47.78076643910966,0.49975284231339595,0.68004259494866,tinba
50.968441814595664,108.36852491366551,37.89058630412255,37.87190258306529,0.4998766954377312,0.6800143641243611,tinba
51.09243697478992,108.68926274121722,48.78934657340176,48.741111925281736,0.4997527200791296,0.6800208036010043,tinba
50.919211822660095,108.16789758739537,38.23776703407873,38.256603372519166,0.5001231223836493,0.6800359071984646,tinba
51.09243697478992,108.63550939663699,46.335410886544985,46.312506580619846,0.499876390605686,0.6800208036010043,tinba
50.943321833415474,108.3793783917119,38.33118310689994,38.29339978200404,0.4997534516765286,0.6800361555058211,tinba
51.04197530864197,108.64638971315529,47.809317914220316,47.738489295088144,0.49962935507783546,0.68004259494866,tinba
50.86909448818898,108.2745194677181,39.040270255258044,38.98263206098355,0.49963063284905196,0.6800359071984646,tinba
51.117705242334324,108.74306930693069,47.594441130328,47.54736453178168,0.4997525977238991,0.6800208036010043,tinba
50.89364844903988,108.06050172159371,37.366348384508385,37.40314439473439,0.500246062992126,0.6800360313509899,tinba
51.117705242334324,108.79692917285784,47.986566970313824,47.91537028341425,0.49962880475129917,0.6800208036010043,tinba
50.89364844903988,108.27353376047314,38.27389436597782,38.23620466202314,0.49975369458128077,0.6800360313509899,tinba
50.89118660758247,108.16494337764648,47.33275063209098,47.33275063209098,0.5,0.68004259494866,tinba
50.91871921182266,108.38036507153429,38.55147633797997,38.49450371284995,0.49963026867143207,0.6800360313509899,tinba
51.04197530864197,108.59268413247652,48.33600267976089,48.28826341785496,0.49975296442687744,0.68004259494866,tinba
50.91871921182266,108.38036507153429,38.56614851957257,38.50915421141556,0.49963026867143207,0.6800360313509899,tinba
51.016781836130306,108.53903162055336,47.971258725601714,47.92390309013715,0.4997530864197531,0.68004259494866,tinba
50.94381468703795,108.32692307692308,38.37926029879192,38.360344941325785,0.49987675622381067,0.6800360313509899,tinba
51.117705242334324,108.74306930693069,47.358090813435794,47.311247993640116,0.4997525977238991,0.6800208036010043,tinba
50.370370370370374,107.11019015114579,45.60346477129629,45.581240860589034,0.499878137947843,0.68004259494866,tinba
50.94381468703795,108.38036507153429,38.36975337054576,38.33193202666154,0.4997534516765286,0.6800360313509899,tinba
50.641842234198926,107.79342492639843,46.42125125519439,46.35301815682811,0.4996322628095121,0.68004259494866,tinba
50.89414081733136,108.11466535433071,38.47047536034212,38.4894170025678,0.500123061777012,0.6800359071984646,tinba
50.99161322150962,108.37839171188949,47.26145736710522,47.26145736710522,0.5,0.68004259494866,tinba
50.8931560807484,108.3259368836292,38.428855851013516,38.3720924007166,0.49963045084996305,0.6800361555058211,tinba
50.666666666666664,107.78263002944063,45.61060410304167,45.56588782450928,0.49975478175576266,0.6800208036010043,tinba
50.86909448818898,108.22118226600985,38.58158294132782,38.54360894236982,0.499753815854259,0.6800359071984646,tinba
50.99161322150962,108.43188548864758,48.48343588784251,48.45951707388699,0.4998766345916605,0.68004259494866,tinba
50.8931560807484,108.2192118226601,38.70139531267799,38.68233997278991,0.49987687761635063,0.6800361555058211,tinba
50.99161322150962,108.48543209876543,47.63812762922624,47.59112404991768,0.4997532082922014,0.68004259494866,tinba
51.01974333662389,108.4883950617284,36.967618254781904,36.949371651497216,0.49987657368550975,0.6800359071984646,tinba
51.09243697478992,108.64638971315529,47.47656959947675,47.45310120125654,0.499876390605686,0.68004259494866,tinba
51.018756169792695,108.52915019762845,38.133838454143635,38.09619399367558,0.4997530864197531,0.6800143641243611,tinba
51.117705242334324,108.74306930693069,47.25042480424328,47.203688479016535,0.4997525977238991,0.6800208036010043,tinba
50.37329434697856,107.08467153284671,37.889138523490026,37.94453200086355,0.5003652300949598,0.6804019479013682,tinba
51.016781836130306,108.52816205533597,46.67536622363153,46.629289850261706,0.4997530864197531,0.6800208036010043,tinba
50.868602362204726,108.06050172159371,38.371924550384335,38.39080837152134,0.5001230012300123,0.6800360313509899,tinba
50.54278728606357,107.52961331375428,44.918599361117906,44.874669190593586,0.4997553816046967,0.68004259494866,tinba
50.91871921182266,108.32692307692308,37.942057342585166,37.90467600530183,0.49975357318876296,0.6800360313509899,tinba
51.016781836130306,108.64638971315529,45.397128956346776,45.30749987647245,0.49950592885375494,0.68004259494866,tinba
50.91871921182266,108.38036507153429,38.350243530686825,38.293568293941966,0.49963026867143207,0.6800360313509899,tinba
51.016781836130306,108.36753823384312,46.603046286327555,46.6260487770908,0.5001233654083395,0.6800208036010043,tinba
50.94381468703795,108.38036507153429,37.85674321013532,37.81942754408294,0.4997534516765286,0.6800360313509899,tinba
51.06719367588933,108.70014844136566,47.40537438589833,47.33510950291528,0.49962917181705807,0.68004259494866,tinba
50.968934911242606,108.36951159348791,37.74117068184258,37.72256063712767,0.4998766954377312,0.6800142401634524,tinba
51.04197530864197,108.59268413247652,46.842590873505266,46.79632658622279,0.49975296442687744,0.68004259494866,tinba
50.868602362204726,108.22019704433498,38.026824803668056,37.989396826499096,0.499753815854259,0.6800360313509899,tinba
51.09243697478992,108.63550939663699,46.47376887639464,46.45079617798811,0.499876390605686,0.6800208036010043,tinba
50.944307540660425,108.38135175135669,37.74238123584305,37.70517829721728,0.4997534516765286,0.6800359071984646,tinba
51.09243697478992,108.70014844136566,46.978777871554236,46.932333207321356,0.4997527200791296,0.68004259494866,tinba
50.372319688109165,107.00681928884559,37.20430195208133,37.222432703519964,0.500121802679659,0.6800361555058211,tinba
51.04197530864197,108.58180919426594,47.3100144306851,47.263288490506646,0.49975296442687744,0.6800208036010043,tinba
50.69445806768024,107.58521057786484,38.050720739825195,38.106705125415914,0.5003675569713305,0.6800359071984646,tinba
51.06719367588933,108.64638971315529,48.08050806508748,48.032997681623954,0.49975284231339595,0.68004259494866,tinba
50.868110236220474,108.2192118226601,38.52056530652694,38.48265136429611,0.499753815854259,0.6800361555058211,tinba
51.06719367588933,108.64638971315529,48.04454996086693,47.997075109126946,0.49975284231339595,0.68004259494866,tinba
50.44704734016594,107.21766715470962,37.095717757704975,37.095717757704975,0.5,0.6800359071984646,tinba
51.14299851558634,108.7539603960396,47.301066823072645,47.27766203988458,0.4998762682504331,0.68004259494866,tinba
51.094414236282745,108.74405940594059,38.23842605450866,38.18172052897058,0.4996289883749691,0.6800143641243611,tinba
51.04246913580247,108.3793783917119,47.65150431754618,47.69856753168696,0.5002467917077986,0.6800424707317224,tinba
51.06719367588933,108.64638971315529,46.82373284530248,46.77746433458578,0.49975284231339595,0.68004259494866,tinba
50.84358091490408,108.16691285081241,38.615180164525825,38.577191792499725,0.499753937007874,0.6800360313509899,tinba
51.04197530864197,108.64638971315529,48.042890395529184,47.971715743091366,0.49962935507783546,0.68004259494866,tinba
50.91871921182266,108.38036507153429,37.82773180139566,37.77182874947241,0.49963026867143207,0.6800360313509899,tinba
51.04197530864197,108.64638971315529,48.40096243397097,48.32925730443916,0.49962935507783546,0.68004259494866,tinba
50.69396763119176,107.99115913555993,37.45357903847918,37.39847323312584,0.4996319018404908,0.6802171794514826,tinba
51.06719367588933,108.64638971315529,47.65863428484694,47.61154077270776,0.49975284231339595,0.68004259494866,tinba
50.91871921182266,108.26269098077871,38.17961703325984,38.160809340140005,0.4998768169499877,0.6800142401634524,tinba
51.09243697478992,108.68926274121722,48.0249916506041,47.97751266726193,0.4997527200791296,0.6800208036010043,tinba
50.968934911242606,108.43385982230997,37.88667662573704,37.849313039321125,0.4997533300444006,0.6800360313509899,tinba
51.06719367588933,108.63550939663699,47.638167108238555,47.591093820582195,0.49975284231339595,0.6800208036010043,tinba
50.05569007263922,106.3859564164649,36.38678100711409,36.38678100711409,0.5,0.6800360313509899,tinba
51.06768774703557,108.64737883283877,47.3378028962159,47.291026411140585,0.49975284231339595,0.6800424707317224,tinba
50.943321833415474,108.31508875739645,37.815144929784054,37.79650759862103,0.49987675622381067,0.6800143641243611,tinba
51.117705242334324,108.79692917285784,46.8073322787878,46.73788519825547,0.49962880475129917,0.6800208036010043,tinba
50.44704734016594,107.32242305813385,35.64552404345578,35.61073095019716,0.499755859375,0.6800359071984646,tinba
51.06719367588933,108.48543209876543,47.25874759213688,47.282096775729826,0.5001234872808101,0.68004259494866,tinba
50.91822660098522,108.3793783917119,37.73054240679734,37.674782984521286,0.49963026867143207,0.6800361555058211,tinba
50.567514677103716,107.47700587084148,45.126659602058915,45.126659602058915,0.5,0.68004259494866,tinba
50.919211822660095,108.31706114398422,38.430665710435854,38.39280298559799,0.49975357318876296,0.680014116204846,tinba
50.96646942800789,108.3249506903353,47.39685414285287,47.39685414285287,0.5,0.68004259494866,tinba
50.128031037827355,106.37433414043583,35.12192137515205,35.17302019383558,0.5003634601405379,0.6800143641243611,tinba
51.09243697478992,108.64638971315529,47.68095210619099,47.657382678555706,0.499876390605686,0.68004259494866,tinba
50.919211822660095,108.32790927021696,38.50056055141078,38.46262896466062,0.49975357318876296,0.6800359071984646,tinba
51.016781836130306,108.59268413247652,47.89676241733666,47.82583927456667,0.4996295381575698,0.68004259494866,tinba
50.91871921182266,108.32692307692308,38.02124197660243,37.98378262490135,0.49975357318876296,0.6800360313509899,tinba
51.016781836130306,108.52816205533597,47.90526766276404,47.85797717148787,0.4997530864197531,0.6800208036010043,tinba
50.47119140625,107.37390029325513,37.465488274024125,37.428900883131526,0.49975574010747437,0.6800360313509899,tinba
51.117705242334324,108.70014844136566,47.10054554415845,47.07725150580822,0.49987632945832305,0.68004259494866,tinba
50.84358091490408,108.16691285081241,38.29257028522567,38.25489928642073,0.499753937007874,0.6800360313509899,tinba
50.617042115572964,107.58227228207639,46.50213101429207,46.50213101429207,0.5,0.68004259494866,tinba
50.91871921182266,108.27353376047314,37.452237575595234,37.43378819747918,0.4998768169499877,0.6800360313509899,tinba
51.117705242334324,108.70014844136566,47.58859399476046,47.56505858724574,0.49987632945832305,0.68004259494866,tinba
50.89364844903988,108.27353376047314,38.42944562560041,38.39160274462985,0.49975369458128077,0.6800360313509899,tinba
51.04197530864197,108.70014844136566,47.56100804031519,47.467060370112094,0.4995056846267919,0.68004259494866,tinba
51.01924975320829,108.54100790513834,38.078632772345735,38.04104280909564,0.4997530864197531,0.6800360313509899,tinba
50.79115479115479,108.09537856440511,47.02075002653364,46.99764400686458,0.4998771196854264,0.6802237443769994,tinba
50.944307540660425,108.38135175135669,38.634073495210025,38.59599160906393,0.4997534516765286,0.6800359071984646,tinba
50.89118660758247,108.27156234598324,45.65860827666178,45.61364657476453,0.49975369458128077,0.68004259494866,tinba
51.04197530864197,108.64638971315529,46.99901666049538,46.92938848766501,0.49962935507783546,0.68004259494866,tinba
50.372319688109165,107.00681928884559,37.57796540843593,37.59627825707552,0.500121802679659,0.6800361555058211,tinba
51.016781836130306,108.43188548864758,47.74055228737354,47.74055228737354,0.5,0.68004259494866,tinba
50.96942800788955,108.38135175135669,37.99730164411591,37.97856530208232,0.4998766954377312,0.6800359071984646,tinba
50.327980535279806,106.9537487828627,43.71636221722233,43.695089048260186,0.49987831589194454,0.6799078942888889,tinba
50.91822660098522,108.3793783917119,38.341599920478366,38.284937457541695,0.49963026867143207,0.6800361555058211,tinba
51.09243697478992,108.7539603960396,47.87813259801013,47.80713190705906,0.4996289883749691,0.68004259494866,tinba
50.919211822660095,108.2745194677181,38.20253426926562,38.18371528686696,0.4998768169499877,0.6800359071984646,tinba
51.06719367588933,108.52816205533597,47.77842594922832,47.77842594922832,0.5,0.6800208036010043,tinba
50.868110236220474,108.2192118226601,38.4635528113438,38.42569498377358,0.499753815854259,0.6800361555058211,tinba
50.42,107.11116528522672,46.86013959469465,46.88299819937499,0.5001219214825652,0.6800424707317224,tinba
50.91871921182266,108.38036507153429,38.379391550192466,38.322673237556714,0.49963026867143207,0.6800360313509899,tinba
51.06719367588933,108.64638971315529,47.57673626756162,47.529723682317,0.49975284231339595,0.68004259494866,tinba
50.89364844903988,108.32692307692308,38.51195703335369,38.45507083389526,0.49963045084996305,0.6800360313509899,tinba
51.09243697478992,108.70014844136566,47.39808859348004,47.35122938577517,0.4997527200791296,0.68004259494866,tinba
50.94381468703795,108.38036507153429,37.65813200064225,37.621012107098,0.4997534516765286,0.6800360313509899,tinba
51.06719367588933,108.64638971315529,47.45736387011541,47.41046924178526,0.49975284231339595,0.68004259494866,tinba
50.868602362204726,108.06050172159371,37.71339730322411,37.73195704599145,0.5001230012300123,0.6800360313509899,tinba
51.06719367588933,108.64638971315529,47.47404886288579,47.42713774740863,0.49975284231339595,0.68004259494866,tinba
50.91871921182266,108.32692307692308,38.54871494060844,38.5107359111103,0.49975357318876296,0.6800360313509899,tinba
50.49340498290181,107.37194525904204,44.98768192044631,44.96570454774458,0.4998778402150012,0.68004259494866,tinba
50.89364844903988,108.32692307692308,38.27539910300132,38.21886232441491,0.49963045084996305,0.6800360313509899,tinba
51.06768774703557,108.70113805047006,47.833887194744015,47.762987164317025,0.49962917181705807,0.6800424707317224,tinba
50.34778373112518,106.94401168451802,37.490088863842786,37.508349988472034,0.5001217433649866,0.6800143641243611,tinba
51.06719367588933,108.70014844136566,47.39719730999101,47.32694454717976,0.49962917181705807,0.68004259494866,tinba
50.919211822660095,108.32790927021696,38.024794358678534,37.98733150709363,0.49975357318876296,0.6800359071984646,tinba
51.04197530864197,108.64638971315529,47.04323733844984,46.973543653503995,0.49962935507783546,0.68004259494866,tinba
50.968441814595664,108.42201382033564,38.58404542400367,38.54599409715554,0.4997533300444006,0.6800143641243611,tinba
51.00394671928959,108.60454770143352,47.71162844190909,47.61747623975436,0.49950617283950616,0.6800137422158394,tinba
50.19262493934983,106.80748663101605,37.46383336312497,37.39112335174578,0.4995143273433706,0.6798793130125329,tinba
51.04197530864197,108.59268413247652,47.30550542682702,47.25878393998571,0.49975296442687744,0.68004259494866,tinba
50.94381468703795,108.31607495069034,38.250707156064884,38.23185515648082,0.49987675622381067,0.6800142401634524,tinba
51.04197530864197,108.70014844136566,47.71025973029087,47.61601724193474,0.4995056846267919,0.68004259494866,tinba
50.25036460865338,106.7997083130773,36.92695622765844,36.92695622765844,0.5,0.6800360313509899,tinba
51.016781836130306,108.53903162055336,47.73847696590905,47.69135112487656,0.4997530864197531,0.68004259494866,tinba
50.84358091490408,108.27353376047314,38.27529730414342,38.1999892917398,0.499507631708518,0.6800360313509899,tinba
51.016781836130306,108.59268413247652,46.80334644872721,46.734042381922585,0.4996295381575698,0.68004259494866,tinba
50.994573260976814,108.4883950617284,38.260944666322274,38.22319336423414,0.4997532082922014,0.6800359071984646,tinba
51.06719367588933,108.70014844136566,47.3723078842685,47.30209201289854,0.49962917181705807,0.68004259494866,tinba
50.54278728606357,107.52961331375428,44.49780891386495,44.45429027434039,0.4997553816046967,0.68004259494866,tinba
50.943321833415474,108.3259368836292,38.26254126352336,38.24368343145657,0.49987675622381067,0.6800361555058211,tinba
50.8411214953271,107.95233415233415,46.153386672024425,46.19879088911446,0.5002458210422812,0.68004259494866,tinba
50.944307540660425,108.38135175135669,38.44950525595839,38.411605300062924,0.4997534516765286,0.6800359071984646,tinba
51.06719367588933,108.64638971315529,47.4325625584301,47.385692437324934,0.49975284231339595,0.68004259494866,tinba
50.943321833415474,108.3793783917119,38.41302880762256,38.37516480682648,0.4997534516765286,0.6800361555058211,tinba
51.09243697478992,108.7539603960396,48.69439456622087,48.62218340275144,0.4996289883749691,0.68004259494866,tinba
50.6950319724545,110.50738916256158,38.8056651532508,38.748401505705424,0.4996308146689638,0.6852009664226175,tinba
51.06719367588933,108.68926274121722,48.22882281068949,48.15733740138511,0.49962917181705807,0.6800208036010043,tinba
50.61949069539667,107.63694267515923,37.368565743509464,37.35026576028542,0.49987754102375703,0.6800360313509899,tinba
51.04197530864197,108.53903162055336,48.03290204059535,48.00918208897037,0.4998765127191899,0.68004259494866,tinba
50.968934911242606,108.38036507153429,38.675420296003686,38.65634957593662,0.4998766954377312,0.6800360313509899,tinba
51.016781836130306,108.59268413247652,48.30568286408114,48.23415421225871,0.4996295381575698,0.68004259494866,tinba
50.968934911242606,108.43385982230997,38.69127262916519,38.65311555556641,0.4997533300444006,0.6800360313509899,tinba
51.09243697478992,108.70014844136566,46.33099620468223,46.28519195732218,0.4997527200791296,0.68004259494866,tinba
50.99407992106561,108.43385982230997,38.51161344367358,38.492614127717154,0.4998766345916605,0.6800360313509899,tinba
51.016781836130306,108.48543209876543,48.4062099096889,48.38231740726556,0.49987657368550975,0.68004259494866,tinba
50.94381468703795,108.22019704433498,38.63774102406869,38.65678377469662,0.5001231830500124,0.6800360313509899,tinba
50.99161322150962,108.3249506903353,47.66094442986151,47.68445747595419,0.5001233045622688,0.68004259494866,tinba
50.39736713798147,107.05994152046783,37.09424009142313,37.11232602028292,0.5001218620521569,0.6800360313509899,tinba
51.04197530864197,108.64638971315529,47.509843697994384,47.43945874436773,0.49962935507783546,0.68004259494866,tinba
50.4716796875,107.05019493177387,37.168259151918406,37.2408534080745,0.5004878048780488,0.680014116204846,tinba
51.06719367588933,108.64638971315529,46.95148686497669,46.90509211511011,0.49975284231339595,0.68004259494866,tinba
50.99358658115442,108.47555555555556,37.72873893077752,37.69151274535001,0.4997532082922014,0.6800143641243611,tinba
51.09243697478992,108.70014844136566,47.085340603606504,47.0387905881803,0.4997527200791296,0.68004259494866,tinba
50.96942800788955,108.4883950617284,38.24284968444569,38.186277421598874,0.4996299037749815,0.6800359071984646,tinba
51.117705242334324,108.7539603960396,47.681891435517805,47.634728338153295,0.4997525977238991,0.68004259494866,tinba
50.03821964199323,106.38848572810836,36.79140167493645,36.79140167493645,0.5,0.6801171543976198,tinba
51.09243697478992,108.7539603960396,48.03872213108504,47.96748329450904,0.4996289883749691,0.68004259494866,tinba
50.96942800788955,108.38135175135669,38.42634937121619,38.40740146718699,0.4998766954377312,0.6800359071984646,tinba
51.016781836130306,108.37839171188949,47.71519360184283,47.738745030076714,0.5001233654083395,0.68004259494866,tinba
50.8931560807484,108.27254805322819,38.79772734676823,38.759521805314,0.49975369458128077,0.6800361555058211,tinba
51.09243697478992,108.52816205533597,47.06206946431538,47.08533296874658,0.5001235483073881,0.6800208036010043,tinba
50.89414081733136,108.2745194677181,38.679084241800275,38.64099553255183,0.49975369458128077,0.6800359071984646,tinba
51.016781836130306,108.43188548864758,48.05901833880663,48.05901833880663,0.5,0.68004259494866,tinba
50.91871921182266,108.26269098077871,38.505396382687394,38.48642820712942,0.4998768169499877,0.6800142401634524,tinba
51.06719367588933,108.53903162055336,48.03296795175202,48.03296795175202,0.5,0.68004259494866,tinba
50.89364844903988,108.22019704433498,37.827864684952615,37.80923944384727,0.49987687761635063,0.6800360313509899,tinba
50.916256157635466,108.05853418593212,47.03387234970776,47.10338053544624,0.5003691853310361,0.68004259494866,tinba
51.06719367588933,108.59268413247652,47.25808094734923,47.234732093126226,0.4998764516926118,0.68004259494866,tinba
50.42857142857143,106.9036496350365,37.00814672302809,37.08032253331191,0.5004870920603994,0.6799013357432006,tinba
51.04197530864197,108.53903162055336,47.86063314867418,47.83699826810694,0.4998765127191899,0.68004259494866,tinba
50.91871921182266,108.32692307692308,37.7825484215145,37.74532423587754,0.49975357318876296,0.6800360313509899,tinba
51.09243697478992,108.70014844136566,47.142722160090266,47.096115415493045,0.4997527200791296,0.68004259494866,tinba
50.44655929721816,107.11214041930765,37.32659056873183,37.36302452731527,0.5002439024390244,0.6800360313509899,tinba
51.09243697478992,108.70014844136566,47.2135675638467,47.166890779305085,0.4997527200791296,0.68004259494866,tinba
50.81858407079646,108.16691285081241,37.799476612468276,37.74372517203691,0.4996309963099631,0.6800360313509899,tinba
51.04197530864197,108.59268413247652,47.48050726795149,47.43361293978561,0.49975296442687744,0.68004259494866,tinba
50.944307540660425,108.38135175135669,38.40895968536856,38.37109969553576,0.4997534516765286,0.6800359071984646,tinba
51.09243697478992,108.70014844136566,47.57635193383416,47.52931648951005,0.4997527200791296,0.68004259494866,tinba
50.8931560807484,108.27254805322819,38.305167328045826,38.267446828461345,0.49975369458128077,0.6800361555058211,tinba
51.117705242334324,108.70014844136566,47.61267544764113,47.589128130406884,0.49987632945832305,0.68004259494866,tinba
50.744231713303876,107.99312377210217,37.657422850201684,37.63893614286236,0.4998772403633685,0.680219032297983,tinba
51.04197530864197,108.53903162055336,47.73447128442526,47.7108987060132,0.4998765127191899,0.68004259494866,tinba
50.968441814595664,108.43287265547877,38.14469389145181,38.10707585013874,0.4997533300444006,0.6800361555058211,tinba
51.06719367588933,108.64638971315529,47.61068244358771,47.56363631469089,0.49975284231339595,0.68004259494866,tinba
50.89414081733136,108.32790927021696,38.22118124658587,38.16472455345945,0.49963045084996305,0.6800359071984646,tinba
50.370370370370374,107.16243902439024,45.553031863785236,45.508633197251335,0.499756216479766,0.68004259494866,tinba
50.868602362204726,108.16691285081241,37.97333198171705,37.95464431834023,0.49987693822298795,0.6800360313509899,tinba
50.02904162633107,106.34946757018393,44.69654697885828,44.69654697885828,0.5,0.6800772568853342,tinba
50.89364844903988,108.22019704433498,38.60047352264965,38.58146787345091,0.49987687761635063,0.6800360313509899,tinba
51.117705242334324,108.7539603960396,48.19477436512395,48.14710396515844,0.4997525977238991,0.68004259494866,tinba
50.91871921182266,108.32692307692308,38.491403241332364,38.45348067656258,0.49975357318876296,0.6800360313509899,tinba
50.666666666666664,107.95233415233415,46.41217503679328,46.29841970582074,0.49938650306748467,0.68004259494866,tinba
50.91871921182266,108.27353376047314,38.62164265697744,38.60261721724494,0.4998768169499877,0.6800360313509899,tinba
51.04197530864197,108.53903162055336,48.014570393721186,47.990859494761324,0.4998765127191899,0.68004259494866,tinba
50.84358091490408,108.04968027545499,38.97746676206273,38.97746676206273,0.5,0.6800142401634524,tinba
51.09243697478992,108.70014844136566,48.58943177136477,48.54139476516471,0.4997527200791296,0.68004259494866,tinba
50.968934911242606,108.36951159348791,38.66980446442574,38.650736513506395,0.4998766954377312,0.6800142401634524,tinba
51.04197530864197,108.59268413247652,48.17670771791431,48.129125784365755,0.49975296442687744,0.68004259494866,tinba
50.89364844903988,108.22019704433498,38.865524799333045,38.84638864729005,0.49987687761635063,0.6800360313509899,tinba
51.0172754195459,108.59367276322294,48.54755700607105,48.47567019905318,0.4996295381575698,0.6800424707317224,tinba
50.8931560807484,108.27254805322819,39.12122668937728,39.08270258628582,0.49975369458128077,0.6800361555058211,tinba
51.14299851558634,108.79692917285784,48.34953909907506,48.30169195498889,0.49975247524752475,0.6800208036010043,tinba
50.86909448818898,108.22118226600985,38.47511469615202,38.43724548877392,0.499753815854259,0.6800359071984646,tinba
51.06719367588933,108.64638971315529,47.94142706004277,47.89405410840241,0.49975284231339595,0.68004259494866,tinba
50.91822660098522,108.3259368836292,38.2213686604665,38.18371213961875,0.49975357318876296,0.6800361555058211,tinba
51.09243697478992,108.63550939663699,47.277236666189296,47.253866801302394,0.499876390605686,0.6800208036010043,tinba
51.06719367588933,108.63550939663699,47.93490123314846,47.88753472995365,0.49975284231339595,0.6800208036010043,tinba
50.86909448818898,108.11466535433071,38.379419312420644,38.379419312420644,0.5,0.6800359071984646,tinba
51.06719367588933,108.53903162055336,47.62724003011781,47.62724003011781,0.5,0.68004259494866,tinba
50.943321833415474,108.3793783917119,38.20841145537025,38.170749147380725,0.4997534516765286,0.6800361555058211,tinba
51.117705242334324,108.68926274121722,47.78662158483207,47.762988240823745,0.49987632945832305,0.6800208036010043,tinba
50.96942800788955,108.43484698914116,38.19866913919233,38.160997867851904,0.4997533300444006,0.6800359071984646,tinba
51.117705242334324,108.70014844136566,48.295224127363525,48.27133924896226,0.49987632945832305,0.68004259494866,tinba
50.89364844903988,108.32692307692308,38.2038802694827,38.14744913171389,0.49963045084996305,0.6800360313509899,tinba
51.06719367588933,108.64638971315529,48.27181422647214,48.224114805299735,0.49975284231339595,0.68004259494866,tinba
50.94381468703795,108.31607495069034,38.54067125146272,38.52167634202385,0.49987675622381067,0.6800142401634524,tinba
51.09243697478992,108.70014844136566,47.462186584183186,47.41526400723392,0.4997527200791296,0.68004259494866,tinba
50.94381468703795,108.38036507153429,38.73981906316716,38.70163294284862,0.4997534516765286,0.6800360313509899,tinba
51.09243697478992,108.7539603960396,47.98857876533198,47.91741428866565,0.4996289883749691,0.68004259494866,tinba
50.10421715947649,106.06711733462096,36.34141483386909,36.48234130923067,0.5009675858732463,0.6800142401634524,tinba
50.99161322150962,108.48543209876543,48.13750363231494,48.09000732878034,0.4997532082922014,0.68004259494866,tinba
50.94381468703795,108.36951159348791,38.67061602201325,38.63249811563374,0.4997534516765286,0.6800142401634524,tinba
51.117705242334324,108.74306930693069,47.70662748725144,47.659439922971266,0.4997525977238991,0.6800208036010043,tinba
50.00725689404935,106.18028032866118,36.362451014846975,36.39763480876555,0.5002417794970987,0.6800360313509899,tinba
51.06719367588933,108.53903162055336,47.02148931922088,47.02148931922088,0.5,0.68004259494866,tinba
50.944307540660425,108.38135175135669,38.519300656108456,38.48133190238139,0.4997534516765286,0.6800359071984646,tinba
51.04197530864197,108.64638971315529,48.12987274435039,48.05856922917358,0.49962935507783546,0.68004259494866,tinba
50.868110236220474,108.2192118226601,38.71214231966437,38.67403981738124,0.499753815854259,0.6800361555058211,tinba
51.09243697478992,108.70014844136566,47.89822460815374,47.85087095060737,0.4997527200791296,0.68004259494866,tinba
50.25085075352455,106.69694026226324,36.5415772158241,36.577106216520086,0.500242954324587,0.6800359071984646,tinba
50.99161322150962,108.43188548864758,47.79230428284346,47.76872643169258,0.4998766345916605,0.68004259494866,tinba
50.943321833415474,108.3793783917119,38.00316345204207,37.965703458496435,0.4997534516765286,0.6800361555058211,tinba
51.117705242334324,108.70014844136566,47.028103992204485,47.004845780536726,0.49987632945832305,0.68004259494866,tinba
50.919211822660095,108.32790927021696,38.03566227159471,37.99818871270644,0.49975357318876296,0.6800359071984646,tinba
51.09243697478992,108.64638971315529,46.62637110647644,46.6033229744416,0.499876390605686,0.68004259494866,tinba
50.99358658115442,108.43287265547877,37.85066983322496,37.831996587130625,0.4998766345916605,0.6800361555058211,tinba
51.06719367588933,108.64638971315529,48.33903465551467,48.29126881099341,0.49975284231339595,0.68004259494866,tinba
50.86909448818898,108.2745194677181,38.55650002640606,38.49957605983165,0.49963063284905196,0.6800359071984646,tinba
50.691515448749385,107.63498285154336,47.19727463075075,47.243569162021714,0.5002450980392157,0.68004259494866,tinba
50.91871921182266,108.38036507153429,38.48035441036476,38.42348689153171,0.49963026867143207,0.6800360313509899,tinba
51.016781836130306,108.59268413247652,47.82720255291541,47.75638241093182,0.4996295381575698,0.68004259494866,tinba
50.968934911242606,108.38036507153429,38.29341576788175,38.27453341296662,0.4998766954377312,0.6800360313509899,tinba
50.41951219512195,107.05799220272904,45.57967145035027,45.624139422496945,0.500243783520234,0.68004259494866,tinba
50.89364844903988,108.11368110236221,38.30710948117653,38.325970687223396,0.500123061777012,0.6800360313509899,tinba
51.04197530864197,108.59268413247652,48.035716389398665,47.98827370654494,0.49975296442687744,0.68004259494866,tinba
50.968934911242606,108.4874074074074,38.08636747847898,38.03002669818537,0.4996299037749815,0.6800360313509899,tinba
51.09243697478992,108.68926274121722,47.44859526506907,47.40168612491577,0.4997527200791296,0.6800208036010043,tinba
51.016781836130306,108.37839171188949,47.06961869130599,47.09285147447051,0.5001233654083395,0.68004259494866,tinba
50.47119140625,107.11214041930765,36.909681510679135,36.963748426954545,0.5003659429129056,0.6800360313509899,tinba
51.06768774703557,108.64737883283877,47.45124101180141,47.4043524337265,0.49975284231339595,0.6800424707317224,tinba
50.396879570941,107.40986809965804,37.743149425011,37.66954016235861,0.4995119570522206,0.6802173052173052,tinba
51.04197530864197,108.59268413247652,47.81115443507319,47.763933541803986,0.49975296442687744,0.68004259494866,tinba
50.919211822660095,108.2745194677181,38.65430471580734,38.63526318639069,0.4998768169499877,0.6800359071984646,tinba
51.04197530864197,108.53903162055336,47.577832616288866,47.55433739030551,0.4998765127191899,0.68004259494866,tinba
50.943321833415474,108.3259368836292,38.44195964995886,38.423013390890375,0.49987675622381067,0.6800361555058211,tinba
51.09243697478992,108.70014844136566,46.74315616853643,46.69694444716368,0.4997527200791296,0.68004259494866,tinba
50.86909448818898,108.2745194677181,38.20503202790678,38.14862696093645,0.49963063284905196,0.6800359071984646,tinba
50.592266275085656,107.31949193942354,46.37546031049341,46.4662590580421,0.5004889975550122,0.68004259494866,tinba
51.018756169792695,108.48641975308642,38.117081755333786,38.098267795928386,0.49987657368550975,0.6800361555058211,tinba
51.117705242334324,108.70014844136566,47.3040382361136,47.280643558449846,0.49987632945832305,0.68004259494866,tinba
50.96942800788955,108.43484698914116,38.081753725583965,38.04419775544039,0.4997533300444006,0.6800359071984646,tinba
50.39492930277913,107.05799220272904,44.37960242818483,44.401240459597894,0.5001218620521569,0.68004259494866,tinba
50.868602362204726,108.27353376047314,37.81794341339348,37.762109835519375,0.49963063284905196,0.6800360313509899,tinba
51.09243697478992,108.70014844136566,46.752669963725765,46.70644883672258,0.4997527200791296,0.68004259494866,tinba
50.91871921182266,108.38036507153429,37.441422869182425,37.386090717159,0.49963026867143207,0.6800360313509899,tinba
51.06719367588933,108.64638971315529,46.07120302915128,46.02567812497227,0.49975284231339595,0.68004259494866,tinba
50.968934911242606,108.42300098716683,36.99865793853614,36.96217011019439,0.4997533300444006,0.6800142401634524,tinba
51.117705242334324,108.70014844136566,45.00491010838697,44.982652487166206,0.49987632945832305,0.68004259494866,tinba
50.94381468703795,108.38036507153429,37.55392907407234,37.51691189410776,0.4997534516765286,0.6800360313509899,tinba
51.06719367588933,108.70014844136566,46.34600985672623,46.27731517808484,0.49962917181705807,0.68004259494866,tinba
50.89364844903988,108.32692307692308,37.534206994523416,37.478765034413335,0.49963045084996305,0.6800360313509899,tinba
51.016781836130306,108.59268413247652,45.90978501258793,45.841804087100385,0.4996295381575698,0.68004259494866,tinba
50.89364844903988,108.27353376047314,37.226042064118694,37.18938421865919,0.49975369458128077,0.6800360313509899,tinba
50.41951219512195,107.11019015114579,44.786938032042364,44.80878531888727,0.5001219214825652,0.68004259494866,tinba
50.844072798819475,108.2745194677181,37.81547881343883,37.74107551031352,0.499507631708518,0.6800359071984646,tinba
50.617042115572964,107.58227228207639,45.188423205878436,45.188423205878436,0.5,0.68004259494866,tinba
50.968441814595664,108.3793783917119,37.789554812483686,37.77092090971619,0.4998766954377312,0.6800361555058211,tinba
51.06719367588933,108.59268413247652,46.87359261414611,46.850433724514616,0.4998764516926118,0.68004259494866,tinba
50.919211822660095,108.2745194677181,37.305641005531264,37.287263842474346,0.4998768169499877,0.6800359071984646,tinba
50.44411908247926,107.31949193942354,44.714968003860896,44.67132235427196,0.499755859375,0.68004259494866,tinba
50.8931560807484,108.27254805322819,37.99839923423601,37.96098082041598,0.49975369458128077,0.6800361555058211,tinba
49.86010612638688,105.92237222757956,43.46098546548435,43.48195072620094,0.5001205690860864,0.68004259494866,tinba
50.86909448818898,108.2745194677181,37.60242133308264,37.546905947256235,0.49963063284905196,0.6800359071984646,tinba
50.99161322150962,108.37839171188949,49.164307562517315,49.164307562517315,0.5,0.68004259494866,tinba
50.968441814595664,108.42201382033564,37.94502477116584,37.90760364220019,0.4997533300444006,0.6800143641243611,tinba
51.06719367588933,108.64638971315529,46.49641585652487,46.45047078156783,0.49975284231339595,0.68004259494866,tinba
51.06768774703557,108.48641975308642,46.794259102815865,46.81737879604848,0.5001234872808101,0.6800424707317224,tinba
50.81858407079646,108.27353376047314,37.44421282079933,37.35216706656924,0.4993846911149397,0.6800360313509899,tinba
51.04197530864197,108.64638971315529,47.79662168384306,47.72581187394107,0.49962935507783546,0.68004259494866,tinba
50.968934911242606,108.36951159348791,38.34142639029024,38.32252036149818,0.4998766954377312,0.6800142401634524,tinba
51.04197530864197,108.58180919426594,47.505851322790086,47.45893196345894,0.49975296442687744,0.6800208036010043,tinba
50.94381468703795,108.38036507153429,38.82969194902542,38.79141724035215,0.4997534516765286,0.6800360313509899,tinba
50.816125860373646,108.00540806293019,46.73897314059069,46.73897314059069,0.5,0.68004259494866,tinba
50.968934911242606,108.43385982230997,38.05097500705791,38.013449390680144,0.4997533300444006,0.6800360313509899,tinba
51.04197530864197,108.64638971315529,47.477193372627625,47.406856789853364,0.49962935507783546,0.68004259494866,tinba
50.968934911242606,108.4874074074074,38.903634294495056,38.84608453962154,0.4996299037749815,0.6800360313509899,tinba
51.06719367588933,108.59268413247652,46.85856609200843,46.83541462654795,0.4998764516926118,0.68004259494866,tinba
50.91871921182266,108.38036507153429,37.86443608173832,37.80847878703624,0.49963026867143207,0.6800360313509899,tinba
50.321324245374875,106.90170316301703,44.85549880196342,44.87733692212017,0.5001216841080555,0.68004259494866,tinba
50.89364844903988,108.27353376047314,37.69334476687122,37.65622675134501,0.49975369458128077,0.6800360313509899,tinba
50.666666666666664,107.58227228207639,46.482545186335955,46.52811630906766,0.5002449779519843,0.68004259494866,tinba
50.96942800788955,108.4883950617284,38.875805999956945,38.818297411199616,0.4996299037749815,0.6800359071984646,tinba
51.117705242334324,108.70014844136566,47.36549928056893,47.34207420674076,0.49987632945832305,0.68004259494866,tinba
50.76817288801572,108.00639134709931,36.929454456712804,36.89317797885749,0.49975429975429975,0.6800361555058211,tinba
51.06719367588933,108.64638971315529,46.77524444670131,46.729023849421964,0.49975284231339595,0.68004259494866,tinba
50.919211822660095,108.31706114398422,37.87940767833743,37.84208806486124,0.49975357318876296,0.680014116204846,tinba
51.04197530864197,108.58180919426594,47.88500327182157,47.837709441429645,0.49975296442687744,0.6800208036010043,tinba
50.943321833415474,108.43287265547877,37.9648278709096,37.908694562081244,0.4996300863131936,0.6800361555058211,tinba
50.96646942800789,108.43188548864758,47.12708486712947,47.08060845207313,0.4997533300444006,0.68004259494866,tinba
50.944307540660425,108.31706114398422,37.53767357585546,37.51917299745434,0.49987675622381067,0.680014116204846,tinba
50.39492930277913,106.99512907939601,45.47176274559684,45.51610381117031,0.5002436647173489,0.6800208036010043,tinba
50.99407992106561,108.47654320987654,37.619752437960614,37.582633787306484,0.4997532082922014,0.6800142401634524,tinba
50.07751937984496,106.53879728419011,43.70723577304936,43.66488380040106,0.4997576345128454,0.68004259494866,tinba
50.968934911242606,108.43385982230997,38.2508612802788,38.213138537398834,0.4997533300444006,0.6800360313509899,tinba
50.96646942800789,108.3249506903353,47.06848960164442,47.06848960164442,0.5,0.68004259494866,tinba
50.89364844903988,108.32692307692308,38.29256921738667,38.236007076740606,0.49963045084996305,0.6800360313509899,tinba
51.09243697478992,108.63550939663699,46.974975193452096,46.951754741057904,0.499876390605686,0.6800208036010043,tinba
50.91871921182266,108.32692307692308,37.761340921616096,37.7241376300677,0.49975357318876296,0.6800360313509899,tinba
51.04197530864197,108.59268413247652,46.975465478086434,46.92906995662659,0.49975296442687744,0.68004259494866,tinba
50.94381468703795,108.43385982230997,38.94997852365871,38.89238860962668,0.4996300863131936,0.6800360313509899,tinba
51.04197530864197,108.53903162055336,47.740103834345426,47.71652847442723,0.4998765127191899,0.68004259494866,tinba
50.89364844903988,108.32692307692308,37.90478968318959,37.8488003335837,0.49963045084996305,0.6800360313509899,tinba
51.06719367588933,108.64638971315529,46.92185886447656,46.87549339129032,0.49975284231339595,0.68004259494866,tinba
50.39785470502194,107.16536585365854,37.560097470142985,37.54178440457977,0.49987807851743477,0.6800359071984646,tinba
51.117705242334324,108.68926274121722,47.06516259398928,47.04188605462529,0.49987632945832305,0.6800208036010043,tinba
50.71638861629048,107.79342492639843,45.66715406304592,45.66715406304592,0.5,0.68004259494866,tinba
50.968441814595664,108.43287265547877,37.97980485180265,37.94234942295472,0.4997533300444006,0.6800361555058211,tinba
50.99161322150962,108.48543209876543,47.394725770735384,47.347962351129325,0.4997532082922014,0.68004259494866,tinba
50.919211822660095,108.38135175135669,38.65547049725467,38.598344186174984,0.49963026867143207,0.6800359071984646,tinba
228.78787878787878,842.40625,5.102957673760882,4.948322592737825,0.49230769230769234,0.7812038137189555,tinba
50.916256157635466,108.3249506903353,46.1972558556831,46.15174131789425,0.49975357318876296,0.68004259494866,tinba
50.868110236220474,108.2192118226601,38.17411472549937,38.1365417779349,0.499753815854259,0.6800361555058211,tinba
51.06719367588933,108.70014844136566,48.01165427139516,47.940490752218196,0.49962917181705807,0.68004259494866,tinba
50.944307540660425,108.32790927021696,37.8177879071257,37.799149273361714,0.49987675622381067,0.6800359071984646,tinba
51.06719367588933,108.64638971315529,47.60448632682916,47.557446320577355,0.49975284231339595,0.68004259494866,tinba
50.943321833415474,108.3259368836292,38.05391761639709,38.03516260525051,0.49987675622381067,0.6800361555058211,tinba
51.09243697478992,108.64638971315529,47.89727746724611,47.87360110665924,0.499876390605686,0.68004259494866,tinba
50.86909448818898,108.2745194677181,37.56459360420517,37.50913406640368,0.49963063284905196,0.6800359071984646,tinba
51.117705242334324,108.7539603960396,45.72639783234574,45.68116895219505,0.4997525977238991,0.68004259494866,tinba
50.25036460865338,106.8377065111759,37.308153424108916,37.326290591548926,0.5001215066828676,0.6802191580790565,tinba
51.06719367588933,108.70014844136566,47.38802312885866,47.317783964141974,0.49962917181705807,0.68004259494866,tinba
50.91871921182266,108.32692307692308,38.55516515989626,38.51717977550227,0.49975357318876296,0.6800360313509899,tinba
51.06719367588933,108.64638971315529,47.337590405621114,47.29081413051674,0.49975284231339595,0.68004259494866,tinba
50.34827082318558,107.10141394441736,37.17076769687019,37.134556525222,0.49975633528265107,0.6800142401634524,tinba
51.06719367588933,108.64638971315529,48.076540526101496,48.029034063131036,0.49975284231339595,0.68004259494866,tinba
50.39736713798147,107.16439024390245,36.074317681826166,36.05672903351713,0.49987807851743477,0.6800360313509899,tinba
51.06719367588933,108.64638971315529,48.38750416138332,48.33969042209341,0.49975284231339595,0.68004259494866,tinba
50.91871921182266,108.27353376047314,38.82334073107838,38.80421593268869,0.4998768169499877,0.6800360313509899,tinba
51.016781836130306,108.48543209876543,47.4136884790861,47.39028586878053,0.49987657368550975,0.68004259494866,tinba
50.99407992106561,108.42300098716683,38.191008547722824,38.1721673989573,0.4998766345916605,0.6800142401634524,tinba
51.04197530864197,108.58180919426594,46.603420481597915,46.55739241198646,0.49975296442687744,0.6800208036010043,tinba
50.86909448818898,108.10383858267717,38.6993890048406,38.6993890048406,0.5,0.680014116204846,tinba
50.916256157635466,108.2779694430754,47.26802467528468,47.24473993406532,0.4998768169499877,0.6800554702590264,tinba
50.943321833415474,108.3793783917119,38.67802578027293,38.63990057004102,0.4997534516765286,0.6800361555058211,tinba
51.016781836130306,108.53903162055336,48.6942139641089,48.646144651212445,0.4997530864197531,0.68004259494866,tinba
243.5483870967742,897.8333333333334,4.7845419135183525,4.630201851791954,0.4918032786885246,0.7810642308249964,tinba
50.919211822660095,108.21034482758621,38.815990001032894,38.815990001032894,0.5,0.680014116204846,tinba
51.016781836130306,108.43188548864758,47.70581751658635,47.70581751658635,0.5,0.68004259494866,tinba
50.943321833415474,108.3259368836292,37.641600214035265,37.623048415014054,0.49987675622381067,0.6800361555058211,tinba
51.117705242334324,108.68926274121722,47.751364344774146,47.727748437580885,0.49987632945832305,0.6800208036010043,tinba
50.944307540660425,108.31706114398422,37.87521789144691,37.85655095310712,0.49987675622381067,0.680014116204846,tinba
51.09243697478992,108.7539603960396,47.52943186168535,47.45894827513812,0.4996289883749691,0.68004259494866,tinba
50.8931560807484,108.16592811422944,38.382279979672326,38.382279979672326,0.5,0.6800361555058211,tinba
50.34632245494399,107.00681928884559,44.854892460485985,44.854892460485985,0.5,0.6800424707317224,tinba
50.718842001962706,107.95429975429975,36.63416776204279,36.580241116661966,0.49963172109010556,0.6800360313509899,tinba
51.117705242334324,108.7539603960396,46.80656115534828,46.76026386439343,0.4997525977238991,0.68004259494866,tinba
51.0177690029615,108.3788850518007,46.90324446501764,46.92639512862328,0.5001233654083395,0.6800393751973404,tinba
50.767681728880156,108.00688298918388,38.24089192152167,38.20332719468324,0.49975429975429975,0.6800392510114565,tinba
51.09243697478992,108.70014844136566,48.129464850812035,48.08188258205197,0.4997527200791296,0.68004259494866,tinba
50.20155415250122,106.69596891694998,36.41048701154601,36.41048701154601,0.5,0.6800360313509899,tinba
51.06719367588933,108.64638971315529,47.27100889619307,47.22429841309406,0.49975284231339595,0.68004259494866,tinba
50.89364844903988,108.32692307692308,37.87416258310635,37.81821847293928,0.49963045084996305,0.6800360313509899,tinba
51.016781836130306,108.53903162055336,47.66274675832535,47.6156956756419,0.4997530864197531,0.68004259494866,tinba
50.868602362204726,108.27353376047314,38.37387321099488,38.317218870624316,0.49963063284905196,0.6800360313509899,tinba
51.09243697478992,108.64638971315529,47.731857783328564,47.708263192234476,0.499876390605686,0.68004259494866,tinba
50.794103194103194,108.10383858267717,37.62282803530907,37.56736440675579,0.49963117777231375,0.680014116204846,tinba
51.06719367588933,108.64638971315529,47.916054072145734,47.868706192627805,0.49975284231339595,0.68004259494866,tinba
50.868110236220474,108.2192118226601,38.56394405280354,38.52598741495629,0.499753815854259,0.6800361555058211,tinba
51.06719367588933,108.64638971315529,46.96786241654494,46.921451485303294,0.49975284231339595,0.68004259494866,tinba
50.89414081733136,108.38135175135669,37.774676098845426,37.70027988791713,0.49950714637752586,0.6800359071984646,tinba
51.06719367588933,108.70014844136566,46.20677746798315,46.13828916145946,0.49962917181705807,0.68004259494866,tinba
50.943321833415474,108.2192118226601,37.751172504211,37.76977830633234,0.5001231830500124,0.6800361555058211,tinba
51.04197530864197,108.64638971315529,47.27535209676568,47.2053145381038,0.49962935507783546,0.68004259494866,tinba
50.42243902439024,107.05019493177387,36.95738334299728,36.99343932674655,0.500243783520234,0.680014116204846,tinba
51.06719367588933,108.64638971315529,47.54822304123334,47.501238631113544,0.49975284231339595,0.68004259494866,tinba
50.943321833415474,108.3793783917119,38.35124930452039,38.31344620022811,0.4997534516765286,0.6800361555058211,tinba
51.06719367588933,108.64638971315529,47.51807383053958,47.47111921212995,0.49975284231339595,0.68004259494866,tinba
50.919211822660095,108.38135175135669,38.19033776107995,38.133898838280324,0.49963026867143207,0.6800359071984646,tinba
50.27237354085603,106.90170316301703,45.374823533358715,45.35275406665961,0.4998783750912187,0.68004259494866,tinba
50.868602362204726,108.16691285081241,38.49155684233705,38.472614147040616,0.49987693822298795,0.6800360313509899,tinba
51.06719367588933,108.7539603960396,48.280645988162085,48.18522969174279,0.49950544015825915,0.68004259494866,tinba
50.94381468703795,108.43385982230997,38.02749621427192,37.97127024648344,0.4996300863131936,0.6800360313509899,tinba
51.04197530864197,108.59268413247652,47.310307471899996,47.263581242298116,0.49975296442687744,0.68004259494866,tinba
50.94381468703795,108.38036507153429,37.26986559963385,37.233128423094044,0.4997534516765286,0.6800360313509899,tinba
51.04197530864197,108.64638971315529,47.21792667159434,47.14797418763642,0.49962935507783546,0.68004259494866,tinba
50.968934911242606,108.43385982230997,38.247973616513015,38.21025372142769,0.4997533300444006,0.6800360313509899,tinba
50.666666666666664,107.52961331375428,45.98735956312272,46.0549880330685,0.5003673769287289,0.68004259494866,tinba
50.94381468703795,108.38036507153429,38.584767154057715,38.54673386952932,0.4997534516765286,0.6800360313509899,tinba
50.99161322150962,108.48543209876543,47.93922370529369,47.891923040562276,0.4997532082922014,0.68004259494866,tinba
50.968934911242606,108.4874074074074,38.21071221549253,38.15418749328026,0.4996299037749815,0.6800360313509899,tinba
51.016781836130306,108.43188548864758,46.35214983743916,46.35214983743916,0.5,0.68004259494866,tinba
50.89414081733136,108.2745194677181,37.98852794925865,37.951119256054064,0.49975369458128077,0.6800359071984646,tinba
50.49340498290181,107.61918746940773,46.50483463144841,46.41396050417641,0.49951100244498775,0.6802237443769994,tinba
50.943321833415474,108.3259368836292,38.35313565501449,38.33423317317368,0.49987675622381067,0.6800361555058211,tinba
51.016781836130306,108.43188548864758,47.55314319242488,47.55314319242488,0.5,0.68004259494866,tinba
50.89414081733136,108.22118226600985,38.30597947721529,38.28711882754654,0.49987687761635063,0.6800359071984646,tinba
50.567514677103716,107.42444987775062,44.90686520126866,44.928835291875934,0.5001222792858889,0.68004259494866,tinba
50.99161322150962,108.48543209876543,47.685718110797204,47.63866757492074,0.4997532082922014,0.68004259494866,tinba
50.8931560807484,108.31508875739645,38.200531999168405,38.144105807146,0.49963045084996305,0.6800143641243611,tinba
50.99161322150962,108.37839171188949,47.145598941649105,47.145598941649105,0.5,0.68004259494866,tinba
50.844072798819475,108.0614854894245,38.057394781469995,38.057394781469995,0.5,0.6800359071984646,tinba
51.09243697478992,108.70014844136566,47.51182357257831,47.46485192297615,0.4997527200791296,0.68004259494866,tinba
50.84358091490408,108.00737463126843,38.05746187469823,38.07618172805518,0.5001229407425621,0.6800360313509899,tinba
51.04197530864197,108.64638971315529,47.86559604041517,47.794684046281226,0.49962935507783546,0.68004259494866,tinba
50.91871921182266,108.32692307692308,38.110512960550395,38.07296565714099,0.49975357318876296,0.6800360313509899,tinba
50.567514677103716,107.42444987775062,45.91684260569448,45.939306814405676,0.5001222792858889,0.68004259494866,tinba
50.91871921182266,108.20935960591133,38.23476898118827,38.23476898118827,0.5,0.6800142401634524,tinba
51.06719367588933,108.48543209876543,47.88744102217471,47.911100825051285,0.5001234872808101,0.68004259494866,tinba
50.84358091490408,108.11368110236221,38.27304848778545,38.25422259084114,0.4998769987699877,0.6800360313509899,tinba
50.99161322150962,108.37839171188949,45.67554553181065,45.67554553181065,0.5,0.68004259494866,tinba
50.868602362204726,108.22019704433498,38.44272021757933,38.40488289453053,0.499753815854259,0.6800360313509899,tinba
51.09243697478992,108.7539603960396,47.716244455778394,47.645483836219654,0.4996289883749691,0.68004259494866,tinba
50.91871921182266,108.27353376047314,38.34114169392933,38.322254432011135,0.4998768169499877,0.6800360313509899,tinba
51.016781836130306,108.43188548864758,48.028835908278595,48.028835908278595,0.5,0.68004259494866,tinba
50.94381468703795,108.36951159348791,37.37474762334788,37.337907063837434,0.4997534516765286,0.6800142401634524,tinba
50.56800391389432,107.53059226627508,45.34371406944874,45.32153025630322,0.49987766087594815,0.6800424707317224,tinba
50.8931560807484,108.1126968503937,37.766224774443,37.78481966601092,0.500123061777012,0.6800361555058211,tinba
50.54278728606357,107.37194525904204,45.58813823699928,45.61043072513473,0.5001222195062331,0.68004259494866,tinba
50.89414081733136,108.21034482758621,37.349901722408745,37.33151181511066,0.49987687761635063,0.680014116204846,tinba
51.04197530864197,108.64638971315529,46.542135222955515,46.4731839115141,0.49962935507783546,0.68004259494866,tinba
50.91822660098522,108.3793783917119,37.8813899095814,37.82540755996133,0.49963026867143207,0.6800361555058211,tinba
51.016781836130306,108.59268413247652,46.83718817864072,46.76783400068617,0.4996295381575698,0.68004259494866,tinba
50.89414081733136,108.15706548498277,31.94194978317756,31.94194978317756,0.5,0.680014116204846,tinba
50.74779195289499,107.74055909759686,46.24635701104067,46.2690490409774,0.5001226391954868,0.6799078942888889,tinba
51.05128205128205,108.57677275265215,44.010278331571286,43.93668254840812,0.499581589958159,0.6798218474586344,tinba
0.0,31.5,42.282355906146826,42.282355906146826,0.5,1.0,zloader
30.9625,89.98101265822785,0.9164039953590964,0.9049489454171078,0.4968553459119497,0.7415888581711961,zloader
29.541666666666668,60.05555555555556,1.6199695070761242,1.6199695070761242,0.5,0.6702836769493102,zloader
29.983050847457626,98.54310344827586,1.1965811185539363,1.1763000826462426,0.49572649572649574,0.7636448660565168,zloader
35.592592592592595,63.63106796116505,0.6003775069557488,0.5725822520040937,0.4881516587677725,0.6303135218311213,zloader
28.47979797979798,58.37810945273632,1.1283219656512102,1.145417753009562,0.5037593984962406,0.6754158752086571,zloader
28.78238341968912,58.73711340206186,1.099301481196907,1.1049973437937823,0.5012919896640827,0.6722713864306785,zloader
27.75,57.0,1.4061364068853952,1.4061364068853952,0.5,0.672566371681416,zloader
40.31578947368421,316.77777777777777,0.1583108069432345,0.14997865920938003,0.4864864864864865,0.8815708101422387,zloader
32.163636363636364,103.71818181818182,1.1062466783564877,1.1062466783564877,0.5,0.7632969826721081,zloader
72.84615384615384,71.16666666666667,41.63436919209736,38.43172540808987,0.48,0.47418101054969464,zloader
35.23853211009175,63.25233644859813,1.104143964608668,1.0838844423222702,0.49537037037037035,0.6379489113017249,zloader
32.36868686868687,61.111675126903556,1.1364330710732469,1.1306935101082305,0.49873417721518987,0.652591066782307,zloader
28.880208333333332,60.27513227513227,1.0907203463011477,1.0736778408901921,0.49606299212598426,0.6726102615575368,zloader
29.52127659574468,63.333333333333336,1.07359685717576,1.027911884529983,0.4891304347826087,0.672566371681416,zloader
46.0,421.0,44.90129786513305,41.69406230333784,0.48148148148148145,0.8947196338074219,zloader
34.6036036036036,62.293577981651374,1.1314814583528776,1.1110944050492222,0.4954545454545455,0.6386981469287931,zloader
34.321739130434786,62.0353982300885,1.1637570165286708,1.1435177640673027,0.4956140350877193,0.639773660673542,zloader
31.732323232323232,59.81725888324873,1.1208592204696883,1.115198315315801,0.49873417721518987,0.6522388885813915,zloader
28.930851063829788,59.74331550802139,1.0704390819641854,1.0647452570601206,0.49866666666666665,0.672566371681416,zloader
27.701923076923077,56.92307692307692,1.1726394938526832,1.1726394938526832,0.5,0.6726508351323713,zloader
29.6260162601626,95.5,0.920363532784707,0.9128809024368638,0.49795918367346936,0.7617522066034652,zloader
31.873873873873872,105.63888888888889,1.1337093557796194,1.1030685623801704,0.4931506849315068,0.7632969826721081,zloader
31.472906403940886,59.42574257425743,1.1567455531251922,1.1510472991689105,0.49876543209876545,0.6526395911488067,zloader
29.383419689119172,59.97422680412371,1.0732860107980358,1.0788470782114972,0.5012919896640827,0.672310181439963,zloader
28.64516129032258,60.13186813186813,1.0635602226507392,1.0406879597980352,0.4945652173913043,0.672566371681416,zloader
46.0,366.3333333333333,39.756920531191305,42.596700569133546,0.5172413793103449,0.895096921322691,zloader
74.23076923076923,72.08333333333333,60.29150836160341,55.65370002609546,0.48,0.4726775956284153,zloader
29.983050847457626,97.7008547008547,0.7477749030581962,0.7414378276085504,0.4978723404255319,0.7636448660565168,zloader
72.84615384615384,71.16666666666667,41.68029383998563,38.474117390755964,0.48,0.47418101054969464,zloader
33.4,59.56140350877193,1.1598649540948018,1.149779171885282,0.4978165938864629,0.6386981469287931,zloader
57.07692307692308,539.5555555555555,2.081699305856553,1.4411764425160751,0.4090909090909091,0.8674526616648803,zloader
9.974025974025974,2133.6666666666665,11.224905445807119,13.994687309058225,0.5549132947976878,0.9962645914396887,zloader
32.53809523809524,62.42512077294686,1.1977614930700968,1.1806506145976667,0.49640287769784175,0.6541128828144773,zloader
28.42051282051282,59.02590673575129,1.111987307140921,1.1005823091189628,0.49742268041237114,0.6727294201015708,zloader
28.316326530612244,58.16326530612245,1.120367454500916,1.120367454500916,0.5,0.672566371681416,zloader
49.53846153846154,421.0,41.63999691476111,41.63999691476111,0.5,0.8947196338074219,zloader
34.91818181818182,63.25233644859813,1.1130106503495862,1.0826558144309613,0.4930875576036866,0.6379489113017249,zloader
78.5,70.44444444444444,398.47083412502377,358.62375071252137,0.47368421052631576,0.44679351656095845,zloader
82.07692307692308,82.0,58.97911078036032,58.97911078036032,0.5,0.4997655883731833,zloader
34.62280701754386,62.0353982300885,1.1535254560415562,1.1434068116903144,0.4977973568281938,0.639773660673542,zloader
32.38659793814433,60.54358974358974,1.1039695905011238,1.109660155400614,0.5012853470437018,0.6526618386864945,zloader
27.75,57.0,1.1064604398031597,1.1064604398031597,0.5,0.672566371681416,zloader
29.701030927835053,59.7979797979798,1.1039229795684098,1.126684278116212,0.5051020408163265,0.6726508351323713,zloader
30.6218487394958,100.4396551724138,0.7959535170275646,0.7758874619764494,0.49361702127659574,0.7617522066034652,zloader
74.0,72.41666666666667,41.698749479969656,38.491153366125836,0.48,0.474604041507373,zloader
33.11206896551724,59.56140350877193,1.1726439289136843,1.1524259301393105,0.4956521739130435,0.6386981469287931,zloader
32.287958115183244,60.77894736842105,1.074314839911932,1.068690154886215,0.49868766404199477,0.6518769404459498,zloader
29.210526315789473,58.76288659793814,1.0837249695589746,1.1065402320760056,0.5052083333333334,0.672566371681416,zloader
28.86,60.48979591836735,1.0659755159409467,1.044656005622128,0.494949494949495,0.672566371681416,zloader
46.0,422.6923076923077,33.860687405862855,31.44206687687265,0.48148148148148145,0.895096921322691,zloader
74.0,72.41666666666667,41.68376696945002,38.477323356415404,0.48,0.474604041507373,zloader
34.025862068965516,62.0353982300885,0.8050357702716642,0.7842158796611901,0.49344978165938863,0.639773660673542,zloader
36.93269230769231,64.66666666666667,1.0600805006994063,1.0702735824369007,0.5023923444976076,0.6386981469287931,zloader
32.05612244897959,61.056994818652846,1.1184327686311886,1.1013138997235683,0.4961439588688946,0.6522388885813915,zloader
29.274111675126903,60.077319587628864,1.0945411659795554,1.0778730263961103,0.4961636828644501,0.6689817472161634,zloader
28.685393258426966,61.08988764044944,1.01537933629307,1.01537933629307,0.5,0.6804755944931163,zloader
46.0,421.0,44.83886180649733,41.63608596317609,0.48148148148148145,0.8947196338074219,zloader
34.294642857142854,59.89380530973451,1.132070462056439,1.1421782340390858,0.5022222222222222,0.6379489113017249,zloader
34.025862068965516,61.49122807017544,0.7106435137683956,0.6983910393930784,0.4956521739130435,0.639773660673542,zloader
32.05612244897959,59.81725888324873,1.1156465624191094,1.121338636717166,0.5012722646310432,0.6522388885813915,zloader
28.930851063829788,59.111111111111114,1.0673560733360892,1.0730334992580897,0.5013262599469496,0.672566371681416,zloader
29.397959183673468,62.97872340425532,1.1298327996304882,1.0837171751557744,0.4895833333333333,0.6726508351323713,zloader
35.77777777777778,366.3333333333333,0.2755060561597869,0.22958838013315577,0.45454545454545453,0.895096921322691,zloader
33.69298245614035,60.08849557522124,1.1475606343183284,1.1374943129646589,0.4977973568281938,0.6386981469287931,zloader
34.6036036036036,61.171171171171174,1.1361700178353713,1.1361700178353713,0.5,0.6386981469287931,zloader
31.61878453038674,59.21111111111111,1.0262494013813457,1.0205795151858685,0.4986149584487535,0.650631829558635,zloader
28.77777777777778,59.111111111111114,1.0824508674904934,1.0824508674904934,0.5,0.672566371681416,zloader
29.41025641025641,60.93103448275862,1.0698210481423622,1.06067727850012,0.4978540772532189,0.672566371681416,zloader
46.0,421.0,64.47305802110736,59.86783959102827,0.48148148148148145,0.8947196338074219,zloader
30.6218487394958,97.72268907563026,0.9121528786121444,0.9121528786121444,0.5,0.7614090224579323,zloader
34.294642857142854,61.72727272727273,1.1379834476649324,1.1176623146709157,0.4954954954954955,0.6386981469287931,zloader
32.26767676767677,60.62626262626262,1.135338404629397,1.135338404629397,0.5,0.6526395911488067,zloader
28.181347150259068,58.1875,1.093789429589894,1.088122126845905,0.4987012987012987,0.672566371681416,zloader
28.90625,60.0,1.0887297127171494,1.0773887782096792,0.4973821989528796,0.672566371681416,zloader
49.53846153846154,421.0,41.551338726086016,41.551338726086016,0.5,0.8947196338074219,zloader
34.294642857142854,60.625,1.1437873453425513,1.1437873453425513,0.5,0.6386981469287931,zloader
34.025862068965516,61.49122807017544,1.1714009294230787,1.151204361674405,0.4956521739130435,0.639773660673542,zloader
31.497536945812808,59.205,1.1292794556308934,1.112590596680683,0.49627791563275436,0.6493556347683027,zloader
28.19047619047619,58.30890052356021,1.078686364131504,1.0901010346514142,0.5026315789473684,0.6764044943820224,zloader
28.245098039215687,59.2,1.150156391736766,1.1276043056242804,0.49504950495049505,0.6726508351323713,zloader
46.0,421.0,44.90923051978842,41.70142833980354,0.48148148148148145,0.8947196338074219,zloader
33.69298245614035,60.08849557522124,1.1440464559697834,1.1340109607419784,0.4977973568281938,0.6386981469287931,zloader
34.294642857142854,62.091743119266056,1.1414358692315771,1.1108616941628742,0.49321266968325794,0.6379489113017249,zloader
31.901234567901234,59.4875,0.925600146094699,0.9141729837972336,0.4968944099378882,0.6481002315130056,zloader
28.756476683937823,59.68586387434555,1.100188237226335,1.0887873228509324,0.4973958333333333,0.672566371681416,zloader
29.431818181818183,60.916030534351144,1.05305933630253,1.0450816140578139,0.49809885931558934,0.672566371681416,zloader
42.93333333333333,366.3333333333333,71.37216108905275,71.37216108905275,0.5,0.895096921322691,zloader
30.88135593220339,98.55084745762711,1.0269322113598873,1.0269322113598873,0.5,0.7614090224579323,zloader
33.69298245614035,60.972972972972975,0.7036687945563179,0.6851511946995728,0.49333333333333335,0.6379489113017249,zloader
31.945,61.67179487179487,1.142727909301007,1.1141597115684818,0.4936708860759494,0.6530545750746674,zloader
29.085561497326204,59.74331550802139,1.0697140180695106,1.0697140180695106,0.5,0.672566371681416,zloader
29.210526315789473,58.76288659793814,1.0760843636956947,1.0987387713524461,0.5052083333333334,0.672566371681416,zloader
40.25,366.3333333333333,51.18594136132044,47.98682002623791,0.4838709677419355,0.895096921322691,zloader
34.91818181818182,63.25233644859813,1.1165880560605843,1.0861356545316592,0.4930875576036866,0.6379489113017249,zloader
33.73504273504273,60.241379310344826,1.176534533270756,1.16647868255904,0.4978540772532189,0.6390489254686785,zloader
32.22051282051282,60.74226804123711,1.1171623109844058,1.1114332734921781,0.4987146529562982,0.6522388885813915,zloader
30.83957219251337,64.3913043478261,1.046996727213356,1.0301999882741042,0.49595687331536387,0.6726085722395686,zloader
28.366666666666667,58.266666666666666,1.0930602075029001,1.0930602075029001,0.5,0.672566371681416,zloader
46.0,421.0,44.91627266934746,41.70796747867978,0.48148148148148145,0.8947196338074219,zloader
34.6036036036036,62.870370370370374,1.12432467291314,1.0939375195911631,0.4931506849315068,0.6386981469287931,zloader
34.6036036036036,61.527272727272724,1.130243912173381,1.1200615345862333,0.497737556561086,0.6379489113017249,zloader
33.3448275862069,59.945578231292515,0.8227529951971215,0.8341013123722542,0.5034246575342466,0.6457096797831026,zloader
28.608247422680414,60.0,1.105883064175902,1.0830813515124815,0.4947916666666667,0.672566371681416,zloader
29.704225352112676,60.166666666666664,1.0417369255560134,1.0564092766201825,0.5034965034965035,0.672566371681416,zloader
46.0,421.0,44.86949239315651,41.66452865078819,0.48148148148148145,0.8947196338074219,zloader
30.88135593220339,98.55084745762711,1.1454480856165548,1.1454480856165548,0.5,0.7614090224579323,zloader
33.4,60.08849557522124,1.1493458273855823,1.1293572043006157,0.4956140350877193,0.6386981469287931,zloader
31.786069651741293,60.321608040201006,1.1498411484396287,1.138399942982518,0.4975,0.6526395911488067,zloader
28.930851063829788,58.1875,1.0698687875406436,1.0926319532329978,0.5052631578947369,0.672566371681416,zloader
28.316326530612244,58.16326530612245,1.1088947305602852,1.1088947305602852,0.5,0.672566371681416,zloader
40.25,366.3333333333333,73.96619607160217,69.34330881712702,0.4838709677419355,0.895096921322691,zloader
30.5,98.35344827586206,1.1725569369689395,1.1725569369689395,0.5,0.7632969826721081,zloader
34.92920353982301,65.30841121495327,1.1494075873358114,1.088377095972848,0.4863636363636364,0.6390489254686785,zloader
33.129533678756474,61.23834196891192,1.0782077480679688,1.0782077480679688,0.5,0.6489320814802614,zloader
27.724489795918366,57.6497461928934,1.1076813050556713,1.113332740285547,0.5012722646310432,0.6763742481091061,zloader
28.316326530612244,58.76288659793814,1.1112152519424534,1.0998763208001836,0.49743589743589745,0.672566371681416,zloader
37.88235294117647,343.4375,54.40697355007661,51.206563341248575,0.48484848484848486,0.895096921322691,zloader
35.23853211009175,62.870370370370374,1.1121259017640583,1.1019229118396174,0.4976958525345622,0.6386981469287931,zloader
33.4,60.625,0.7117048511215492,0.6931386376140306,0.4933920704845815,0.6386981469287931,zloader
86.0909090909091,83.2,35.272120118650804,32.06556374422801,0.47619047619047616,0.46767847105115234,zloader
30.950738916256157,58.1576354679803,1.1465393138118432,1.1465393138118432,0.5,0.6526618386864945,zloader
29.085561497326204,60.71739130434783,1.0715621162014488,1.0543712801126555,0.49595687331536387,0.672566371681416,zloader
29.210526315789473,59.375,1.077471214731796,1.0888130169921306,0.5026178010471204,0.672566371681416,zloader
46.0,392.5,39.19580596024633,39.19580596024633,0.5,0.895096921322691,zloader
31.145299145299145,99.3931623931624,1.1765612350344432,1.1765612350344432,0.5,0.7614090224579323,zloader
34.6036036036036,60.972972972972975,1.1173752021068821,1.1173752021068821,0.5,0.6379489113017249,zloader
31.628712871287128,60.4321608040201,1.1519682906315034,1.1348598506716296,0.49625935162094764,0.6530545750746674,zloader
28.476439790575917,58.1875,1.0900345599294412,1.0957415471542027,0.5013054830287206,0.672566371681416,zloader
29.838709677419356,61.29032258064516,1.062111893735364,1.062111893735364,0.5,0.672566371681416,zloader
260.3448275862069,1012.25,4.357846464275887,4.207575896542236,0.49122807017543857,0.7896525784972,zloader
46.0,421.0,44.90892140284702,41.70114130264366,0.48148148148148145,0.8947196338074219,zloader
31.035087719298247,99.4,1.1607257551935033,1.1709075600636216,0.5021834061135371,0.7636448660565168,zloader
33.73504273504273,59.72649572649573,1.1517204458602646,1.1517204458602646,0.5,0.6390489254686785,zloader
31.732323232323232,60.54358974358974,1.1270546464995652,1.1099780609465415,0.4961832061068702,0.6526618386864945,zloader
28.582474226804123,59.02590673575129,1.1065729333994585,1.1008689492066779,0.49870801033591733,0.6726102615575368,zloader
30.16304347826087,63.333333333333336,1.05940175011879,1.0363712772901206,0.4945054945054945,0.672566371681416,zloader
40.166666666666664,439.5833333333333,139.54615851680572,139.54615851680572,0.5,0.9162758381101268,zloader
54.57142857142857,380.46666666666664,22.388359323975152,23.987527847116233,0.5172413793103449,0.8819347859681657,zloader
86.0909090909091,83.2,35.31991395347057,32.109012684973244,0.47619047619047616,0.46767847105115234,zloader
35.23853211009175,62.870370370370374,1.1075313921897223,1.097370553729266,0.4976958525345622,0.6386981469287931,zloader
34.91818181818182,60.625,1.1166142608668916,1.1369163383371987,0.5045045045045045,0.6386981469287931,zloader
78.91666666666667,85.4,38.282906971702914,31.902422476419094,0.45454545454545453,0.47418101054969464,zloader
32.38659793814433,61.81151832460733,1.1123960888054207,1.095194087432141,0.4961038961038961,0.6526618386864945,zloader
28.476439790575917,58.49214659685864,1.0907481942030826,1.0907481942030826,0.5,0.672566371681416,zloader
28.90625,58.76288659793814,1.0891371523110978,1.100482330981005,0.5025906735751295,0.672566371681416,zloader
37.88235294117647,343.4375,77.99378702626075,73.4059172011866,0.48484848484848486,0.895096921322691,zloader
30.115702479338843,97.72268907563026,1.2231666917042965,1.202949060436457,0.49583333333333335,0.7614090224579323,zloader
34.6036036036036,61.171171171171174,1.122087970937412,1.122087970937412,0.5,0.6386981469287931,zloader
31.628712871287128,60.62626262626262,1.147254407114703,1.1245364980629269,0.495,0.6526395911488067,zloader
28.476439790575917,58.1875,1.0884477235262353,1.094146402707001,0.5013054830287206,0.672566371681416,zloader
30.16304347826087,60.638297872340424,1.055689525765483,1.0786392980647328,0.5053763440860215,0.672566371681416,zloader
42.93333333333333,392.5,29.04555495795371,27.10918462742346,0.4827586206896552,0.895096921322691,zloader
31.035087719298247,102.78378378378379,1.1608143532071349,1.130266607070105,0.49333333333333335,0.7632969826721081,zloader
32.891666666666666,58.90756302521008,1.036096952583743,1.0274628113122117,0.497907949790795,0.639773660673542,zloader
31.258706467661693,59.03,1.1443830982379308,1.1386896499879908,0.49875311720698257,0.6526618386864945,zloader
28.14720812182741,58.42051282051282,1.1295476335807229,1.1180801449149287,0.49744897959183676,0.6726102615575368,zloader
28.90625,58.76288659793814,1.086095661092799,1.0974091575625156,0.5025906735751295,0.672566371681416,zloader
42.93333333333333,366.3333333333333,68.42473552727601,68.42473552727601,0.5,0.895096921322691,zloader
33.991150442477874,60.972972972972975,1.1317285779647182,1.1116979836644578,0.4955357142857143,0.6379489113017249,zloader
34.294642857142854,61.72727272727273,1.134530992991773,1.1142715109740629,0.4954954954954955,0.6386981469287931,zloader
86.0909090909091,83.2,35.295109808229576,32.086463462026884,0.47619047619047616,0.46767847105115234,zloader
30.950738916256157,59.0,1.1444980950455041,1.1444980950455041,0.5,0.6559145673603505,zloader
28.036082474226806,57.58762886597938,1.0988248897995192,1.0988248897995192,0.5,0.672566371681416,zloader
28.245098039215687,59.2,0.7585609278934817,0.7436871842092958,0.49504950495049505,0.6726508351323713,zloader
29.6260162601626,94.72357723577235,1.2356277142765884,1.2356277142765884,0.5,0.7617522066034652,zloader
33.991150442477874,59.89380530973451,1.1422180890684548,1.1422180890684548,0.5,0.6379489113017249,zloader
32.10552763819096,60.321608040201006,1.1337362001450955,1.1337362001450955,0.5,0.6526395911488067,zloader
27.75,57.0,1.1082320327893218,1.1082320327893218,0.5,0.672566371681416,zloader
28.03030303030303,57.0,1.130468927624327,1.1418878056811383,0.5025125628140703,0.672566371681416,zloader
37.88235294117647,343.4375,78.85085023538089,74.21256492741732,0.48484848484848486,0.895096921322691,zloader
30.23931623931624,97.51282051282051,1.1863971854346327,1.1863971854346327,0.5,0.7632969826721081,zloader
32.891666666666666,58.90756302521008,0.8591260030520284,0.8519666196932615,0.497907949790795,0.639773660673542,zloader
30.2020202020202,83.48730964467005,1.1337850623524914,1.1280588751688931,0.49873417721518987,0.7333571141927141,zloader
28.880208333333332,60.27513227513227,1.0932718738658946,1.0761895008367401,0.49606299212598426,0.6726102615575368,zloader
28.608247422680414,60.638297872340424,1.1091372281331728,1.0748340148919406,0.49214659685863876,0.672566371681416,zloader
40.25,392.5,61.65368435461896,53.94697381029159,0.4666666666666667,0.895096921322691,zloader
35.23853211009175,61.171171171171174,1.1121654552101348,1.1325721608103207,0.5045454545454545,0.6386981469287931,zloader
33.168067226890756,58.90756302521008,0.7650182187408595,0.7650182187408595,0.5,0.639773660673542,zloader
32.05612244897959,60.43076923076923,1.1172972514653652,1.1115967552844193,0.49872122762148335,0.6522388885813915,zloader
29.085561497326204,59.42553191489362,1.0697764244378951,1.0754971539803437,0.5013333333333333,0.672566371681416,zloader
29.701030927835053,59.2,0.8294488269645548,0.8551018834686132,0.5076142131979695,0.6726508351323713,zloader
32.828828828828826,103.83035714285714,1.1457896704044255,1.1561120998675283,0.5022421524663677,0.7614090224579323,zloader
34.6036036036036,61.527272727272724,1.1174646637621053,1.1073974145390233,0.497737556561086,0.6379489113017249,zloader
31.786069651741293,59.72139303482587,1.1458039837090208,1.1458039837090208,0.5,0.6526395911488067,zloader
28.181347150259068,57.8860103626943,1.0900959310690213,1.0900959310690213,0.5,0.672566371681416,zloader
28.03030303030303,57.57575757575758,1.1228278151693387,1.1228278151693387,0.5,0.672566371681416,zloader
42.93333333333333,392.5,48.06597189593566,44.86157376953995,0.4827586206896552,0.895096921322691,zloader
31.873873873873872,104.87155963302752,1.136195022645123,1.1157230402551208,0.4954545454545455,0.7636448660565168,zloader
34.321739130434786,62.0353982300885,0.7521862830353344,0.7391047824608068,0.4956140350877193,0.639773660673542,zloader
30.050251256281406,83.3756345177665,1.131767691781147,1.1203931421150048,0.49747474747474746,0.7330952912296362,zloader
29.18421052631579,59.95789473684211,1.0850404386267198,1.0850404386267198,0.5,0.6726102615575368,zloader
28.316326530612244,58.16326530612245,1.1244563450712561,1.1244563450712561,0.5,0.672566371681416,zloader
37.88235294117647,343.4375,54.395808428458196,51.196054991490065,0.48484848484848486,0.895096921322691,zloader
33.4,59.04347826086956,1.1720012874727213,1.1720012874727213,0.5,0.6386981469287931,zloader
34.025862068965516,61.49122807017544,0.8172491890879938,0.803158685827856,0.4956521739130435,0.639773660673542,zloader
32.05612244897959,59.515151515151516,1.1210329265372563,1.1324720380325344,0.5025380710659898,0.6522388885813915,zloader
29.365079365079364,59.611702127659576,1.05202390677012,1.0464576427131353,0.4986737400530504,0.6687951303932684,zloader
29.157894736842106,62.6063829787234,0.9112958426368287,0.901703254819599,0.4973544973544973,0.6799537839399191,zloader
30.366666666666667,97.72268907563026,1.212979729644371,1.2028715652306678,0.497907949790795,0.7614090224579323,zloader
34.91818181818182,63.25233644859813,1.1224891693570307,1.0918758283745664,0.4930875576036866,0.6379489113017249,zloader
31.862745098039216,59.41379310344828,1.13579237456987,1.1302247648906059,0.4987714987714988,0.6498033511125478,zloader
28.376884422110553,60.922680412371136,1.1364495841149869,1.1078955744638566,0.49363867684478374,0.6766861330585137,zloader
28.79,59.80808080808081,1.1335886106612536,1.122252724554641,0.49748743718592964,0.6728409090909091,zloader
46.0,421.0,44.97775326684744,41.76505660492976,0.48148148148148145,0.8947196338074219,zloader
31.309734513274336,101.86607142857143,1.1490286613533662,1.1388602661201506,0.49777777777777776,0.7632969826721081,zloader
72.84615384615384,75.63636363636364,0.203770883562929,0.17242151686093993,0.4583333333333333,0.46767847105115234,zloader
33.69298245614035,60.625,1.1476428871938436,1.1275088014536006,0.49557522123893805,0.6386981469287931,zloader
31.57286432160804,59.03,1.1291392408147338,1.1348133073514914,0.5012531328320802,0.6526618386864945,zloader
28.730569948186528,59.333333333333336,1.095109388119995,1.0894352462126373,0.4987012987012987,0.6726102615575368,zloader
28.608247422680414,59.375,1.1052590118699575,1.0938645890671743,0.49740932642487046,0.672566371681416,zloader
42.93333333333333,392.5,48.0895588784961,44.883588286596364,0.4827586206896552,0.895096921322691,zloader
34.91818181818182,60.972972972972975,1.108525827526969,1.1186033350499414,0.502262443438914,0.6379489113017249,zloader
34.025862068965516,59.72649572649573,0.9112606162144123,0.9191163111817781,0.5021459227467812,0.6390489254686785,zloader
31.893401015228427,59.32663316582914,1.1223515607823804,1.1337459928715417,0.5025252525252525,0.6526618386864945,zloader
28.626315789473683,58.49214659685864,1.0774853268704692,1.0831563022750506,0.5013123359580053,0.672566371681416,zloader
28.245098039215687,59.2,1.1540521459274726,1.1314236724779143,0.49504950495049505,0.6726508351323713,zloader
30.366666666666667,99.3931623931624,1.1920334510628148,1.1622326147862443,0.4936708860759494,0.7614090224579323,zloader
33.69298245614035,60.42857142857143,1.1511801600401375,1.1309840168815386,0.49557522123893805,0.6379489113017249,zloader
31.786069651741293,60.02,1.1364864727417685,1.1308323111858394,0.49875311720698257,0.6526395911488067,zloader
28.930851063829788,57.8860103626943,1.0661068108838134,1.0944607154285957,0.5065616797900262,0.672566371681416,zloader
28.316326530612244,58.16326530612245,1.115321362763402,1.115321362763402,0.5,0.672566371681416,zloader
46.0,421.0,44.98192227936011,41.76892783083439,0.48148148148148145,0.8947196338074219,zloader
243.5483870967742,977.3448275862069,4.658514278335709,4.357964970055987,0.48333333333333334,0.7896525784972,zloader
30.23931623931624,99.4,1.1840073642681432,1.1637679221439015,0.4956896551724138,0.7636448660565168,zloader
86.0909090909091,83.2,51.70220772395214,47.00200702177467,0.47619047619047616,0.46767847105115234,zloader
35.23853211009175,62.293577981651374,1.1053137926824632,1.1053137926824632,0.5,0.6386981469287931,zloader
32.38659793814433,61.696335078534034,1.1033276462862405,1.0862658785601647,0.4961038961038961,0.6522388885813915,zloader
28.14720812182741,57.535353535353536,1.116498541579173,1.122166046866377,0.5012658227848101,0.6726102615575368,zloader
29.210526315789473,60.0,1.0875337484128829,1.0875337484128829,0.5,0.672566371681416,zloader
40.25,366.3333333333333,73.85865914163581,69.24249294528357,0.4838709677419355,0.895096921322691,zloader
35.23853211009175,62.293577981651374,1.1040423375028112,1.1040423375028112,0.5,0.6386981469287931,zloader
33.73504273504273,60.43103448275862,1.1135146214141802,1.1039974024277341,0.4978540772532189,0.639773660673542,zloader
31.732323232323232,60.234693877551024,1.1280520926335944,1.1166576270514368,0.49746192893401014,0.6526618386864945,zloader
28.756345177664976,58.42211055276382,1.1190293069578692,1.130390010581807,0.5025252525252525,0.6723729107628246,zloader
29.07070707070707,58.613861386138616,1.1292864228898079,1.1521002900188948,0.505,0.6728802000454649,zloader
31.413793103448278,100.25,0.9511043946774167,0.9511043946774167,0.5,0.7614090224579323,zloader
30.5,99.4,1.1676984363802123,1.1576320705493484,0.49783549783549785,0.7636448660565168,zloader
31.786069651741293,60.02,1.1391613250395143,1.1334938557607108,0.49875311720698257,0.6526395911488067,zloader
28.476439790575917,57.8860103626943,1.0800213546841024,1.0913304788169202,0.5026041666666666,0.672566371681416,zloader
29.210526315789473,58.76288659793814,1.0650781470342403,1.0875008448665402,0.5052083333333334,0.672566371681416,zloader
46.0,421.0,44.99857157745667,41.78438789335262,0.48148148148148145,0.8947196338074219,zloader
29.73109243697479,96.87288135593221,1.1894020752754784,1.1794070998529953,0.4978902953586498,0.7636448660565168,zloader
86.0909090909091,83.2,35.15432448227439,31.958476802067626,0.47619047619047616,0.46767847105115234,zloader
34.6036036036036,63.84905660377358,1.1314520465189757,1.0804857381172202,0.48847926267281105,0.6379489113017249,zloader
32.05612244897959,60.855670103092784,1.1190302288483613,1.1076115530437862,0.49743589743589745,0.6526618386864945,zloader
28.435897435897434,59.333333333333336,1.1145059421291983,1.0973596968656723,0.49612403100775193,0.6726102615575368,zloader
28.90625,60.0,1.0976696525335041,1.0862355936529466,0.4973821989528796,0.672566371681416,zloader
42.93333333333333,366.3333333333333,42.67387274462444,42.67387274462444,0.5,0.895096921322691,zloader
33.69298245614035,59.36842105263158,1.152319609926502,1.152319609926502,0.5,0.6379489113017249,zloader
35.24107142857143,63.72727272727273,1.13200507196594,1.1117906956808339,0.4954954954954955,0.639773660673542,zloader
31.258706467661693,58.92,1.1358516676945318,1.1302006643726685,0.49875311720698257,0.6522388885813915,zloader
28.930851063829788,60.064516129032256,1.0634000354767346,1.0520872691418757,0.49732620320855614,0.672566371681416,zloader
28.245098039215687,58.613861386138616,1.1608778807798716,1.1494967250859514,0.4975369458128079,0.6726508351323713,zloader
31.964912280701753,102.91150442477876,0.781770772773193,0.7749131344155333,0.4977973568281938,0.7614090224579323,zloader
31.035087719298247,100.07894736842105,1.1559954862687194,1.1559954862687194,0.5,0.7632969826721081,zloader
32.71356783919598,60.364532019704434,1.1110590995724252,1.1333919457949864,0.5049751243781094,0.6530590492432318,zloader
29.838709677419356,60.57837837837838,1.036746925211418,1.0311730170113569,0.49865229110512127,0.6687951303932684,zloader
28.64516129032258,60.913978494623656,1.06209145350086,1.06209145350086,0.5,0.680153679913555,zloader
42.93333333333333,366.3333333333333,48.92431084398623,48.92431084398623,0.5,0.895096921322691,zloader
31.413793103448278,99.3931623931624,0.7758746374392407,0.7825632118999237,0.5021459227467812,0.7614090224579323,zloader
34.91818181818182,64.05660377358491,1.1108325175603744,1.070438607830906,0.49074074074074076,0.6386981469287931,zloader
32.55440414507772,62.02105263157895,1.0989147017455732,1.0818331260707714,0.4960835509138381,0.6522388885813915,zloader
29.33862433862434,59.64397905759162,1.0818083630201587,1.0932560705653456,0.5026315789473684,0.6726102615575368,zloader
28.90625,58.16326530612245,1.100083057594839,1.1230014546280649,0.5051546391752577,0.672566371681416,zloader
46.0,421.0,64.88806084776236,60.25319935863647,0.48148148148148145,0.8947196338074219,zloader
34.91818181818182,61.171171171171174,1.1247375796433303,1.134962466730997,0.502262443438914,0.6386981469287931,zloader
34.62280701754386,60.95652173913044,1.1741884447403144,1.1844883433783873,0.5021834061135371,0.639773660673542,zloader
32.05612244897959,60.74226804123711,1.1212289241731397,1.1097878127019853,0.49743589743589745,0.6522388885813915,zloader
28.181347150259068,57.58762886597938,1.0989283235449514,1.10462225268249,0.5012919896640827,0.672566371681416,zloader
28.245098039215687,57.47572815533981,1.1677098167287174,1.1791579521868423,0.5024390243902439,0.6726508351323713,zloader
31.68695652173913,102.20175438596492,0.7352366523478995,0.72884329015357,0.4978165938864629,0.7617522066034652,zloader
30.289256198347108,97.09166666666667,1.0549873170456745,1.046268413599016,0.4979253112033195,0.760707756594411,zloader
32.7752808988764,61.72727272727273,1.0177068819804076,1.0062719731941108,0.4971751412429379,0.6506168403401605,zloader
28.882653061224488,59.93814432989691,1.0899422645748695,1.0788204047322687,0.49743589743589745,0.672566371681416,zloader
279.6296296296296,997.5925925925926,4.120914931242461,4.120914931242461,0.5,0.7810642308249964,zloader
29.6,61.38461538461539,1.066947641887737,1.0567862357745204,0.49760765550239233,0.672566371681416,zloader
40.25,366.3333333333333,73.2134769189816,68.63763461154525,0.4838709677419355,0.895096921322691,zloader
31.68695652173913,102.20175438596492,0.8336042726748326,0.8263555398689646,0.4978165938864629,0.7617522066034652,zloader
34.294642857142854,61.527272727272724,1.1368205205625024,1.1165201541238863,0.4954954954954955,0.6379489113017249,zloader
32.38659793814433,62.34920634920635,1.1103891549235978,1.0817708777348451,0.4934725848563969,0.6522388885813915,zloader
29.72680412371134,63.02127659574468,1.0946228608888084,1.0607685456035876,0.49214659685863876,0.6726085722395686,zloader
28.685393258426966,58.92134831460674,1.0931614687155526,1.0931614687155526,0.5,0.672566371681416,zloader
40.25,343.4375,51.48288247649821,51.48288247649821,0.5,0.895096921322691,zloader
33.69298245614035,60.625,1.146470358409808,1.1263568433499866,0.49557522123893805,0.6386981469287931,zloader
34.62280701754386,62.589285714285715,1.1487828932832178,1.1286288074361437,0.49557522123893805,0.639773660673542,zloader
32.62244897959184,62.890052356020945,1.1037217821450798,1.0755656142332155,0.4935400516795866,0.6526132782788221,zloader
28.608247422680414,58.76288659793814,1.103816872413483,1.103816872413483,0.5,0.672566371681416,zloader
28.591397849462364,59.391304347826086,1.1238838008742293,1.1117990288218182,0.4972972972972973,0.6726578850178505,zloader
42.93333333333333,392.5,48.14159075344431,44.93215136988136,0.4827586206896552,0.895096921322691,zloader
34.294642857142854,61.171171171171174,1.1404111486171935,1.1302289062188258,0.4977578475336323,0.6386981469287931,zloader
34.294642857142854,63.25233644859813,0.6870104235725317,0.6563403153773294,0.4885844748858447,0.6379489113017249,zloader
32.89080459770115,63.68862275449102,0.9925012197464194,0.952573009756621,0.4897360703812317,0.650161990341708,zloader
29.241935483870968,60.064516129032256,1.0634639550625764,1.0634639550625764,0.5,0.672566371681416,zloader
29.161016949152543,58.413223140495866,1.0718464100489482,1.0990967425078197,0.5062761506276151,0.672566371681416,zloader
46.0,421.0,44.928954105640734,41.719743098094966,0.48148148148148145,0.8947196338074219,zloader
30.366666666666667,97.72268907563026,0.9190247109071261,0.9113661716495667,0.497907949790795,0.7614090224579323,zloader
33.991150442477874,60.08849557522124,1.144587352520073,1.144587352520073,0.5,0.6386981469287931,zloader
32.26767676767677,61.045685279187815,1.124768540988872,1.1190878917919584,0.49873417721518987,0.6530545750746674,zloader
28.77777777777778,58.49214659685864,1.0711832864202628,1.082518559292435,0.5026315789473684,0.672566371681416,zloader
27.75,57.0,1.12761247853175,1.12761247853175,0.5,0.672566371681416,zloader
46.0,421.0,44.89813931972581,41.69112936831682,0.48148148148148145,0.8947196338074219,zloader
35.56481481481482,62.293577981651374,1.1066280852743096,1.1168746416194422,0.5023041474654378,0.6386981469287931,zloader
35.55855855855856,64.11009174311927,1.1302562843599047,1.1098913062633298,0.4954545454545455,0.6390489254686785,zloader
32.723958333333336,62.02105263157895,1.0974899899190216,1.0860578025240317,0.4973821989528796,0.6522388885813915,zloader
29.241935483870968,60.38918918918919,1.0650379145601798,1.0593119042668455,0.49865229110512127,0.672566371681416,zloader
29.1010101010101,59.7979797979798,1.1291317244554198,1.1291317244554198,0.5,0.6726508351323713,zloader
40.25,392.5,51.29768602318869,44.8854752702901,0.4666666666666667,0.895096921322691,zloader
33.991150442477874,60.42857142857143,1.141133747013632,1.131035218278998,0.49777777777777776,0.6379489113017249,zloader
35.23853211009175,63.84905660377358,1.1132998630705304,1.0826585824355617,0.4930232558139535,0.6379489113017249,zloader
33.34193548387097,63.033112582781456,0.8859845713904385,0.8631204534190724,0.4934640522875817,0.6481002315130056,zloader
28.756476683937823,58.46153846153846,1.1031974071330966,1.114629504616341,0.5025773195876289,0.672566371681416,zloader
28.992537313432837,58.6764705882353,1.0595792880976393,1.0753939043379026,0.5037037037037037,0.672566371681416,zloader
49.53846153846154,421.0,111.51801334715907,111.51801334715907,0.5,0.8947196338074219,zloader
29.6260162601626,95.31967213114754,0.6935066364771675,0.6878683711399547,0.49795918367346936,0.7614090224579323,zloader
34.91818181818182,60.972972972972975,1.1219368715776585,1.13213629768291,0.502262443438914,0.6379489113017249,zloader
31.628712871287128,59.42574257425743,1.1466152913366288,1.1466152913366288,0.5,0.6526395911488067,zloader
29.559782608695652,61.72375690607735,1.0519972150081058,1.034845086502539,0.4958904109589041,0.672566371681416,zloader
29.838709677419356,60.0,1.0683032417129448,1.0912775049755887,0.5053191489361702,0.672566371681416,zloader
46.0,421.0,65.28629449638493,60.62298774664314,0.48148148148148145,0.8947196338074219,zloader
33.991150442477874,60.42857142857143,1.1351605899828219,1.1251149210449207,0.49777777777777776,0.6379489113017249,zloader
32.891666666666666,59.220338983050844,0.7393376919572267,0.7270153970912728,0.4957983193277311,0.6390489254686785,zloader
31.258706467661693,58.92,1.1358650705502804,1.1302140005475427,0.49875311720698257,0.6522388885813915,zloader
29.33862433862434,61.57837837837838,1.0774049859941224,1.0546027640683209,0.4946524064171123,0.6726102615575368,zloader
30.833333333333332,64.77272727272727,1.0383248466437058,1.0152509611627345,0.4943820224719101,0.672566371681416,zloader
37.88235294117647,343.4375,78.59488726047812,73.97165859809705,0.48484848484848486,0.895096921322691,zloader
33.4,59.36842105263158,1.1649400172070938,1.1548101040139886,0.4978165938864629,0.6379489113017249,zloader
78.5,70.44444444444444,143.28087369719165,128.95278632747247,0.47368421052631576,0.44679351656095845,zloader
34.1764705882353,62.8,1.1249319546137373,1.0871191158031914,0.49145299145299143,0.6397377978563203,zloader
118.8,1.4,283.0470226205258,283.0470226205258,0.5,0.011647254575707155,zloader
32.97278911564626,92.29166666666667,0.8339578945941223,0.8169383457248545,0.4948453608247423,0.7327562441418095,zloader
31.735751295336787,61.123711340206185,1.092589734860315,1.098250821569436,0.5012919896640827,0.659400544959128,zloader
32.05128205128205,62.45161290322581,1.0958262176911295,1.088801690654648,0.4983922829581994,0.659400544959128,zloader
53.46666666666667,361.57142857142856,69.11227211410443,64.50478730649746,0.4827586206896552,0.8632332878581174,zloader
251.66666666666666,996.7777777777778,4.499447050098903,4.049502345089012,0.47368421052631576,0.7809244697211503,zloader
34.833333333333336,96.63333333333334,1.2205049850685574,1.2205049850685574,0.5,0.7350405679513184,zloader
35.875,61.445454545454545,1.1263213115465374,1.1062084309832063,0.4954954954954955,0.627168970956667,zloader
34.13793103448276,82.53658536585365,1.154927367126609,1.1663059618766247,0.5024509803921569,0.7094339622641509,zloader
32.068062827225134,62.410526315789475,1.0856692822183882,1.0799851498507527,0.49868766404199477,0.659400544959128,zloader
33.96739130434783,65.76086956521739,1.0530438073366417,1.0530438073366417,0.5,0.659400544959128,zloader
40.166666666666664,155.14893617021278,0.29022747670266635,0.28418107093802747,0.49473684210526314,0.7908893709327549,zloader
35.71875,96.23015873015873,0.715030722561937,0.7038583675219067,0.49606299212598426,0.7261783553931844,zloader
0.0,196.0,287.85285841740443,287.85285841740443,0.5,1.0,zloader
34.609375,94.98425196850394,1.292414152546219,1.2823171669794515,0.4980392156862745,0.731401200509307,zloader
70.27272727272727,46.5,35.19672393774383,31.9970217615853,0.47619047619047616,0.3756058158319871,zloader
34.707692307692305,61.64795918367347,1.114559118697301,1.1202748064854924,0.5012787723785166,0.6409739536364119,zloader
32.696335078534034,62.652849740932645,1.087266238157486,1.0986512249444755,0.5026041666666666,0.6594317500136336,zloader
32.89473684210526,62.371134020618555,1.079919621188088,1.1026547711078372,0.5052083333333334,0.659400544959128,zloader
58.285714285714285,389.9230769230769,64.50067773747723,59.893486470514574,0.48148148148148145,0.8613423959218351,zloader
76.0,47.77777777777778,32.03022872385514,28.827205851469625,0.47368421052631576,0.36134453781512604,zloader
36.1981981981982,60.891891891891895,1.1254655286371071,1.1254655286371071,0.5,0.627168970956667,zloader
34.7008547008547,99.66666666666667,1.1802853966725708,1.1500216685527613,0.4935064935064935,0.7367397224743872,zloader
69.0909090909091,51.0,35.34545699694942,28.919010270231343,0.45,0.37653814602132896,zloader
34.53061224489796,60.878787878787875,1.121642275787957,1.133087605132732,0.5025380710659898,0.6404207841887153,zloader
32.75401069518717,63.411764705882355,1.0685018365058954,1.0685018365058954,0.5,0.659400544959128,zloader
31.887755102040817,61.734693877551024,1.1050279304377413,1.1050279304377413,0.5,0.659400544959128,zloader
53.46666666666667,361.57142857142856,68.69954236383113,64.11957287290905,0.4827586206896552,0.8632332878581174,zloader
30.366666666666667,100.4396551724138,1.2143225682566328,1.173845149314745,0.4915254237288136,0.7617522066034652,zloader
32.82905982905983,58.53448275862069,1.1790816525034657,1.1690040315418975,0.4978540772532189,0.6386981469287931,zloader
31.628712871287128,59.42574257425743,1.1438970764584149,1.1438970764584149,0.5,0.6526395911488067,zloader
29.241935483870968,61.049180327868854,1.0615094930135602,1.0443883721585028,0.4959349593495935,0.672566371681416,zloader
28.316326530612244,57.57575757575758,1.1061799572503033,1.11746750783449,0.5025380710659898,0.672566371681416,zloader
40.25,343.4375,73.80512960382548,73.80512960382548,0.5,0.895096921322691,zloader
29.983050847457626,97.7008547008547,1.1914986656074795,1.181401219288772,0.4978723404255319,0.7636448660565168,zloader
34.321739130434786,61.29824561403509,1.0746216325415165,1.065277096606373,0.4978165938864629,0.6390489254686785,zloader
32.55440414507772,61.375,1.1008340736113358,1.0951302701211216,0.4987012987012987,0.6522388885813915,zloader
28.730569948186528,58.72164948453608,1.1002568844205391,1.1059576972931844,0.5012919896640827,0.6726102615575368,zloader
30.16304347826087,61.29032258064516,1.055659027435097,1.0671335820811307,0.5027027027027027,0.672566371681416,zloader
46.0,421.0,44.771068500503596,41.57313503618191,0.48148148148148145,0.8947196338074219,zloader
33.69298245614035,60.08849557522124,1.1429434109689598,1.1329175915744951,0.4977973568281938,0.6386981469287931,zloader
57.07692307692308,485.6,2.0815746958844787,1.6012113045265224,0.43478260869565216,0.8674526616648803,zloader
8.629213483146067,1897.1666666666667,13.04221378105842,15.826506610722577,0.5482233502538071,0.9962657175365406,zloader
33.69298245614035,60.42857142857143,1.1523679851071893,1.1321510029123263,0.49557522123893805,0.6379489113017249,zloader
86.0909090909091,83.2,35.386391944875655,32.16944722261423,0.47619047619047616,0.46767847105115234,zloader
31.732323232323232,60.234693877551024,1.1321454276722767,1.1207096152715466,0.49746192893401014,0.6526618386864945,zloader
28.181347150259068,58.8,1.0963797253241274,1.0793375534278975,0.4960835509138381,0.672566371681416,zloader
29.701030927835053,61.666666666666664,0.6596079549181338,0.6528078729086685,0.49740932642487046,0.6726508351323713,zloader
30.115702479338843,97.09166666666667,1.2743988654570575,1.2638666434284866,0.4979253112033195,0.7617522066034652,zloader
34.294642857142854,60.42857142857143,1.1760700088070926,1.1760700088070926,0.5,0.6379489113017249,zloader
31.25,59.48543689320388,1.1864823655255676,1.175073881241668,0.4975845410628019,0.6534072731150687,zloader
29.123762376237625,57.44444444444444,1.1232315278960927,1.1510342884875802,0.5061124694376528,0.6690109148193991,zloader
28.46153846153846,60.164556962025316,1.0550584686005504,1.0685848592236344,0.5031847133757962,0.6816291409723219,zloader
49.53846153846154,421.0,115.05647111452483,115.05647111452483,0.5,0.8947196338074219,zloader
33.37735849056604,109.91346153846153,1.0925859522563752,1.071971122968519,0.49523809523809526,0.7636448660565168,zloader
34.321739130434786,62.589285714285715,1.1482556949596152,1.1183011985693645,0.4933920704845815,0.639773660673542,zloader
31.258706467661693,59.03,1.130342186999826,1.1247185940296778,0.49875311720698257,0.6526618386864945,zloader
30.036458333333332,62.031413612565444,1.0719273040490886,1.0663443493404996,0.49869451697127937,0.6726085722395686,zloader
28.366666666666667,58.266666666666666,0.620232372885502,0.620232372885502,0.5,0.672566371681416,zloader
46.0,421.0,44.8853037197616,41.679210596921486,0.48148148148148145,0.8947196338074219,zloader
35.23853211009175,62.293577981651374,1.113375574356751,1.113375574356751,0.5,0.6386981469287931,zloader
34.91818181818182,61.171171171171174,1.1188240018189526,1.1289951291082159,0.502262443438914,0.6386981469287931,zloader
72.84615384615384,71.16666666666667,41.72204155526955,38.512653743325735,0.48,0.47418101054969464,zloader
41.45,372.6,114.692166551363,114.692166551363,0.5,0.8998913174737351,zloader
31.57286432160804,60.234693877551024,1.1343931079646317,1.117291704326974,0.4962025316455696,0.6526618386864945,zloader
28.973958333333332,59.70157068062827,1.0932820467327067,1.0875878694059737,0.49869451697127937,0.6721089237298126,zloader
28.608247422680414,58.16326530612245,1.097467030454484,1.108781123551953,0.5025641025641026,0.672566371681416,zloader
40.25,366.3333333333333,74.3404831825488,69.6942029836395,0.4838709677419355,0.895096921322691,zloader
31.413793103448278,98.55084745762711,1.1923932099478407,1.212951713567631,0.5042735042735043,0.7614090224579323,zloader
33.69298245614035,59.56140350877193,1.145213768903857,1.145213768903857,0.5,0.6386981469287931,zloader
32.01970443349754,60.608040201005025,1.131514761126719,1.109218903764616,0.49502487562189057,0.6498033511125478,zloader
29.52127659574468,59.375,1.0460563368372258,1.0683128546422733,0.5052631578947369,0.672566371681416,zloader
28.685393258426966,61.08988764044944,1.0220785364259646,1.0220785364259646,0.5,0.6804755944931163,zloader
40.25,366.3333333333333,51.254628537037846,48.05121425347298,0.4838709677419355,0.895096921322691,zloader
30.23931623931624,102.0625,1.1876142796359102,1.1368615326429226,0.4890829694323144,0.7636448660565168,zloader
33.168067226890756,59.40677966101695,1.050668932513567,1.0418397818201757,0.4978902953586498,0.639773660673542,zloader
32.22051282051282,60.12244897959184,1.112240286041435,1.117944082380109,0.5012787723785166,0.6522388885813915,zloader
28.14720812182741,57.82741116751269,1.1184057659771318,1.1184057659771318,0.5,0.6726102615575368,zloader
27.75,57.0,1.1315170024882533,1.1315170024882533,0.5,0.672566371681416,zloader
40.25,392.5,45.50250162899137,39.81468892536745,0.4666666666666667,0.895096921322691,zloader
34.294642857142854,61.527272727272724,1.1380832334377475,1.1177603185549305,0.4954954954954955,0.6379489113017249,zloader
33.991150442477874,59.89380530973451,1.138714090656702,1.138714090656702,0.5,0.6379489113017249,zloader
86.0909090909091,83.2,35.26850709462197,32.06227917692906,0.47619047619047616,0.46767847105115234,zloader
32.05612244897959,59.62626262626262,1.1152747534150995,1.1266551080417844,0.5025380710659898,0.6526618386864945,zloader
29.085561497326204,59.111111111111114,1.0631536213369635,1.074524248303134,0.5026595744680851,0.672566371681416,zloader
28.81,59.7979797979798,0.720089792980966,0.7128888950511564,0.49748743718592964,0.6726508351323713,zloader
31.145299145299145,100.25,1.1938421750611377,1.1836383957871108,0.4978540772532189,0.7614090224579323,zloader
34.6036036036036,62.091743119266056,1.1314334476779995,1.111047259431549,0.4954545454545455,0.6379489113017249,zloader
32.17821782178218,60.663366336633665,1.1233356294342902,1.1233356294342902,0.5,0.6534072731150687,zloader
28.756476683937823,58.16326530612245,1.097247398799296,1.1143030578479898,0.5038560411311054,0.672566371681416,zloader
28.054945054945055,58.92134831460674,0.6193234325353779,0.6057119285236114,0.49444444444444446,0.672566371681416,zloader
40.25,366.3333333333333,51.35401660099679,48.14439056343449,0.4838709677419355,0.895096921322691,zloader
314.5833333333333,1170.1304347826087,3.663122270988665,3.5104921763641372,0.48936170212765956,0.7809244697211503,zloader
30.5,99.4,1.1702220752412564,1.1601339539029696,0.49783549783549785,0.7636448660565168,zloader
34.321739130434786,61.49122807017544,0.8863604023008727,0.8786529205417346,0.4978165938864629,0.639773660673542,zloader
30.510204081632654,85.546875,1.1160045447772853,1.0932289418226468,0.4948453608247423,0.7330952912296362,zloader
30.19371727748691,62.357894736842105,1.0679531431183367,1.0623617654056754,0.49868766404199477,0.6726085722395686,zloader
29.686046511627907,62.42857142857143,1.0630326037371363,1.038310915278133,0.49411764705882355,0.672566371681416,zloader
37.88235294117647,343.4375,78.37786786496302,73.76740504937696,0.48484848484848486,0.895096921322691,zloader
33.4,60.08849557522124,1.1587940401591976,1.138641100330342,0.4956140350877193,0.6386981469287931,zloader
33.69298245614035,59.89380530973451,1.148813607531592,1.1387362951848237,0.4977973568281938,0.6379489113017249,zloader
86.0909090909091,83.2,57.27078450844091,52.0643495531281,0.47619047619047616,0.46767847105115234,zloader
31.57286432160804,61.170984455958546,1.1337645824233868,1.0995807256669028,0.4923469387755102,0.6526618386864945,zloader
28.626315789473683,57.8860103626943,1.0875576968639176,1.104729660498611,0.5039164490861618,0.672566371681416,zloader
27.97087378640777,58.03921568627451,0.8091314321138595,0.8012757871418803,0.4975609756097561,0.6726508351323713,zloader
37.07692307692308,439.5833333333333,147.796446983948,136.4274895236443,0.48,0.9162758381101268,zloader
54.57142857142857,406.07142857142856,44.8929561485192,44.8929561485192,0.5,0.8815320204682897,zloader
34.321739130434786,62.589285714285715,1.1613011441127927,1.1310063316576764,0.4933920704845815,0.639773660673542,zloader
34.6036036036036,60.42857142857143,1.122073205107632,1.1321819727212143,0.5022421524663677,0.6379489113017249,zloader
34.17213114754098,61.01639344262295,1.1611471298884068,1.1611471298884068,0.5,0.6410057693963661,zloader
