duration,pkts_aggr,bytes_aggr,mean_Bpp,mean_pps,mean_Bps,pkts_ab,pkts_ba,bytes_ab,bytes_ba,mean_Bpp_ab,mean_Bpp_ba,mean_pps_ab,mean_pps_ba,mean_Bps_ab,mean_Bps_ba,mean_pkts_asm,mean_bytes_asm,family
169.9732689857483,1384,108859,78.65534682080924,8.142456800757559,640.4477636370427,694,690,33934,74925,48.89625360230548,108.58695652173913,4.082994956449238,4.059461844308321,199.64315684747615,440.80460678956655,0.4985549132947977,0.6882756593391451,padcrypt
151.80907678604126,1796,143445,79.86915367483296,11.830649642453665,944.9039743662394,899,897,46385,97060,51.59621802002225,108.2051282051282,5.921912042631317,5.908737599822349,305.5482648470007,639.3557095192388,0.4994432071269488,0.6766356443236083,padcrypt
91.31032204627991,1080,85186,78.87592592592593,11.82779751288809,932.9284804934118,541,539,27533,57653,50.89279112754159,106.96289424860854,5.9248504208078305,5.90294709208026,301.5321749280998,631.3963055653121,0.49907407407407406,0.6767896133167421,padcrypt
179.99547505378723,1862,152095,81.68367346938776,10.344704495730168,844.9934641665305,930,932,47922,104173,51.52903225806452,111.77360515021459,5.166796552647184,5.177907943082984,266.24002623221327,578.7534379343173,0.5005370569280344,0.6849206088300076,padcrypt
179.91192412376404,1628,128888,79.16953316953317,9.048872151909592,716.3949839774715,815,813,41682,87206,51.14355828220859,107.26445264452644,4.529994351232382,4.518877800677211,231.680030120329,484.71495385714246,0.49938574938574937,0.6766029420892558,padcrypt
59.38168501853943,734,56226,76.60217983651226,12.360713573062796,946.8576040313743,368,366,18107,38119,49.203804347826086,104.15027322404372,6.197196995759004,6.163516577303792,304.9256684842616,641.9319355471127,0.4986376021798365,0.6779603742041048,padcrypt
179.53293800354004,1765,142737,80.87082152974504,9.831065093833631,795.0463106507259,885,880,44910,97827,50.74576271186441,111.16704545454546,4.929457568296184,4.9016075255374485,250.14908405896227,544.8972265917636,0.4985835694050991,0.68536539229492,padcrypt
179.98429679870605,1818,142660,78.47084708470847,10.100881200948582,792.6247041404426,910,908,46069,96591,50.62527472527473,106.37775330396475,5.055996640738839,5.044884560209742,255.96121894746986,536.6634851929728,0.49944994499449946,0.6770713584746951,padcrypt
6.654512882232666,54,34483,638.574074074074,8.11479381821895,5181.896948771186,27,27,7550,26933,279.6296296296296,997.5185185185185,4.057396909109475,4.057396909109475,1134.5683949546865,4047.328553816499,0.5,0.7810515326392715,padcrypt
60.23970007896423,649,51734,79.71340523882897,10.77362601655169,858.8024165489757,325,324,16715,35019,51.43076923076923,108.08333333333333,5.395113182402619,5.378512834149072,277.47482105803005,581.3275954909456,0.49922958397534667,0.6769049367920517,padcrypt
179.74914383888245,1796,145736,81.14476614699332,9.991702667634616,810.7743763755002,897,899,45819,99917,51.080267558528426,111.14238042269189,4.990288024982322,5.001414642652294,254.9052475102174,555.8691288652828,0.5005567928730512,0.6856027337102706,padcrypt
179.99892902374268,1800,144200,80.11111111111111,10.000059499034974,801.1158776449129,902,898,46674,97526,51.7450110864745,108.60356347438753,5.011140926738637,4.988918572296337,259.30154280997687,541.8143348349361,0.4988888888888889,0.6763245492371706,padcrypt
59.96449899673462,594,47281,79.5976430976431,9.905861133474097,788.4831990770856,297,297,15215,32066,51.22895622895623,107.96632996632997,4.952930566737049,4.952930566737049,253.73346320843166,534.7497358686539,0.5,0.6782005456737379,padcrypt
151.5682830810547,1784,146930,82.35986547085201,11.770272538127019,969.3980627954052,893,891,46196,100734,51.73124300111982,113.05723905723906,5.891733955463804,5.8785385826632135,304.78672094804693,664.6113418473582,0.4994394618834081,0.6855917783978766,padcrypt
151.75115704536438,1800,143462,79.70111111111112,11.861524057189952,945.3766468292138,901,899,46390,97072,51.48723640399556,107.97775305895439,5.937351764182304,5.924172293007648,305.69783389613434,639.6788129330795,0.49944444444444447,0.6766391100082252,padcrypt
31.634124994277954,591,46763,79.12521150592217,18.682356477598205,1478.245407718993,295,296,15108,31655,51.2135593220339,106.94256756756756,9.325372522659002,9.356983954939203,477.5855188892617,1000.6598888297312,0.5008460236886633,0.6769240638966705,padcrypt
179.70668816566467,1769,145463,82.22894290559638,9.843818380144132,809.4467795539322,886,883,45771,99692,51.660270880361175,112.90147225368064,4.930256124820634,4.913562255323499,254.69836691779372,554.7484126361385,0.499152063312606,0.6853426644576284,padcrypt
179.98886680603027,1765,141080,79.93201133144476,9.806162077247247,783.8262582765109,883,882,45570,95510,51.60815402038505,108.28798185941044,4.905858988220578,4.90030308902667,253.18232626637794,530.643932010133,0.49971671388101985,0.6769917777147718,padcrypt
60.444628953933716,636,50663,79.65880503144655,10.522026704551545,838.1720737935453,319,317,16355,34308,51.26959247648903,108.22712933753944,5.277557419421293,5.244469285130251,270.5782181650008,567.5938556285446,0.49842767295597484,0.677180585437104,padcrypt
179.54217410087585,1773,145452,82.03722504230119,9.875117135452749,810.1272067602218,888,885,45764,99688,51.53603603603604,112.64180790960452,4.945913150751292,4.929203984701457,254.89275836822313,555.2344483919987,0.49915397631133673,0.6853669939223936,padcrypt
179.9758758544922,1820,145076,79.71208791208791,10.112466414506814,806.0858118412035,911,909,46927,98149,51.51152579582876,107.97469746974697,5.061789507481158,5.050676907025656,260.740500787671,545.3453110535326,0.49945054945054945,0.6765350574871102,padcrypt
59.90780806541443,585,46617,79.68717948717949,9.765004243874651,778.1456458747087,292,293,14999,31618,51.36643835616438,107.91126279863481,4.874155964463929,4.890848279410723,250.36803188696737,527.7776139877415,0.5008547008547009,0.6782504236651865,padcrypt
178.75066709518433,1622,132532,81.70900123304563,9.074092009605137,741.4349952015956,812,810,41586,90946,51.214285714285715,112.279012345679,4.542640389518724,4.531451620086412,232.6480828060661,508.7869123955295,0.499383477188656,0.6862191772553043,padcrypt
179.91954112052917,1788,143323,80.1582774049217,9.937775457098393,796.5949618779156,896,892,46284,97039,51.65625,108.78811659192826,4.980003808478837,4.957771648619556,257.2483217317349,539.3466401461807,0.4988814317673378,0.6770650907390998,padcrypt
60.94277906417847,771,61333,79.54993514915694,12.651211707757282,1006.4030709103469,386,385,19820,41513,51.347150259067355,107.82597402597402,6.333810271328549,6.317401436428733,325.22310771433115,681.1799631960156,0.4993514915693904,0.6768460698155968,padcrypt
178.70633697509766,1646,135178,82.12515188335358,9.210641479542868,756.4253304505747,825,821,42448,92730,51.45212121212121,112.94762484774665,4.616512284704051,4.5941291948388185,237.52934964983945,518.8959808007353,0.49878493317132444,0.6859844057464972,padcrypt
179.20188212394714,1914,143739,75.0987460815047,10.68069139294061,802.1065308933596,958,956,46494,97245,48.53235908141962,101.72071129707113,5.345925995003712,5.3347653979368985,259.45040001221565,542.656130881144,0.4994775339602926,0.6765387264416756,padcrypt
60.74783396720886,732,58216,79.53005464480874,12.049812350430916,958.322234689462,366,366,18751,39465,51.23224043715847,107.82786885245902,6.024906175215458,6.024906175215458,308.66944177995913,649.6527929095029,0.5,0.6779064174797307,padcrypt
179.17510604858398,1776,138880,78.1981981981982,9.91209124507749,775.1076757411946,889,887,43693,95187,49.148481439820024,107.31341600901916,4.9616267549965585,4.950464490080931,243.8564204792628,531.2512552619319,0.4994369369369369,0.6853902649769585,padcrypt
179.9176208972931,1786,143323,80.24804031354984,9.926765322333532,796.6034637697699,894,892,46284,97039,51.77181208053691,108.78811659192826,4.968940760451388,4.957824561882145,257.25106728940943,539.3523964803604,0.49944008958566627,0.6770650907390998,padcrypt
60.56994700431824,698,55053,78.87249283667622,11.523866777533042,908.9160998617859,349,349,17789,37264,50.97134670487106,106.77363896848138,5.761933388766521,5.761933388766521,293.693504449191,615.222595412595,0.5,0.6768750113526965,padcrypt
179.34839606285095,1728,141806,82.0636574074074,9.634878470808507,790.6733659904347,865,863,44585,97221,51.543352601156066,112.65469293163383,4.823014975260046,4.811863495548462,248.59436147048456,542.0790045199502,0.4994212962962963,0.6855915828667334,padcrypt
179.97172784805298,1809,143985,79.59369817578772,10.051578776458197,800.0423273235674,904,905,46498,97487,51.4358407079646,107.72044198895027,5.02301117408414,5.028567602374056,258.3628026245181,541.6795246990494,0.5002763957987839,0.6770635830121193,padcrypt
60.314029932022095,647,51343,79.35548686244204,10.727189025989672,851.2613078228558,324,323,16603,34740,51.24382716049383,107.55417956656346,5.371884458146297,5.355304567843375,275.27591869939187,575.985389123464,0.4992272024729521,0.6766258302008064,padcrypt
179.65437698364258,1780,145112,81.52359550561798,9.907913349431325,807.7287202037519,889,891,45662,99450,51.36332958380203,111.61616161616162,4.9483904312609255,4.959522918170399,254.16580863018717,553.5629115735647,0.500561797752809,0.6853327085285849,padcrypt
179.90302300453186,1794,143133,79.78428093645485,9.972039213342224,795.6119781066402,898,896,46283,96850,51.54008908685969,108.09151785714286,4.991578156957257,4.980461056384969,257.2663828935999,538.3455952130404,0.49944258639910816,0.6766434015915268,padcrypt
60.113452196121216,621,48933,78.79710144927536,10.330466431606297,814.0108114296149,310,311,15749,33184,50.803225806451614,106.70096463022509,5.156915609980599,5.173550821625698,261.9879481986595,552.0228632309554,0.500805152979066,0.6781517585269654,padcrypt
179.87414288520813,1814,148614,81.92613009922823,10.084829152779655,826.2110251991155,907,907,46733,101881,51.52480705622933,112.32745314222713,5.042414576389827,5.042414576389827,259.8094381460042,566.4015870531114,0.5,0.6855410661175932,padcrypt
179.99598693847656,1791,142805,79.73478503629258,9.950221838068934,793.3787993218504,896,895,46177,96628,51.536830357142854,107.96424581005587,4.977888758743587,4.972333079325346,256.54460849609666,536.8341908257537,0.4997208263539922,0.6766429746857603,padcrypt
31.568422079086304,566,45776,80.87632508833923,17.929309186947552,1450.0566384129172,283,283,14789,30987,52.25795053003534,109.49469964664311,8.964654593473776,8.964654593473776,468.4744762646066,981.5821621483105,0.5,0.6769267738552953,padcrypt
179.41383004188538,1716,139950,81.55594405594405,9.564480060424485,780.0402007321717,859,857,43940,96010,51.15250291036089,112.03033838973163,4.787813736541161,4.776666323883323,244.90865609268755,535.1315446394841,0.4994172494172494,0.6860307252590211,padcrypt
179.99448013305664,1827,145606,79.6967706622879,10.150311268709094,808.9470293331452,914,913,47143,98463,51.578774617067836,107.84556407447974,5.077933497318069,5.072377771391025,261.9135873786277,547.0334419545176,0.4997263273125342,0.6762290015521338,padcrypt
60.650933027267456,651,51596,79.25652841781874,10.733552931614808,850.7041429486907,326,325,16610,34986,50.95092024539877,107.64923076923077,5.375020362068245,5.358532569546563,273.8622337851336,576.8419091635571,0.49923195084485406,0.6780758198309946,padcrypt
179.32901310920715,1781,145970,81.95957327344189,9.931466019474566,813.978716935824,891,890,45871,100099,51.482603815937146,112.47078651685393,4.968521180994856,4.962944838479711,255.79240751225035,558.1863094235737,0.49971925884334645,0.6857504966773995,padcrypt
179.9886929988861,1797,143134,79.65164162493043,9.983960492513388,795.2388431471404,899,898,46284,96850,51.483870967741936,107.85077951002228,4.994758198536191,4.989202293977197,257.1494866085084,538.0893565386319,0.4997217584863662,0.6766386742493048,padcrypt
60.037452936172485,606,48081,79.34158415841584,10.09369935537165,800.8500968739675,303,303,15534,32547,51.26732673267327,107.41584158415841,5.046849677685825,5.046849677685825,258.738491396606,542.1116054773615,0.5,0.6769201971672802,padcrypt
179.94821691513062,1818,148398,81.62706270627062,10.102906442565239,824.6705777028582,911,907,46731,101667,51.29637760702525,112.09151047409041,5.062567529800292,5.040338912764946,259.69137566970085,564.9792020331573,0.4988998899889989,0.68509683418914,padcrypt
179.990895986557,1784,142144,79.67713004484305,9.911612419181699,789.7288316772217,892,892,45964,96180,51.52914798206278,107.82511210762331,4.9558062095908495,4.9558062095908495,255.36847154443254,534.3603601327892,0.5,0.6766377757766772,padcrypt
59.859338998794556,588,46631,79.30442176870748,9.823028617336405,779.0096045153297,294,294,15010,31621,51.054421768707485,107.55442176870748,4.9115143086682025,4.9115143086682025,250.75452303778815,528.2550814775416,0.5,0.6781111277905256,padcrypt
178.6951460838318,1667,136188,81.69646070785844,9.32873688252257,762.1247861769548,834,833,42768,93420,51.280575539568346,112.14885954381752,4.6671665027137506,4.661570379808818,239.3349843981555,522.7898017787993,0.4997000599880024,0.6859635210150674,padcrypt
179.92450308799744,1829,143464,78.43849097867687,10.165374746681795,797.3566553624697,916,913,46390,97074,50.64410480349345,106.32420591456736,5.091024203368248,5.074350543313549,257.8303633125033,539.5262920499665,0.4991798797156916,0.6766436179111136,padcrypt
60.35919189453125,793,57545,72.56620428751576,13.1380155219051,953.3759182951185,422,371,18534,39011,43.91943127962085,105.15094339622641,6.991478625780519,6.14653689612458,307.06176504790557,646.3141532472129,0.467843631778058,0.6779216265531324,padcrypt
179.58146905899048,1764,143016,81.07482993197279,9.822839791006198,796.3850655048426,883,881,44941,98075,50.895809739524346,111.32236095346198,4.916988398785982,4.905851392220216,250.25410603605982,546.1309594687827,0.49943310657596374,0.6857624321754209,padcrypt
179.87763714790344,1777,141888,79.84693303320202,9.878937861179882,788.802889840794,890,887,45952,95936,51.6314606741573,108.15783540022548,4.9478079327237445,4.931129928456136,255.46255070170957,533.3403391390844,0.4991558806978053,0.6761389264772215,padcrypt
60.1167938709259,675,52243,77.39703703703704,11.228143693911264,869.025053334824,338,337,16819,35424,49.760355029585796,105.11572700296736,5.622388990432603,5.60575470347866,279.77207227836084,589.2529810564631,0.49925925925925924,0.6780621327259154,padcrypt
179.78888297080994,1794,147432,82.18060200668896,9.978370021305874,820.0284553964145,898,896,46412,101020,51.6837416481069,112.74553571428571,4.994747089817545,4.98362293148833,258.14721818776377,561.8812372086508,0.49944258639910816,0.6851972434749579,padcrypt
179.99798107147217,1869,146124,78.18298555377207,10.383449796905623,811.8091054697899,933,936,47252,98872,50.645230439442656,105.63247863247864,5.183391471649517,5.200058325256107,262.51405553953157,549.2950499302583,0.5008025682182986,0.6766308067121075,padcrypt
59.904422998428345,554,43628,78.75090252707581,9.248065038779103,728.2934684329507,277,277,14032,29596,50.65703971119134,106.84476534296029,4.6240325193895515,4.6240325193895515,234.2397989605566,494.05366947239406,0.5,0.6783716879068488,padcrypt
151.56622910499573,1786,146962,82.2855543113102,11.783627596638096,969.6223285874177,894,892,46199,100763,51.67673378076063,112.96300448430493,5.898411574129036,5.885216022509061,304.8106446456234,664.8116839417943,0.49944008958566627,0.6856398252609518,padcrypt
152.02912998199463,1798,143413,79.76251390433815,11.826680848683036,943.3257956352505,899,899,46388,97025,51.59955506117909,107.92547274749722,5.913340424341518,5.913340424341518,305.1257348213063,638.2000608139442,0.5,0.6765425728490444,padcrypt
32.079360008239746,587,46763,79.66439522998296,18.298370037595078,1457.7285827394526,293,294,15108,31655,51.563139931740615,107.67006802721089,9.133598672939282,9.164771364655797,470.95702645312855,986.7715562863241,0.5008517887563884,0.6769240638966705,padcrypt
179.58625602722168,1758,143329,81.52957906712173,9.7891678288205,798.1067325011453,879,879,45018,98311,51.215017064846414,111.84414106939704,4.89458391441025,4.89458391441025,250.6761987018437,547.4305337993015,0.5,0.6859114345317416,padcrypt
179.99828696250916,1800,143540,79.74444444444444,10.000095169655209,797.4520336957271,900,900,46429,97111,51.58777777777778,107.9011111111111,5.0000475848276045,5.0000475848276045,257.9413436844009,539.5106900113261,0.5,0.6765431238679114,padcrypt
60.120177030563354,632,50337,79.64715189873418,10.512277761236623,837.2729836508986,316,316,16249,34088,51.42088607594937,107.87341772151899,5.256138880618312,5.256138880618312,270.27531857964226,566.9976650712564,0.5,0.6771957009754256,padcrypt
179.86441111564636,1816,148778,81.9262114537445,10.096494291093402,827.1675262336421,909,907,46840,101938,51.529152915291526,112.39029768467475,5.053806889099065,5.042687401994336,260.4183879927395,566.7491382409027,0.4994493392070485,0.6851685060963314,padcrypt
179.99129009246826,1777,141350,79.54417557681485,9.872699946131219,785.3157779322722,889,888,45652,95698,51.352080989876264,107.76801801801801,4.939127885262045,4.933572060869174,253.6344951833328,531.6812827489395,0.49971862689926844,0.6770286522815706,padcrypt
59.923259973526,594,47082,79.26262626262626,9.912678319945014,785.7049169354397,297,297,15211,31871,51.215488215488215,107.3097643097643,4.956339159972507,4.956339159972507,253.8413298395347,531.8635870959049,0.5,0.6769253642581029,padcrypt
179.06126594543457,1667,136128,81.66046790641872,9.309662763738004,760.2314173378086,835,832,42763,93365,51.213173652694614,112.21754807692308,4.663208402952149,4.646454360785854,238.81770171909312,521.4137156187155,0.4991001799640072,0.685861835919135,padcrypt
179.9728970527649,1804,143798,79.71064301552106,10.023731514813027,798.9980844606894,902,902,46498,97300,51.549889135254986,107.87139689578714,5.011865757406514,5.011865757406514,258.36112415508654,540.6369603056029,0.5,0.6766436250851889,padcrypt
60.6806800365448,713,57222,80.25525946704067,11.750033117140372,943.0019565624212,356,357,18430,38792,51.76966292134831,108.6610644257703,5.86677670364933,5.883256413491042,303.7210523827448,639.2809041796764,0.5007012622720898,0.6779210793051623,padcrypt
179.3087248802185,1710,139755,81.7280701754386,9.536624618474708,779.4099260555162,855,855,43875,95880,51.31578947368421,112.14035087719299,4.768312309237354,4.768312309237354,244.68971060560102,534.7202154499151,0.5,0.6860577439089836,padcrypt
179.99469017982483,1786,142401,79.73180291153416,9.922514926499696,791.1400045064295,893,893,46032,96369,51.547592385218366,107.91601343784994,4.961257463249848,4.961257463249848,255.74087743372564,535.3991270727039,0.5,0.6767438430909896,padcrypt
0.1755969524383545,41,8311,202.70731707317074,233.48924585917038,47329.97859355037,20,21,829,7482,41.45,356.2857142857143,113.89719310203434,119.59205275713605,4721.038654079323,42608.93993947104,0.5121951219512195,0.9002526771748285,padcrypt
0.9465939998626709,1028,895842,871.4416342412451,1085.9988549992281,946384.6169846483,376,652,834,895008,2.2180851063829787,1372.7116564417179,397.2135889880445,688.7852660111836,881.0535457873115,945503.5634388609,0.6342412451361867,0.9990690322623855,padcrypt
60.413580894470215,688,55053,80.0188953488372,11.388167855863252,911.2686118733134,344,344,17789,37264,51.71220930232558,108.32558139534883,5.694083927931626,5.694083927931626,294.4536598662084,616.814952007105,0.5,0.6768750113526965,padcrypt
179.57580494880676,1755,143287,81.64501424501424,9.773031508895718,797.9192967607639,879,876,45050,98237,51.2514220705347,112.14269406392694,4.89486877283153,4.878162736064187,250.86898545626897,547.0503113044949,0.49914529914529915,0.6855960415110931,padcrypt
179.9960799217224,1799,142901,79.43357420789327,9.994662110321281,793.9117344230247,900,899,46244,96657,51.382222222222225,107.51612903225806,5.000108893434771,4.994553216886509,256.916706297775,536.9950281252496,0.49972206781545303,0.6763913478562081,padcrypt
60.24710202217102,641,50936,79.46333853354135,10.639515901762563,845.4514539347549,320,321,16396,34540,51.2375,107.601246105919,5.311458796511731,5.3280571052508305,272.14587008626984,573.3055838484851,0.500780031201248,0.6781058583320245,padcrypt
179.73160099983215,1880,148780,79.13829787234043,10.460041470402055,827.7898776417117,943,937,46840,101940,49.6712619300106,108.7940234791889,5.246712290738904,5.213329179663153,260.61082046469807,567.1790571770136,0.49840425531914895,0.685172738271273,padcrypt
179.9905970096588,1807,144789,80.12672938572219,10.03941333614795,804.4253555769372,905,902,46820,97969,51.73480662983425,108.6130820399113,5.0280404367536775,5.0113728993942726,260.12469972243883,544.3006558544984,0.4991698948533481,0.6766328933827847,padcrypt
59.67621302604675,553,43627,78.89150090415913,9.266673804496161,731.0618048259566,276,277,14032,29595,50.84057971014493,106.84115523465704,4.624958354504413,4.6417154499917475,235.1355638782823,495.9262409476743,0.5009041591320073,0.6783643156760721,padcrypt
151.30798816680908,1758,144662,82.28782707622298,11.618685974873301,956.0764223533114,881,877,45449,99213,51.58796821793417,113.12770809578107,5.822561060218076,5.796124914655224,300.3740949215112,655.7023274318002,0.4988623435722412,0.6858262708935311,padcrypt
151.7659740447998,1798,143413,79.76251390433815,11.847187825310884,944.9614836436651,900,898,46388,97025,51.54222222222222,108.0456570155902,5.93018300488309,5.9170048204277945,305.6548102561298,639.3066733875354,0.4994438264738598,0.6765425728490444,padcrypt
60.20576596260071,623,49071,78.76565008025682,10.347846091469082,815.0548243250068,312,311,15854,33217,50.81410256410256,106.80707395498392,5.182227898135399,5.165618193333683,263.3302599264058,551.724564398601,0.49919743178170145,0.6769171200912962,padcrypt
151.7174470424652,1802,147627,81.92397336293008,11.8773419611762,973.0390464498107,904,898,46414,101213,51.3429203539823,112.70935412026726,5.958444579857539,5.918897381318661,305.92394549724315,667.1151009525676,0.4983351831298557,0.6855995177034011,padcrypt
151.83246278762817,1791,143462,80.10161920714684,11.795896392098415,944.8704010068245,898,893,46390,97072,51.65924276169265,108.70324748040314,5.91441371306777,5.881482679030644,305.53413379645195,639.3362672103726,0.49860413176996093,0.6766391100082252,padcrypt
31.626282930374146,577,46101,79.89774696707106,18.244319171819093,1457.6799967764855,289,288,14894,31207,51.536332179930795,108.35763888888889,9.137969221240413,9.106349950578682,470.93741723582946,986.7425795406559,0.49913344887348354,0.6769267477928895,padcrypt
179.90755891799927,1832,145792,79.58078602620087,10.183007379000758,810.3717313314838,913,919,45874,99918,50.245345016429354,108.72470076169749,5.074828459076251,5.108178919924506,254.98650682548075,555.385224506003,0.5016375545851528,0.6853462467076383,padcrypt
1.2730779647827148,21,4766,226.95238095238096,16.495454780402408,3743.6827373046603,12,9,768,3998,64.0,444.22222222222223,9.425974160229947,7.06948062017246,603.2623462547166,3140.4203910499436,0.42857142857142855,0.838858581619807,padcrypt
179.99653387069702,1797,143413,79.80690038953811,9.98352557883642,796.7542314066042,900,897,46388,97025,51.54222222222222,108.16610925306577,5.000096283223583,4.983429295612838,257.7160737624173,539.0381576441869,0.4991652754590985,0.6765425728490444,padcrypt
6.245063066482544,23,5597,243.34782608695653,3.6829091644313,896.2279388400864,13,10,742,4855,57.07692307692308,485.5,2.081644310330735,1.6012648541005654,118.81385217426195,777.4140866658245,0.43478260869565216,0.8674289798106128,padcrypt
60.01117420196533,602,47940,79.63455149501661,10.031465106381551,798.851224584604,301,301,15428,32512,51.25581395348837,108.01328903654485,5.015732553190776,5.015732553190776,257.08545458680163,541.7657699978023,0.5,0.6781810596579058,padcrypt
179.9682400226593,1791,146617,81.86320491345617,9.951755930793679,814.6826350112657,897,894,46088,100529,51.38015607580825,112.44854586129753,4.984212769358978,4.9675431614347,256.0896300047008,558.5930050065649,0.4991624790619765,0.6856571884570002,padcrypt
179.99106907844543,1789,142808,79.8256008943544,9.939382043562954,793.417144145969,895,894,46178,96630,51.59553072625698,108.08724832214764,4.972468937388958,4.9669131061739975,256.5571738444104,536.8599703015586,0.49972051425377306,0.6766427651111983,padcrypt
60.08114194869995,598,47753,79.85451505016722,9.953206290762582,794.8084615431197,300,298,15428,32325,51.42666666666667,108.47315436241611,4.993247303058151,4.9599589877044306,256.7860646386039,538.0223969045159,0.4983277591973244,0.6769208217284778,padcrypt
179.90705800056458,1768,145021,82.02545248868778,9.827296492139023,806.0884415081975,885,883,45589,99432,51.51299435028248,112.60702151755379,4.919206671687237,4.908089820451786,253.40306548649656,552.685376021701,0.4994343891402715,0.6856386316464512,padcrypt
179.999370098114,1804,143831,79.7289356984479,10.022257294659843,799.063907399235,902,902,46499,97332,51.5509977827051,107.90687361419069,5.0111286473299215,5.0111286473299215,258.3286817873548,540.7352256118802,0.5,0.676710862053382,padcrypt
60.019399881362915,611,48288,79.03109656301146,10.18004180661137,804.5398670337968,306,305,15601,32687,50.98366013071895,107.1704918032787,5.098351543081963,5.081690263529407,259.93262229941735,544.6072447343795,0.49918166939443537,0.676917660702452,padcrypt
179.9697699546814,1790,146313,81.7391061452514,9.946114841680044,812.9865367769454,895,895,45981,100332,51.37541899441341,112.10279329608939,4.973057420840022,4.973057420840022,255.49290867893302,557.4936280980124,0.5,0.6857353755305406,padcrypt
179.98842787742615,1780,142149,79.85898876404494,9.889524682176773,789.7674404757001,890,890,45965,96184,51.646067415730336,108.07191011235955,4.944762341088387,4.944762341088387,255.3775292226154,534.3899112530847,0.5,0.6766421149638759,padcrypt
60.05016303062439,615,48738,79.24878048780488,10.241437640833086,811.6214434779234,308,307,15747,32991,51.12662337662338,107.46254071661238,5.129045192482261,5.112392448350825,262.2307618377213,549.3906816402022,0.4991869918699187,0.6769050843284501,padcrypt
179.93247890472412,1823,148778,81.61162918266594,10.131578307023132,826.854611827914,912,911,46840,101938,51.35964912280702,111.89681668496158,5.06856797367257,5.063010333350561,260.31987268292016,566.5347391449939,0.49972572682391664,0.6851685060963314,padcrypt
179.9922158718109,1781,142338,79.92026951151038,9.894872349748805,790.8008649739166,890,891,45965,96373,51.646067415730336,108.16273849607182,4.9446582769659955,4.950214072782811,255.3721547199348,535.4287102539819,0.5002807411566536,0.677071477750144,padcrypt
59.958932876586914,582,46098,79.20618556701031,9.706643732267999,768.8262246908766,291,291,14892,31206,51.175257731958766,107.23711340206185,4.853321866133999,4.853321866133999,248.36999735555847,520.4562273353181,0.5,0.6769491084211896,padcrypt
151.29217386245728,1754,142279,81.11687571265678,11.593461546759162,940.4253793679286,880,874,44693,97586,50.7875,111.65446224256293,5.8165599550445055,5.7769015917146564,295.4085387168228,645.0168406511058,0.4982896237172178,0.6858777472430928,padcrypt
152.25937795639038,1794,143136,79.78595317725753,11.78252547776618,940.0800260788964,897,897,46284,96852,51.59866220735786,107.97324414715719,5.89126273888309,5.89126273888309,303.98127603842244,636.0987500404739,0.5,0.6766431924882629,padcrypt
60.63618803024292,718,51719,72.03203342618384,11.841113752762462,852.9395016422309,357,361,16710,35009,46.80672268907563,96.97783933518005,5.88757327261309,5.953540480149371,275.57800948281437,577.3614921594165,0.5027855153203342,0.6769079061853478,padcrypt
151.9440791606903,1778,145347,81.7474690663667,11.701673469748396,956.582189992981,891,887,45668,99679,51.25476992143659,112.37767756482525,5.863999472185501,5.837673997562895,300.5579437662935,656.0242462266875,0.49887514060742405,0.6858001885143828,padcrypt
152.12207293510437,1799,143462,79.74541411895497,11.826028697146782,943.0715558366156,900,899,46390,97072,51.544444444444444,107.97775305895439,5.9163011825637035,5.909727514583078,304.9524576212558,638.1190982153598,0.49972206781545303,0.6766391100082252,padcrypt
60.42936396598816,617,48409,78.45867098865479,10.210267980766272,801.0840562089375,308,309,15640,32769,50.77922077922078,106.04854368932038,5.096859867222061,5.11340811354421,258.81457247841894,542.2694837305186,0.5008103727714749,0.6769195810696358,padcrypt
151.44098091125488,1804,148566,82.35365853658537,11.912231346792137,981.015832742528,904,900,46732,101834,51.69469026548673,113.14888888888889,5.96932213830382,5.942909208488317,308.5822590345289,672.4335737079991,0.49889135254988914,0.6854461989957326,padcrypt
152.21525192260742,1790,143136,79.96424581005587,11.759662565943856,940.3525480664467,895,895,46284,96852,51.71396648044693,108.2145251396648,5.879831282971928,5.879831282971928,304.0693978782935,636.2831501881533,0.5,0.6766431924882629,padcrypt
32.0428900718689,564,45442,80.5709219858156,17.60140857254156,1418.1617169387118,283,281,14681,30761,51.87632508833922,109.46975088967972,8.83191245749869,8.76949611504287,458.167161796955,959.9945551417569,0.49822695035460995,0.6769288323577307,padcrypt
179.6652319431305,1771,144981,81.86391869000565,9.857221571731671,806.9507852576112,886,885,45552,99429,51.41309255079007,112.34915254237288,4.9313937394434,4.925827832288271,253.53820273039022,553.4125825272209,0.4997176736307171,0.6858071057586856,padcrypt
179.98651695251465,1782,142137,79.76262626262626,9.900741623163585,789.7091538112247,891,891,45961,96176,51.58361391694725,107.94163860830527,4.950370811581792,4.950370811581792,255.35801669036002,534.3511371208647,0.5,0.6766429571469779,padcrypt
60.26883602142334,630,50076,79.48571428571428,10.45316355165808,830.8771714489365,315,315,16179,33897,51.36190476190476,107.60952380952381,5.22658177582904,5.22658177582904,268.4471954004382,562.4299760484982,0.5,0.6769110951353942,padcrypt
179.7232780456543,1767,144463,81.75608375778155,9.831781498839215,803.8079517073058,884,883,45447,99016,51.410633484162894,112.13590033975085,4.918672804173099,4.913108694666116,252.87208476386294,550.935866943443,0.49971703452178834,0.685407336134512,padcrypt
179.98835706710815,1818,144410,79.43344334433444,10.100653340161129,802.3296748364514,909,909,46709,97701,51.38503850385038,107.48184818481849,5.0503266700805645,5.0503266700805645,259.5112303991123,542.8184444373392,0.5,0.6765528702998407,padcrypt
60.07564401626587,605,48273,79.7900826446281,10.070636942921366,803.5369539597407,302,303,15535,32738,51.44039735099338,108.04620462046205,5.026995631011988,5.043641311909378,258.59065274096434,544.9463012187764,0.5008264462809917,0.6781844923663332,padcrypt
179.89403200149536,1914,152422,79.63531870428422,10.639596982206113,847.2876965631244,956,958,48018,104404,50.22803347280335,108.9812108559499,5.31423966300368,5.325357319202433,266.923807675848,580.3638888872764,0.5005224660397074,0.6849667370851977,padcrypt
179.99880409240723,1757,140744,80.10472396129767,9.761175963691386,781.9163061091522,880,877,45464,95280,51.663636363636364,108.64310148232612,4.888921370545487,4.872254593145899,252.5794558982727,529.3368502108794,0.4991462720546386,0.676973796396294,padcrypt
59.77226996421814,558,44030,78.9068100358423,9.33543264015302,736.629209938956,279,279,14210,29820,50.93189964157706,106.88172043010752,4.66771632007651,4.66771632007651,237.7356591694882,498.8935507694678,0.5,0.6772655007949125,padcrypt
179.21396112442017,1660,136828,82.42650602409638,9.262671220394134,763.4896251470414,833,827,42982,93846,51.59903961584634,113.4776299879081,4.64807537746284,4.614595842931295,239.836225539145,523.6533996078964,0.49819277108433735,0.6858683895109188,padcrypt
179.91601014137268,1799,143413,79.71817676486937,9.999110132480144,797.1108290324486,900,899,46388,97025,51.54222222222222,107.92547274749722,5.002334140762718,4.996775991717426,257.8314179130011,539.2794111194474,0.49972206781545303,0.6765425728490444,padcrypt
60.56115794181824,719,56886,79.1182197496523,11.872296112481058,939.314932760219,359,360,18321,38565,51.033426183844014,107.125,5.92789193933338,5.944404173147679,302.52063571177393,636.7942970484451,0.5006954102920723,0.6779348170024259,padcrypt
151.20330500602722,1692,139693,82.56087470449172,11.190231588737786,923.8753081120257,849,843,43841,95852,51.638398115429915,113.70344009489916,5.614956630519138,5.575274958218649,289.94736588762015,633.9279422244056,0.49822695035460995,0.6861617976562892,padcrypt
151.82004714012146,1796,143462,79.87861915367483,11.829794772375429,944.9476712887104,900,896,46390,97072,51.544444444444444,108.33928571428571,5.928070877025549,5.90172389534988,305.5591199835725,639.3885513051379,0.49888641425389757,0.6766391100082252,padcrypt
60.53464102745056,690,54042,78.32173913043478,11.398432175175643,892.745031320061,346,344,17461,36581,50.46531791907515,106.34011627906976,5.715735554508366,5.682696620667277,288.44641189962596,604.2986194204351,0.4985507246376812,0.6768994485770327,padcrypt
151.28720712661743,1729,142656,82.50780798149219,11.42859355287682,942.9482023592802,865,864,44807,97849,51.8,113.2511574074074,5.717601748547397,5.7109918043294225,296.17177057475516,646.7764317845251,0.4997108155002892,0.685908759533423,padcrypt
152.00933694839478,1795,143136,79.74150417827298,11.808485163048765,941.6263689683275,898,897,46284,96852,51.54120267260579,107.97324414715719,5.907531853157543,5.900953309891221,304.4812965384674,637.1450724298601,0.49972144846796657,0.6766431924882629,padcrypt
60.60295796394348,692,51329,74.17485549132948,11.418584558392585,846.9718595342963,345,347,16599,34730,48.11304347826087,100.0864553314121,5.692791434458731,5.725793123933855,273.897521798784,573.0743377355122,0.5014450867052023,0.6766155584562333,padcrypt
151.24902391433716,1776,145972,82.19144144144144,11.742224538294359,965.1103605314776,888,888,45879,100093,51.66554054054054,112.71734234234235,5.871112269147179,5.871112269147179,303.33418895968856,661.776171571789,0.5,0.6856999972597484,padcrypt
151.84935092926025,1791,143136,79.91959798994975,11.794584494696627,942.6184512746491,897,894,46284,96852,51.59866220735786,108.33557046979865,5.907170458817909,5.887414035878719,304.8020931058284,637.8163581688207,0.4991624790619765,0.6766431924882629,padcrypt
60.121556997299194,605,48081,79.47272727272727,10.062946307714187,799.7297874730675,302,303,15534,32547,51.437086092715234,107.41584158415841,5.023156669305264,5.039789638408924,258.37654205625154,541.353245416816,0.5008264462809917,0.6769201971672802,padcrypt
160.34261512756348,1794,148965,83.0351170568562,11.188541477714772,929.0418512975368,900,894,46840,102125,52.044444444444444,114.2337807606264,5.612980674438849,5.575560803275923,292.12446087857296,636.9173904189638,0.4983277591973244,0.6855637230221864,padcrypt
152.19000887870789,1799,143136,79.56420233463035,11.82074968819907,940.5085199388894,900,899,46284,96852,51.42666666666667,107.73303670745273,5.913660210883359,5.907089477315711,304.11983244502824,636.3886874938612,0.49972206781545303,0.6766431924882629,padcrypt
31.933591842651367,569,45114,79.28646748681898,17.818227363951845,1412.7443045647162,284,285,14575,30539,51.320422535211264,107.15438596491228,8.893456188685983,8.924771175265862,456.41592940175417,956.3283751629621,0.5008787346221442,0.676929556235315,padcrypt
179.56820392608643,1750,142751,81.572,9.745600622704519,794.9681339952531,876,874,44906,97845,51.26255707762557,111.95080091533181,4.878369225993805,4.867231396710714,250.07768089323952,544.8904531020136,0.49942857142857144,0.685424270232783,padcrypt
179.9967930316925,1805,144388,79.99335180055402,10.027956440769414,802.1698474070993,902,903,46642,97746,51.709534368070955,108.24584717607974,5.011200393115796,5.016756047653618,259.1268389531119,543.0430084539873,0.5002770083102493,0.6769676150372607,padcrypt
60.08493494987488,627,49998,79.74162679425838,10.435228073777013,832.1220625720944,314,313,16140,33858,51.40127388535032,108.17252396166134,5.225935590376367,5.209292483400646,268.61974658813557,563.5023159839587,0.49920255183413076,0.6771870874834993,padcrypt
179.90704107284546,1753,143466,81.84027381631489,9.743921024692966,797.44516470542,876,877,45123,98343,51.51027397260274,112.1356898517674,4.8691812992761205,4.8747397254168465,250.81286274798674,546.6323019574332,0.5002852253280091,0.6854794864288403,padcrypt
179.98220896720886,1795,142992,79.66128133704736,9.973207964832973,794.478525519441,897,898,46175,96817,51.47714604236344,107.81403118040089,4.983825930058594,4.989382034774379,256.55313525134403,537.9253902680969,0.5002785515320334,0.6770798366342173,padcrypt
60.21875214576721,640,50747,79.2921875,10.627918666444597,842.710919634475,320,320,16397,34350,51.240625,107.34375,5.313959333222298,5.313959333222298,272.29059745889384,570.4203221755811,0.5,0.6768873036829763,padcrypt
179.7660961151123,1790,145730,81.41340782122904,9.957383726316127,810.6645421430443,895,895,45868,99862,51.24916201117318,111.57765363128492,4.978691863158064,4.978691863158064,255.15378589869727,555.510756244347,0.5,0.6852535510876278,padcrypt
179.99144291877747,1782,141806,79.57687991021325,9.900470661842192,787.8485649120056,891,891,45854,95952,51.4635241301908,107.6902356902357,4.950235330921096,4.950235330921096,254.75655540298087,533.0920095090247,0.5,0.6766427372607647,padcrypt
60.21130013465881,625,49601,79.3616,10.380111351228532,823.7822450116582,312,313,15965,33636,51.169871794871796,107.46325878594249,5.1817515865332835,5.198359764695249,265.14956435578165,558.6326806558767,0.5008,0.6781314892844902,padcrypt
179.7671639919281,1760,144008,81.82272727272728,9.790442041345367,801.0806690284453,880,880,45236,98772,51.404545454545456,112.24090909090908,4.895221020672683,4.895221020672683,251.63661146721537,549.4440575612299,0.5,0.6858785623020943,padcrypt
179.98672699928284,1808,143934,79.60951327433628,10.045185165277237,799.6923017583042,905,903,46605,97329,51.49723756906077,107.78405315614619,5.028148547884901,5.017036617392337,258.9357603029567,540.7565414553475,0.49944690265486724,0.6762057609737796,padcrypt
60.07893896102905,617,49264,79.84440842787683,10.269821848888254,819.987850184167,308,309,15855,33409,51.47727272727273,108.11974110032362,5.126588540449891,5.143233308438364,263.9027964572501,556.0850537269168,0.5008103727714749,0.6781625527768756,padcrypt
179.9017848968506,1819,147125,80.88235294117646,10.11107255574452,817.8073390675715,911,908,46304,100821,50.827661909989025,111.0363436123348,5.0638741606834845,5.047198395061036,257.3848837939496,560.422455273622,0.49917537108301263,0.6852744265080714,padcrypt
179.98209285736084,1815,144735,79.74380165289256,10.084336564740479,804.1633348196766,908,907,46817,97918,51.56057268722467,107.95810363836824,5.044946336520305,5.039390228220173,260.120322287303,544.0430125323736,0.4997245179063361,0.6765329740560334,padcrypt
59.77067494392395,569,45285,79.58699472759227,9.519718499645991,757.6457860394881,284,285,14568,30717,51.29577464788732,107.77894736842106,4.751493943584292,4.768224556061701,243.73156257090125,513.9142234685869,0.5008787346221442,0.6783040741967539,padcrypt
151.53705191612244,1748,143335,81.99942791762014,11.535132681395563,945.8742808282798,874,874,45020,98315,51.51029748283753,112.48855835240275,5.7675663406977815,5.7675663406977815,297.08905796134337,648.7852228669364,0.5,0.685910628946175,padcrypt
152.1398720741272,1798,143136,79.60845383759732,11.818072248174097,940.8184590181578,899,899,46284,96852,51.483870967741936,107.73303670745273,5.909036124087049,5.909036124087049,304.22005335622356,636.5984056619342,0.5,0.6766431924882629,padcrypt
60.718910932540894,646,50726,78.52321981424149,10.63918950584786,835.4234162130628,323,323,16389,34337,50.73993808049536,106.30650154798762,5.31959475292393,5.31959475292393,269.9159083766882,565.5075078363745,0.5,0.6769112486693214,padcrypt
179.98216605186462,1878,154609,82.32641107561236,10.434367144235976,859.0239988302343,940,938,48665,105944,51.77127659574468,112.94669509594883,5.222739678158582,5.2116274660773945,270.38790046551856,588.6360983647158,0.4994675186368477,0.6852382461564334,padcrypt
179.98894619941711,1763,136930,77.66874645490641,9.79504595824846,760.7689410453554,884,879,44357,92573,50.17760180995475,105.31626848691695,4.911412720982211,4.883633237266248,246.44291183779177,514.3260292075636,0.4985819625638117,0.6760607609727598,padcrypt
31.423288106918335,566,45634,80.62544169611307,18.012118848739643,1452.2350380625176,283,283,14682,30952,51.879858657243815,109.37102473498233,9.006059424369822,9.006059424369822,467.23308999504496,985.0019480674725,0.5,0.6782662050225708,padcrypt
179.56012201309204,1701,139347,81.92063492063492,9.473150167919673,776.046476454499,851,850,43730,95617,51.386603995299645,112.49058823529411,4.739359666607667,4.733790501312006,243.53959837926357,532.5068780752355,0.4997060552616108,0.6861791068340187,padcrypt
179.99224305152893,1801,143609,79.73847862298723,10.005986755131454,797.8621609759429,901,900,46498,97111,51.607103218645946,107.9011111111111,5.005771275054658,5.000215480076796,258.3333548806787,539.5288060952641,0.4997223764575236,0.6762180643274447,padcrypt
60.537585973739624,679,54255,79.90427098674522,11.21617238412085,896.2200776148404,339,340,17469,36786,51.530973451327434,108.19411764705882,5.599826860407905,5.616345523712943,288.56452927571,607.6555483391304,0.5007363770250368,0.6780204589438762,padcrypt
179.43614983558655,1713,140007,81.73204903677758,9.546571310015205,780.2608344432567,856,857,43943,96064,51.33528037383178,112.09334889148191,4.770499148495631,4.776072161519574,244.89491131114895,535.3659231321078,0.5002918855808524,0.6861371217153428,padcrypt
179.98357510566711,1766,140627,79.63023782559456,9.812006450939723,781.3324072345982,884,882,45534,95093,51.509049773755656,107.81519274376417,4.911559288012863,4.900447162926861,252.98975183300644,528.3426554015919,0.49943374858437145,0.6762072717188022,padcrypt
60.63745999336243,707,56560,80.0,11.659459351981276,932.7567481585021,353,354,18215,38345,51.60056657223796,108.31920903954803,5.8214839480189395,5.837975403962336,300.39187000896595,632.364878149536,0.5007072135785007,0.6779526166902404,padcrypt
179.34875106811523,1680,136642,81.33452380952382,9.367224416087232,761.8787372993997,840,840,42868,93774,51.03333333333333,111.63571428571429,4.683612208043616,4.683612208043616,239.0203430171592,522.8583942822405,0.5,0.6862750837956119,padcrypt
179.98745393753052,1817,144789,79.68574573472758,10.095148079769153,804.439403038908,909,908,46819,97970,51.50605060506051,107.89647577092511,5.0503520112879245,5.044796068481228,260.123686266765,544.315716772143,0.49972482113373695,0.6766397999848055,padcrypt
60.6711699962616,701,55731,79.5021398002853,11.554087386862555,918.57467069506,351,350,18019,37712,51.33618233618234,107.74857142857142,5.7852848399268995,5.768802546935655,296.99443740923874,621.5802332858212,0.4992867332382311,0.676679047567781,padcrypt
179.31073689460754,1724,140689,81.60614849187935,9.614594362039266,784.6100151977624,861,863,44162,96527,51.29152148664344,111.8505214368482,4.80172027013678,4.812874091902486,246.28753840857198,538.3224767891904,0.5005800464037123,0.6861019695925055,padcrypt
179.99867987632751,1788,142609,79.7589485458613,9.933406185136963,792.2780328054794,895,893,46174,96435,51.59106145251397,107.98992161254199,4.9722586888688936,4.96114749626807,256.5241035752316,535.7539292302478,0.4994407158836689,0.6762195934337945,padcrypt
60.479186058044434,678,53911,79.51474926253687,11.210468331192398,891.3975784703738,339,339,17360,36551,51.2094395280236,107.82005899705015,5.605234165596199,5.605234165596199,287.0409000435104,604.3566784268634,0.5,0.67798779469867,padcrypt
179.48814392089844,1736,141613,81.57430875576037,9.671948029977212,788.9824748670294,869,867,44476,97137,51.18066743383199,112.03806228373702,4.841545413623385,4.830402616353827,247.79352568045306,541.1889491865763,0.49942396313364057,0.6859327886564086,padcrypt
179.98853588104248,1789,142619,79.71995528228061,9.939521932565643,792.3782439913804,895,894,46178,96441,51.59553072625698,107.8758389261745,4.972538920987284,4.9669830115783595,256.56078468530814,535.8174593060722,0.49972051425377306,0.6762142491533386,padcrypt
60.36822009086609,665,52922,79.58195488721805,11.015729782972626,876.6533106383117,332,333,17039,35883,51.3222891566265,107.75675675675676,5.499582387890093,5.516147395082533,282.25115755198584,594.4021530863259,0.5007518796992482,0.678035599561619,padcrypt
179.5831458568573,1736,142137,81.87615207373273,9.66683143742084,791.4829608414088,869,867,44692,97445,51.429228998849254,112.39331026528258,4.838984169999256,4.827847267421583,248.86522500069822,542.6177358407106,0.49942396313364057,0.6855709632256204,padcrypt
179.93957805633545,1800,143654,79.80777777777777,10.003357901820001,798.345764460028,900,900,46391,97263,51.54555555555555,108.07,5.001678950910001,5.001678950910001,257.81432023518425,540.5314442248438,0.5,0.6770643351385969,padcrypt
60.23967695236206,645,51397,79.68527131782946,10.707228734145941,853.2084267424789,323,322,16606,34791,51.411764705882355,108.04658385093168,5.361914544386262,5.345314189759678,275.66548892903484,577.542937813444,0.4992248062015504,0.6769072124832188,padcrypt
179.41869187355042,1757,144754,82.38702333523051,9.792736652200583,806.7944230806165,879,878,45553,99201,51.82366325369738,112.98519362186788,4.899155103747474,4.893581548453109,253.89216432424197,552.9022587563745,0.49971542401821284,0.6853074871851556,padcrypt
179.70107913017273,1799,143462,79.74541411895497,10.011069542308267,798.3368864250298,900,899,46390,97072,51.544444444444444,107.97775305895439,5.008317169581679,5.002752372726588,258.1509261076601,540.1859603173697,0.49972206781545303,0.6766391100082252,padcrypt
60.0654239654541,622,48930,78.66559485530547,10.35537517154188,814.6117478192028,311,311,15748,33182,50.636655948553056,106.69453376205787,5.17768758577094,5.17768758577094,262.1807848897774,552.4309629294255,0.5,0.678152462701819,padcrypt
179.57000398635864,1810,147790,81.65193370165746,10.07963445909095,823.0216445906362,905,905,46520,101270,51.40331491712707,111.90055248618785,5.039817229545475,5.039817229545475,259.063312175089,563.9583324155473,0.5,0.6852290412071183,padcrypt
179.85678505897522,1791,143136,79.91959798994975,9.957922907455114,795.8331955787243,896,895,46284,96852,51.65625,108.2145251396648,4.981741443372296,4.976181464082818,257.33808143420015,538.4951141445241,0.4997208263539922,0.6766431924882629,padcrypt
31.77167820930481,581,46291,79.67469879518072,18.286726819165803,1456.9894512667886,290,291,14895,31396,51.36206896551724,107.89003436426117,9.127626123163655,9.159100696002149,468.81376242938836,988.1756888374002,0.5008605851979346,0.6782311896480957,padcrypt
179.98265886306763,1899,148444,78.16956292785677,10.551016481230983,824.7683467824392,951,948,46732,101712,49.13985278654048,107.29113924050633,5.283842376856589,5.2671741043743925,259.647236546017,565.1211102364222,0.49921011058451814,0.6851876802026353,padcrypt
179.9777479171753,1819,144735,79.56844420010995,10.106804985897996,804.1827485618178,910,909,46816,97919,51.44615384615385,107.72167216721672,5.056180614165573,5.0506243717324235,260.1210457503027,544.061702811515,0.4997251236943375,0.6765398832348776,padcrypt
59.689805030822754,557,43961,78.9245960502693,9.331576802979589,736.4909296872275,278,279,14141,29820,50.86690647482014,106.88172043010752,4.657411761630747,4.674165041348843,236.90812849359853,499.582801193629,0.5008976660682226,0.6783285184595437,padcrypt
179.30079197883606,1708,136018,79.63583138173303,9.525892112075029,758.6023379977876,853,855,42659,93359,50.010550996483,109.19181286549707,4.7573688358313815,4.768523276243648,237.91863677342428,520.6837012243634,0.5005854800936768,0.6863723918893088,padcrypt
179.98894214630127,1779,141804,79.70994940978078,9.883940528712964,787.8483995129922,891,888,45854,95950,51.4635241301908,108.0518018018018,4.950304109658938,4.933636419054026,254.76009499921543,533.0883045137767,0.4991568296795953,0.6766381766381766,padcrypt
60.84472894668579,744,59356,79.77956989247312,12.227846403127508,975.532326752737,372,372,19181,40175,51.56182795698925,107.99731182795699,6.113923201563754,6.113923201563754,315.2450562612752,660.2872704914619,0.5,0.6768481703618843,padcrypt
179.10943508148193,1666,136488,81.92557022809123,9.301575873108469,762.0369074242669,833,833,42872,93616,51.46698679471789,112.38415366146458,4.650787936554234,4.650787936554234,239.36204131567004,522.6748661085969,0.5,0.6858918000117227,padcrypt
179.98737692832947,1794,142805,79.60144927536231,9.967365659839391,793.4167519806937,897,897,46177,96628,51.479375696767,107.72352285395763,4.983682829919696,4.983682829919696,256.556880754963,536.8598712257307,0.5,0.6766429746857603,padcrypt
60.79110813140869,724,57830,79.87569060773481,11.909636495438942,951.290439960268,362,362,18641,39189,51.494475138121544,108.25690607734806,5.954818247719471,5.954818247719471,306.64024020922284,644.6501997510452,0.5,0.6776586546775031,padcrypt
179.1441559791565,1665,136494,81.97837837837838,9.294190987696654,761.9227055103106,834,831,42874,93620,51.407673860911274,112.65944645006017,4.655468638882288,4.638722348814366,239.32681345736117,522.5958920529495,0.4990990990990991,0.6858909549137691,padcrypt
179.75400805473328,1788,142808,79.87024608501119,9.946927021819576,794.4635090223769,894,894,46178,96630,51.65324384787472,108.08724832214764,4.973463510909788,4.973463510909788,256.8955234975304,537.5679855248464,0.5,0.6766427651111983,padcrypt
60.829132080078125,733,57873,78.95361527967258,12.05014727211703,951.402691786124,366,367,18640,39233,50.92896174863388,106.90190735694823,6.016853890306731,6.0332933818103,306.43212162655044,644.9705701595736,0.5006821282401092,0.6779154355226098,padcrypt
178.9275860786438,1687,138847,82.3040901007706,9.428395235033882,775.9954909299048,844,843,43628,95219,51.691943127962084,112.95255041518386,4.716992044083341,4.711403190950541,243.8304844778057,532.1650064520991,0.4997036158861885,0.6857836323435148,padcrypt
179.85920810699463,1803,143462,79.56849694952857,10.024507607791932,797.6350030111182,902,901,46390,97072,51.430155210643015,107.73806881243063,5.01503375608892,5.009473851703012,257.9239644622672,539.7110385488511,0.4997226844148641,0.6766391100082252,padcrypt
60.57549285888672,697,54903,78.77044476327116,11.506303409263086,906.3566371287966,348,349,17679,37224,50.80172413793103,106.65902578796562,5.744897541497208,5.761405867765879,291.85070010381935,614.5059370249772,0.5007173601147776,0.6779957379378176,padcrypt
151.05793619155884,1724,141931,82.32656612529003,11.41283962607413,939.579896153322,863,861,44587,97344,51.66512166859791,113.05923344947735,5.713039789618314,5.699799836455815,295.1648958281712,644.4150003251508,0.4994199535962877,0.6858543940365389,padcrypt
151.90573692321777,1792,143136,79.875,11.796789484690652,942.2685600896658,896,896,46284,96852,51.65625,108.09375,5.898394742345326,5.898394742345326,304.68895340927577,637.5796066803902,0.5,0.6766431924882629,padcrypt
60.68666410446167,665,52050,78.27067669172932,10.957926421121396,857.6843161193515,332,333,16817,35233,50.653614457831324,105.8048048048048,5.470724168138803,5.487202252982594,277.1119528180429,580.5723633013085,0.5007518796992482,0.6769068203650336,padcrypt
151.3376441001892,1763,144996,82.2439024390244,11.649447898322316,958.0960564181183,883,880,45557,99439,51.59343148357871,112.99886363636364,5.834635561099606,5.814812337222711,301.02887005324436,657.067186364874,0.499149177538287,0.6858051256586388,padcrypt
179.9145369529724,1797,143277,79.73121869782972,9.988075618757339,796.3614415296022,899,898,46390,96887,51.60177975528365,107.89198218262806,4.996816906657122,4.991258712100217,257.8446454947985,538.5167960348037,0.4997217584863662,0.6762215847623834,padcrypt
60.4345920085907,626,48930,78.1629392971246,10.358306049472707,809.6356469659738,312,314,15748,33182,50.47435897435897,105.67515923566879,5.162606209960838,5.195699839511869,260.5792390848182,549.0564078811556,0.5015974440894568,0.678152462701819,padcrypt
151.7355501651764,1804,147926,81.99889135254989,11.889105737160477,974.8934896203995,904,900,46518,101408,51.45796460176991,112.67555555555556,5.95773369533984,5.931372041820637,306.5728496015693,668.3206400188302,0.49889135254988914,0.6855319551667726,padcrypt
152.14930605888367,1798,143462,79.78976640711902,11.817339471164933,942.9027559578775,900,898,46390,97072,51.544444444444444,108.09799554565701,5.91524222694574,5.902097244219194,304.89787434223655,638.004881615641,0.4994438264738598,0.6766391100082252,padcrypt
31.98389196395874,577,45770,79.32409012131716,18.040331071971988,1431.032847771504,288,289,14787,30983,51.34375,107.2076124567474,9.004532666772846,9.035798405199142,462.32647410961835,968.7063736618858,0.5008665511265165,0.6769281188551453,padcrypt
179.7812259197235,1818,147977,81.3954895489549,10.112290594857658,823.0948434297314,908,910,46520,101457,51.23348017621145,111.49120879120879,5.050582981370051,5.061707613487607,258.7589430543335,564.335900375398,0.5005500550055005,0.6856268203842489,padcrypt
179.9888560771942,1747,138960,79.54207212364052,9.706156470324702,772.0477980059076,874,873,44997,93963,51.483981693363845,107.63230240549828,4.855856184924893,4.850300285399808,249.9988109302808,522.0489870756268,0.4997137950772753,0.6761873920552677,padcrypt
60.0596649646759,634,50260,79.27444794952682,10.556169442052118,836.8345049803462,317,317,16176,34084,51.02839116719243,107.5205047318612,5.278084721026059,5.278084721026059,269.3321717580995,567.5023332222466,0.5,0.6781536012733784,padcrypt
179.91450095176697,1855,148308,79.95040431266847,10.310452966197007,824.3248832942026,928,927,46627,101681,50.244612068965516,109.68824163969795,5.158005580933058,5.152447385263949,259.16198946354064,565.1628938306619,0.49973045822102424,0.6856069800685061,padcrypt
179.98897004127502,1786,142228,79.63493840985443,9.922830268935007,790.2039773180785,894,892,46066,96162,51.52796420581655,107.80493273542601,4.966971030474746,4.9558592384602616,255.9379054696305,534.2660718484481,0.49944008958566627,0.6761115954664342,padcrypt
59.72945189476013,587,46612,79.40715502555366,9.827647523607958,780.3855304436356,293,294,14998,31614,51.18771331058021,107.53061224489795,4.905452682141621,4.922194841466336,251.09890555208202,529.2866248915536,0.5008517887563884,0.6782373637689866,padcrypt
179.25724697113037,1668,135846,81.44244604316546,9.305063132363255,757.8271020857427,834,834,42658,93188,51.148681055155876,111.73621103117506,4.6525315661816276,4.6525315661816276,237.97085317766891,519.8562489080738,0.5,0.685982656832001,padcrypt
179.95758199691772,1762,141149,80.10726447219069,9.79119623884577,784.3459466043369,881,881,45641,95508,51.80590238365494,108.40862656072645,4.895598119422885,4.895598119422885,253.62087828442665,530.7250683199102,0.5,0.6766466641634018,padcrypt
60.93480896949768,757,60199,79.5231175693527,12.423112713439927,987.9246528882037,378,379,19393,40806,51.304232804232804,107.66754617414249,6.203350866156265,6.219761847283663,318.2581570036202,669.6664958845835,0.5006605019815059,0.6778517915579994,padcrypt
179.9933831691742,1872,149629,79.93002136752136,10.40038231983519,831.3027810548181,939,933,47054,102575,50.11075612353568,109.94105037513398,5.216858439276304,5.183523880558885,261.4207209815839,569.8820600732342,0.4983974358974359,0.6855288747502155,padcrypt
179.98680996894836,1783,141566,79.39764441951766,9.906281467556463,786.5354134807056,893,890,45851,95715,51.34490481522956,107.54494382022472,4.961474677805901,4.944806789750562,254.74644507511576,531.7889684055899,0.4991587212563096,0.6761157340039275,padcrypt
59.9199640750885,579,45951,79.36269430051813,9.66288963849224,766.872956439304,289,290,14785,31166,51.15916955017301,107.46896551724137,4.8231003549641756,4.839789283528066,246.74580881711188,520.1271476221921,0.5008635578583766,0.6782442166655785,padcrypt
179.048819065094,1698,139506,82.15901060070671,9.483447078099323,779.1506290208034,851,847,43841,95665,51.51703877790834,112.9456906729634,4.752893676950839,4.730553401148485,244.85500786275173,534.2956211580516,0.4988221436984688,0.6857411150774877,padcrypt
179.819561958313,1792,143136,79.875,9.965545352709922,795.997935047705,897,895,46284,96852,51.59866220735786,108.2145251396648,4.988333806574108,4.977211546135815,257.39135106296095,538.6065839847441,0.4994419642857143,0.6766431924882629,padcrypt
60.89191198348999,694,54575,78.63832853025937,11.397244353045911,896.2602457744678,346,348,17573,37002,50.78901734104046,106.32758620689656,5.6821996342275005,5.715044718818412,288.5933357580343,607.6669100164335,0.5014409221902018,0.6780027485112231,padcrypt
151.21273398399353,1727,142330,82.41459177764911,11.420995801734593,941.2567066942007,865,862,44695,97635,51.67052023121387,113.26566125290023,5.720417700347668,5.700578101386925,295.57695851680813,645.6797481773926,0.499131441806601,0.6859762523712499,padcrypt
152.03821992874146,1794,143136,79.78595317725753,11.799664589869751,941.4474864746916,897,897,46284,96852,51.59866220735786,107.97324414715719,5.899832294934876,5.899832294934876,304.4234536664055,637.024032808286,0.5,0.6766431924882629,padcrypt
60.63438105583191,660,51665,78.28030303030303,10.884913616785738,852.0743363806594,330,330,16707,34958,50.627272727272725,105.93333333333334,5.442456808392869,5.442456808392869,275.5367451449081,576.5375912357513,0.5,0.676628278331559,padcrypt
151.51092505455017,1763,145332,82.4344866704481,11.636124585505945,959.2179570395633,882,881,45665,99667,51.77437641723356,113.12939841089671,5.821362384807853,5.814762200698093,301.3974073721662,657.8205496673971,0.49971639251276234,0.6857884017284562,padcrypt
152.03525710105896,1797,143462,79.83416805787424,11.819626804100583,943.6100726599209,899,898,46390,97072,51.60177975528365,108.09799554565701,5.913102112902852,5.906524691197731,305.12659290051533,638.4834797594056,0.4997217584863662,0.6766391100082252,padcrypt
61.03815507888794,615,48409,78.71382113821139,10.07566495424299,793.0940890568276,307,308,15640,32769,50.94462540716612,106.39285714285714,5.0296408795977205,5.04602407464527,256.2331705436754,536.8609185131521,0.5008130081300813,0.6769195810696358,padcrypt
179.57475399971008,1878,149938,79.83919062832801,10.458040220971329,834.9614668008514,940,938,47161,102777,50.17127659574468,109.57036247334754,5.234588821998429,5.2234513989729,262.62600365347646,572.335463147375,0.4994675186368477,0.6854633248409343,padcrypt
179.97873616218567,1785,142616,79.896918767507,9.917838285026454,792.4047198080295,893,892,46177,96439,51.70996640537514,108.11547085201794,4.961697248475419,4.956141036551034,256.5691980323062,535.8355217757234,0.4997198879551821,0.6762144499915858,padcrypt
31.352726936340332,552,44641,80.8713768115942,17.606124058069973,1423.8314928918508,276,276,14361,30280,52.03260869565217,109.71014492753623,8.803062029034987,8.803062029034987,458.0462818803313,965.7852110115196,0.5,0.6783002172890392,padcrypt
179.63231015205383,1738,141728,81.54660529344073,9.675319537608967,788.989463421314,871,867,44585,97143,51.18828932261768,112.04498269896193,4.848793623278142,4.8265259143308255,248.20145085402518,540.7880125672888,0.498849252013809,0.6854185482050125,padcrypt
179.99447798728943,1795,143136,79.74150417827298,9.972528157929137,795.2243957734512,899,896,46284,96852,51.483870967741936,108.09375,4.994597667954482,4.977930489974655,257.1412218727533,538.083173900698,0.4991643454038997,0.6766431924882629,padcrypt
60.11095714569092,657,52257,79.53881278538813,10.929787699231426,869.3423375932065,328,329,16821,35436,51.28353658536585,107.7082066869301,5.456575898550849,5.473211800680577,279.832509724158,589.5098278690484,0.5007610350076104,0.6781101096503818,padcrypt
179.8642418384552,1741,142332,81.75301550832855,9.679522634430453,791.33016404581,871,870,44694,97638,51.3134328358209,112.22758620689655,4.842541191607653,4.8369814428227995,248.4874121902554,542.8427518555546,0.4997128087306146,0.6859876907512014,padcrypt
179.99080801010132,1787,142803,79.91214325685506,9.928284781630133,793.3905157644812,894,893,46177,96626,51.65212527964206,108.20380739081747,4.966920310451784,4.9613644711783484,256.5519901294542,536.838525635027,0.49972020145495244,0.6766384459710231,padcrypt
60.25909495353699,652,52065,79.8542944785276,10.81994345422425,864.0189508346403,326,326,16823,35242,51.604294478527606,108.1042944785276,5.409971727112125,5.409971727112125,279.17777412640265,584.8411767082378,0.5,0.6768846634015173,padcrypt
179.720556974411,1784,145732,81.68834080717488,9.926521651354607,810.8810836856555,893,891,45868,99864,51.36394176931691,112.08080808080808,4.9688250194280625,4.957696631926543,255.21843895982795,555.6626447258276,0.4994394618834081,0.685257870611808,padcrypt
179.98791098594666,1768,140488,79.46153846153847,9.822881938654449,780.541310971542,884,884,45428,95060,51.38914027149321,107.53393665158372,4.9114409693272245,4.9114409693272245,252.39472890791532,528.1465820636266,0.5,0.6766414213313593,padcrypt
60.33072090148926,639,50922,79.69014084507042,10.591618837828712,844.0475969638711,319,320,16393,34529,51.38871473354232,107.903125,5.2875217672415635,5.304097070587148,271.7189477441722,572.3286492196988,0.5007824726134585,0.6780762735163584,padcrypt
179.64664101600647,1771,143813,81.20440429136082,9.858241656977068,800.5326411151005,885,886,45233,98580,51.110734463276835,111.26410835214448,4.926337586914006,4.931904070063061,251.78873228122174,548.7439088338788,0.5002823263692829,0.6854734968326924,padcrypt
179.995689868927,1765,140663,79.6957507082153,9.805790356898402,781.4798237803966,882,883,45424,95239,51.50113378684807,107.85843714609287,4.900117334155462,4.90567302274294,252.3615983975938,529.1182253828028,0.5002832861189802,0.6770721511698172,padcrypt
60.365087032318115,683,52724,77.19472913616399,11.314487124558225,873.4187688948871,342,341,17036,35688,49.812865497076025,104.65689149560117,5.6655264957524345,5.64896062880579,282.2161093030365,591.2026595918505,0.4992679355783309,0.6768833927623094,padcrypt
179.61327290534973,1759,143805,81.75383740761797,9.793262889468837,800.6368219556941,881,878,45232,98573,51.341657207718505,112.26993166287016,4.904982720649258,4.888280168819579,251.8299414533567,548.8068805023374,0.4991472427515634,0.6854629533048225,padcrypt
179.98488092422485,1813,144071,79.46552675124104,10.073068308239113,800.4616791154536,908,905,46600,97471,51.3215859030837,107.70276243093923,5.0448681874689,5.028200120770214,258.9106360529193,541.5510430625343,0.4991726420297849,0.6765483685127471,padcrypt
60.09678602218628,621,49270,79.33977455716587,10.333331299459871,819.844175723652,310,311,15858,33412,51.15483870967742,107.43408360128618,5.1583457372504995,5.174985562209372,263.87434419780135,555.9698315258506,0.500805152979066,0.6781408565049726,padcrypt
179.88423991203308,1791,145134,81.03517587939699,9.956403078312109,806.8188745771913,898,893,45662,99472,50.84855233853007,111.39081746920493,4.992099365898533,4.964303712413575,253.84102588603434,552.977848691157,0.49860413176996093,0.6853804070720851,padcrypt
179.98792004585266,1787,142663,79.83379966424175,9.928444084162729,792.6254159926734,893,894,46070,96593,51.59014557670773,108.04586129753915,4.961444077872029,4.967000006290699,255.96162224811243,536.663793744561,0.5002797985450476,0.6770711396788235,padcrypt
60.07021903991699,621,49400,79.54911433172303,10.33790137484503,822.370898417624,311,310,15961,33439,51.32154340836013,107.86774193548388,5.177274279511763,5.160627095333268,265.7057066729493,556.6651917446746,0.499194847020934,0.6769028340080971,padcrypt
179.9188780784607,1882,147856,78.56323060573858,10.460269762127352,821.7925855202453,941,941,46588,101268,49.50903294367694,107.61742826780021,5.230134881063676,5.230134881063676,258.9389201264554,562.8536653937899,0.5,0.6849096418136565,padcrypt
179.98303294181824,1803,143744,79.7249029395452,10.01761094104266,798.6530599607522,902,901,46495,97249,51.54656319290466,107.93451720310766,5.011583510161109,5.006027430881551,258.3299061030385,540.3231538577137,0.4997226844148641,0.6765430209260909,padcrypt
59.8932740688324,565,45625,80.75221238938053,9.43344655613038,761.7716798645108,282,283,14679,30946,52.0531914893617,109.34982332155477,4.708375095272155,4.725071460858226,245.0859504379431,516.6857294265677,0.5008849557522124,0.6782684931506849,padcrypt
151.8413369655609,1813,148943,82.15278543849972,11.940095077081716,980.9120689827811,908,905,46840,102103,51.585903083700444,112.82099447513812,5.979926271368008,5.9601688057137086,308.4798970824642,672.4321719003169,0.4991726420297849,0.6855172784219467,padcrypt
152.12634205818176,1798,143136,79.60845383759732,11.819123339680004,940.9021347877848,899,899,46284,96852,51.483870967741936,107.73303670745273,5.909561669840002,5.909561669840002,304.2471104859562,636.6550243018286,0.5,0.6766431924882629,padcrypt
31.828997135162354,571,45114,79.00875656742556,17.939616431370403,1417.3867875391318,285,286,14575,30539,51.14035087719298,106.77972027972028,8.954099269598187,8.985517161772215,457.91577843646866,959.4710091026632,0.500875656742557,0.676929556235315,padcrypt
179.53916311264038,1738,142141,81.78423475258919,9.680339207717054,791.6991342486247,870,868,44695,97446,51.37356321839081,112.26497695852535,4.84573941928299,4.834599788434064,248.94290039638304,542.7562338522416,0.4994246260069045,0.685558705792136,padcrypt
179.97921991348267,1759,139814,79.48493462194429,9.77335050593932,776.834126001933,881,878,45218,94596,51.32576617480136,107.74031890660592,4.8950095484551115,4.878340957484209,251.24011550742705,525.5940104945059,0.4991472427515634,0.6765846052612757,padcrypt
60.39939999580383,693,55240,79.71139971139971,11.473623910968408,914.5786217054759,346,347,17789,37451,51.41329479768786,107.92795389048992,5.728533727554212,5.745090183414195,294.52279329324244,620.0558284122335,0.5007215007215007,0.6779688631426503,padcrypt
179.57660102844238,1740,142090,81.66091954022988,9.689458370605916,791.2500803904567,872,868,44694,97396,51.2545871559633,112.2073732718894,4.8558664937749185,4.833591876830997,248.8854324229085,542.3646479675482,0.49885057471264366,0.6854528819762122,padcrypt
179.99523401260376,1779,142144,79.90106801573918,9.88359502827408,789.7097985941488,890,889,45960,96184,51.640449438202246,108.19347581552306,4.944575365465953,4.939019662808127,255.34009415372495,534.3697044404239,0.49971894322653176,0.6766659162539397,padcrypt
60.21342706680298,665,52920,79.57894736842105,11.044048352574663,878.8737425838362,332,333,17039,35881,51.3222891566265,107.75075075075075,5.513720380533515,5.530327972041147,282.9767516985258,595.8969908853104,0.5007518796992482,0.6780234315948601,padcrypt
179.7616250514984,1782,145646,81.7317620650954,9.913128007657305,810.21741964268,892,890,45766,99880,51.30717488789238,112.2247191011236,4.962126926391872,4.951001081265433,254.59271402830765,555.6247056143724,0.4994388327721661,0.6857723521414938,padcrypt
179.989275932312,1807,143934,79.6535694521306,10.03948702299104,799.6809768495807,904,903,46603,97331,51.551991150442475,107.78626799557033,5.02252145477803,5.01696556821301,258.9209815896245,540.7599952599562,0.4997232982844494,0.6762196562313283,padcrypt
60.11908197402954,605,47611,78.69586776859504,10.063360585934264,791.944893978374,301,304,15321,32290,50.90033222591362,106.21710526315789,5.00672981217556,5.056630773758704,254.8442108051221,537.1006831732519,0.5024793388429752,0.678204616580202,padcrypt
179.8695740699768,1779,145278,81.6627318718381,9.890499875803867,807.6852394362193,888,891,45662,99616,51.421171171171174,111.80246913580247,4.936910561952689,4.953589313851178,253.86172306293207,553.8235163732872,0.5008431703204047,0.6856922589793362,padcrypt
179.98626685142517,1774,141278,79.63810597519729,9.856307545199542,784.9376648087377,888,886,45744,95534,51.513513513513516,107.82618510158014,4.9337097520502775,4.922597793149263,254.1527239839954,530.7849408247424,0.49943630214205187,0.6762128569203981,padcrypt
59.926613092422485,632,50596,80.05696202531645,10.54623258993948,844.2993419629398,316,316,16287,34309,51.54113924050633,108.57278481012658,5.27311629496974,5.27311629496974,271.78242119041823,572.5169207725216,0.5,0.6780970827733418,padcrypt
151.3675138950348,1708,140683,82.36709601873537,11.283795023444766,929.4134281518033,856,852,44161,96522,51.58995327102804,113.28873239436619,5.655110386457095,5.62868463698767,291.7468805798269,637.6665475719764,0.49882903981264637,0.6860956903108407,padcrypt
152.14465880393982,1859,143136,76.99623453469607,12.218634650826537,940.7888592688043,931,928,46284,96852,49.714285714285715,104.36637931034483,6.1191763635930645,6.099458287233474,304.2104820757695,636.578377193035,0.49919311457772997,0.6766431924882629,padcrypt
60.9097740650177,681,53383,78.38913362701909,11.180471614835929,876.4274834284676,340,341,17248,36135,50.72941176470588,105.96774193548387,5.5820269442646335,5.598444670571294,283.1729433372835,593.2545400911839,0.5007342143906021,0.6769008860498661,padcrypt
179.80669617652893,1844,150976,81.87418655097613,10.25545788455851,839.6572720060225,923,921,47519,103457,51.48320693391116,112.33116178067318,5.133290470416217,5.122167414142292,264.2782555403123,575.3790164657103,0.49945770065075923,0.685254610004239,padcrypt
179.99981808662415,1744,138745,79.55561926605505,9.688898680779262,770.8063345554581,872,872,44850,93895,51.43348623853211,107.67775229357798,4.844449340389631,4.844449340389631,249.16691848219608,521.6394160732619,0.5,0.6767451079318174,padcrypt
59.97450590133667,596,47422,79.56711409395973,9.937555817141243,790.7026375175705,298,298,15321,32101,51.41275167785235,107.72147651006712,4.968777908570622,4.968777908570622,255.4585447557399,535.2440927618305,0.5,0.6769221036649656,padcrypt
151.57633185386658,1782,146653,82.29685746352413,11.756452859131139,967.5191252245561,891,891,46092,100561,51.73063973063973,112.86307519640853,5.8782264295655695,5.8782264295655695,304.08441368298116,663.4347115415749,0.5,0.6857070772503802,padcrypt
152.01025295257568,1801,143462,79.65685730149917,11.8478850276098,943.7652869688825,901,900,46390,97072,51.48723640399556,107.85777777777778,5.927231765617119,5.920653261992682,305.1767831376006,638.5885038312819,0.4997223764575236,0.6766391100082252,padcrypt
32.177265882492065,593,47094,79.41652613827993,18.429160580814187,1463.5799129727882,296,297,15215,31879,51.402027027027025,107.33670033670033,9.199041369175378,9.230119211638808,472.8493730810925,990.7305398916956,0.5008431703204047,0.6769227502441925,padcrypt
179.33123898506165,1712,140161,81.8697429906542,9.546579891429904,781.5760421511138,856,856,44055,96106,51.4661214953271,112.2733644859813,4.773289945714952,4.773289945714952,245.66272027858903,535.9133218725248,0.5,0.6856828932441977,padcrypt
179.99314093589783,1867,144008,77.13336904124263,10.372617480267802,800.0749320291408,934,933,46533,97475,49.82119914346895,104.47481243301179,5.189086623765467,5.183530856502335,258.5265180553303,541.5484139738104,0.49973219068023567,0.6768721182156547,padcrypt
60.59013104438782,664,52988,79.8012048192771,10.958880407661756,874.5318600017788,332,332,17106,35882,51.524096385542165,108.07831325301204,5.479440203830878,5.479440203830878,282.323205200997,592.2086548007818,0.5,0.6771721899297954,padcrypt
179.4033510684967,1726,140994,81.6882966396292,9.620779041864209,785.9050522761311,864,862,44262,96732,51.229166666666664,112.21809744779583,4.815963552821945,4.804815489042264,246.71779950810753,539.1872527680235,0.49942062572421786,0.6860717477339461,padcrypt
179.98593091964722,1780,141818,79.67303370786517,9.889661880264752,787.9393643457228,890,890,45858,95960,51.52584269662921,107.82022471910112,4.944830940132376,4.944830940132376,254.78658118268595,533.1527831630368,0.5,0.6766418931306322,padcrypt
60.400161027908325,680,54382,79.9735294117647,11.258248130924704,900.3618380234518,340,340,17572,36810,51.68235294117647,108.26470588235294,5.629124065462352,5.629124065462352,290.92637670089545,609.4354613225563,0.5,0.6768783788753632,padcrypt
179.58656096458435,1724,141149,81.87296983758701,9.599827463370069,785.966384354537,862,862,44372,96777,51.475638051044086,112.27030162412993,4.799913731685034,4.799913731685034,247.07862192845516,538.8877624260818,0.5,0.6856371635647437,padcrypt
179.99286198616028,1792,142804,79.68973214285714,9.955950365063853,793.3870178195192,897,895,46178,96626,51.48049052396878,107.96201117318435,4.983530958405288,4.972419406658565,256.5546182800885,536.8323995394306,0.4994419642857143,0.676633707739279,padcrypt
60.36686587333679,670,53181,79.37462686567164,11.098803794217346,880.9634098213025,335,335,17137,36044,51.15522388059701,107.59402985074627,5.549401897108673,5.549401897108673,283.88089645000395,597.0825133712985,0.5,0.6777608544404957,padcrypt
179.60629081726074,1737,141493,81.45826137017846,9.671153455127579,787.7953458988869,868,869,44485,97008,51.25,111.63176064441888,4.832792860708543,4.838360594419036,247.6806341113128,540.114711787574,0.5002878526194589,0.685602821340985,padcrypt
179.98719787597656,1777,142001,79.91052335396736,9.872924413348965,788.950556904877,888,889,45854,96147,51.637387387387385,108.15185601799774,4.933684231319011,4.939240182029955,254.7625638996643,534.1879930052127,0.5002813731007316,0.6770867810790064,padcrypt
60.39054608345032,673,53715,79.81426448736998,11.144128404966217,889.4604119951863,337,336,17357,36358,51.50445103857567,108.20833333333333,5.580343644091553,5.563784760874664,287.4125359955403,602.047875999646,0.49925705794947994,0.676868658661454,padcrypt
6.539210796356201,61,34461,564.9344262295082,9.328342807665813,5269.901991720845,32,29,7550,26911,235.9375,927.9655172413793,4.893556882709935,4.434785924955878,1154.5735770143751,4115.3284147064705,0.47540983606557374,0.7809117553176054,padcrypt
179.5895700454712,1728,141147,81.68229166666667,9.621939623567666,785.942078731311,865,863,44372,96775,51.2971098265896,112.13789107763616,4.816538063880805,4.805401559686861,247.07448204684286,538.867596684468,0.4994212962962963,0.6856327091613708,padcrypt
179.9889099597931,1789,142994,79.92956959195081,9.939501274826524,794.4600588555305,894,895,46177,96817,51.65212527964206,108.1754189944134,4.966972688482344,4.972528586344181,256.55469556605055,537.90536328948,0.5002794857462269,0.6770703665888079,padcrypt
60.225821018218994,668,53064,79.437125748503,11.091588104675608,881.0838790217163,334,334,17146,35918,51.33532934131737,107.53892215568862,5.545794052337804,5.545794052337804,284.6951641358802,596.3887148858361,0.5,0.6768807477762702,padcrypt
179.76137709617615,1768,144401,81.6747737556561,9.835260658100559,803.2926890782685,886,882,45439,98962,51.285553047404065,112.20181405895691,4.928756189523243,4.906504468577315,252.77398701551542,550.518702062753,0.498868778280543,0.6853276639358453,padcrypt
179.98194313049316,1779,140819,79.15626756604834,9.884324888692657,782.406265599107,888,891,45535,95284,51.278153153153156,106.94051627384961,4.933828274962945,4.950496613729712,252.99760191490734,529.4086636841996,0.5008431703204047,0.6766416463687428,padcrypt
60.33118796348572,656,51914,79.13719512195122,10.873314816824612,860.4836362814527,328,328,16712,35202,50.951219512195124,107.32317073170732,5.436657408412306,5.436657408412306,277.00432502861725,583.4793112528354,0.5,0.6780829833956158,padcrypt
179.6566481590271,1817,144336,79.43643368189323,10.113736500258213,803.3991587789045,908,909,45343,98993,49.93722466960352,108.9031903190319,5.054085163585283,5.059651336672931,252.38698631326812,551.0121724656364,0.500275178866263,0.6858510697261945,padcrypt
179.91930103302002,1807,143603,79.47039291643608,10.043391618492153,798.1522781352124,904,903,46496,97107,51.43362831858407,107.53820598006645,5.0244748329368605,5.018916785555294,258.4269710533543,539.7253070818581,0.4997232982844494,0.6762184634025752,padcrypt
60.11012291908264,625,49267,78.8272,10.397583129905506,819.6123648976874,312,313,15857,33410,50.82371794871795,106.74121405750799,5.190473498448829,5.207109631456677,263.7991611054586,555.8132037922287,0.5008,0.6781415551992206,padcrypt
179.63672590255737,1795,147402,82.11810584958218,9.992388755591575,820.5560375218436,899,896,46409,100993,51.622914349276975,112.71540178571429,5.004544563385418,4.987844192206157,258.34917535278515,562.2068621690585,0.4991643454038997,0.685153525732351,padcrypt
179.75555896759033,1798,143136,79.60845383759732,10.002472303647515,796.281354646769,899,899,46284,96852,51.483870967741936,107.73303670745273,5.001236151823758,5.001236151823758,257.48299671970057,538.7983579270685,0.5,0.6766431924882629,padcrypt
31.74652409553528,585,46622,79.69572649572649,18.42721421216228,1468.5702239306495,292,293,15002,31620,51.37671232876713,107.91808873720136,9.19785735034425,9.229356861818031,472.5556711296727,996.0145528009766,0.5008547008547009,0.6782205825575909,padcrypt
179.17609310150146,1679,137031,81.61465157832043,9.37066977483912,764.7839487289932,840,839,42981,94050,51.167857142857144,112.09773539928486,4.6881254382756765,4.682544336563444,239.88133269348435,524.9026160355088,0.4997022036926742,0.6863410469163912,padcrypt
179.99406719207764,1796,143467,79.88140311804008,9.978106656612347,797.0651601916502,898,898,46391,97076,51.66035634743875,108.10244988864143,4.9890533283061735,4.9890533283061735,257.73627277667225,539.3288874149779,0.5,0.6766434092857591,padcrypt
61.02301096916199,710,56708,79.87042253521126,11.634955219741597,929.2887895790233,355,355,18324,38384,51.6169014084507,108.12394366197184,5.8174776098707985,5.8174776098707985,300.28016823457045,629.0086213444528,0.5,0.676870988220357,padcrypt
179.89490509033203,1869,152933,81.82611021936864,10.389399294335236,850.1241317713059,936,933,48122,104811,51.412393162393165,112.33762057877813,5.203037848848465,5.186361445486772,267.50062752380967,582.6235042474963,0.49919743178170145,0.685339331602728,padcrypt
152.21486687660217,1804,143739,79.67793791574279,11.851667560583751,944.3164320902149,904,900,46494,97245,51.43141592920354,108.05,5.938973101312478,5.912694459271273,305.4497957659539,638.866636324261,0.49889135254988914,0.6765387264416756,padcrypt
31.4865460395813,513,40459,78.86744639376218,16.292673046929785,1284.9615181398287,256,257,13070,27389,51.0546875,106.57198443579766,8.130456725173538,8.162216321756247,415.09792733600835,869.8635908038204,0.5009746588693957,0.6769569193504535,padcrypt
179.45122694969177,1722,140434,81.55284552845528,9.595922130322094,782.5747551972433,862,860,44095,96339,51.15429234338747,112.02209302325582,4.803533609952175,4.7923885203699195,245.72136256478095,536.8533926324624,0.4994192799070848,0.6860090861187462,padcrypt
179.98036909103394,1781,140878,79.10050533408197,9.895523656244817,782.7409217543276,891,890,45599,95279,51.17732884399551,107.05505617977528,4.950539908879356,4.9449837473654625,253.35540887204237,529.3855128822853,0.49971925884334645,0.6763227757350332,padcrypt
60.48558282852173,697,55890,80.18651362984218,11.5234071890489,924.021847626891,348,349,18000,37890,51.724137931034484,108.567335243553,5.753437161820685,5.769970027228215,297.59157733555264,626.4302702913384,0.5007173601147776,0.677938808373591,padcrypt
179.49612307548523,1760,139682,79.36477272727272,9.8052257054034,778.1895096489532,879,881,43837,95845,49.87144482366325,108.79114642451759,4.897041701732721,4.908184003670678,244.22254502714136,533.9669646218118,0.5005681818181819,0.6861657192766426,padcrypt
179.98592281341553,1810,143888,79.49613259668509,10.056342027794903,799.4402992792005,906,904,46602,97286,51.437086092715234,107.61725663716814,5.033727003968057,5.022615023826846,258.92024927033043,540.5200500088702,0.4994475138121547,0.6761230957411319,padcrypt
60.44611096382141,673,53585,79.62109955423477,11.133884203117852,886.4921025617683,336,337,17254,36331,51.351190476190474,107.80712166172107,5.5586702707988085,5.575213932319043,285.4443358701269,601.0477666916414,0.5007429420505201,0.6780069049174209,padcrypt
179.53144812583923,1732,141809,81.87586605080831,9.647334871303364,789.8838976701264,866,866,44586,97223,51.48498845265589,112.26674364896074,4.823667435651682,4.823667435651682,248.34646222397913,541.5374354461472,0.5,0.6855911825060469,padcrypt
179.99101614952087,1815,144788,79.77300275482094,10.083836620446966,804.4179265020801,908,907,46818,97970,51.56167400881057,108.0154355016538,5.044696226647849,5.0391403937991175,260.1129823118932,544.3049441901869,0.4997245179063361,0.6766444732988922,padcrypt
60.400104999542236,632,50606,80.07278481012658,10.463557969059654,837.8462256047987,316,316,16291,34315,51.55379746835443,108.59177215189874,5.231778984529827,5.231778984529827,269.7180741676437,568.1281514371551,0.5,0.6780816503971862,padcrypt
179.57732796669006,1789,146783,82.04751257685858,9.962282100176047,817.3804659084074,896,893,46194,100589,51.55580357142857,112.64165733482643,4.9894939976286965,4.972788102547351,257.237372462567,560.1430934458403,0.4991615427613192,0.6852905309197932,padcrypt
179.9409830570221,1732,138164,79.77136258660508,9.625378113284736,767.8295275080094,866,866,44676,93488,51.58891454965358,107.95381062355658,4.812689056642368,4.812689056642368,248.28140449717603,519.5481230108334,0.5,0.6766451463478186,padcrypt
60.30858588218689,661,52184,78.94704992435703,10.960296785788787,865.2830975334373,331,330,16815,35369,50.80060422960725,107.17878787878787,5.4884390863783485,5.471857699410438,278.8160218654137,586.4670756680237,0.49924357034795763,0.6777747968726047,padcrypt
179.61185812950134,1789,145139,81.1285634432644,9.960366863473563,808.0702550015034,895,894,45663,99476,51.02011173184358,111.27069351230425,4.982967212302314,4.9773996511712495,254.23154392777715,553.8387110737262,0.49972051425377306,0.6853843556866177,padcrypt
179.70705890655518,1815,143809,79.23360881542699,10.099770209604127,800.2412419134765,908,907,46497,97312,51.208149779735685,107.28996692392502,5.05266741064493,5.047102798959197,258.7377495514948,541.5034923619817,0.4997245179063361,0.676675312393522,padcrypt
60.009066104888916,608,48268,79.38815789473684,10.131802400278755,804.3451287116035,304,304,15534,32734,51.098684210526315,107.67763157894737,5.065901200139377,5.065901200139377,258.86088566764835,545.4842430439552,0.5,0.6781718737051463,padcrypt
179.70248198509216,1862,149106,80.07841031149302,10.36157085551255,829.7381224393417,931,931,46947,102159,50.42642320085929,109.73039742212674,5.180785427756275,5.180785427756275,261.2484784928827,568.489643946459,0.5,0.6851434549917509,padcrypt
179.62127900123596,1792,143136,79.875,9.976546264252296,796.8766328571521,897,895,46284,96852,51.59866220735786,108.2145251396648,4.993840401246825,4.982705863005472,257.6754839813913,539.2011488757609,0.4994419642857143,0.6766431924882629,padcrypt
31.783771991729736,566,44973,79.45759717314488,17.807829736107955,1414.9673616996167,282,284,14469,30504,51.308510638297875,107.40845070422536,8.872452271347074,8.935377464760883,455.23231175220144,959.7350499474154,0.5017667844522968,0.6782736308451738,padcrypt
179.2022659778595,1673,136973,81.87268380155409,9.335819448882972,764.3485937667946,837,836,42976,93997,51.3452807646356,112.4366028708134,4.670699867731648,4.665119581151323,239.81839607602785,524.5301976907667,0.4997011356843993,0.6862447343637067,padcrypt
179.98331880569458,1783,141625,79.43073471676949,9.906473621174202,786.8784781821628,892,891,45857,95768,51.40919282511211,107.48372615039281,4.956014845814575,4.9504587753596265,254.78472285259977,532.0937553295631,0.4997195737521032,0.6762082965578111,padcrypt
60.71168804168701,734,58539,79.7534059945504,12.089929034686154,964.2130187486277,367,367,18855,39684,51.37602179836512,108.1307901907357,6.044964517343077,6.044964517343077,310.56622881336165,653.6467899352662,0.5,0.6779070363347512,padcrypt
179.28020191192627,1689,137774,81.57134399052694,9.421006792650441,768.48418582038,844,845,43234,94540,51.225118483412324,111.88165680473372,4.707714465954394,4.713292326696046,241.15323130458802,527.330954515792,0.5002960331557135,0.686196234412879,padcrypt
179.99696016311646,1789,142534,79.67244270542203,9.939056739507025,791.868928624312,895,894,46136,96398,51.54860335195531,107.82774049217002,4.972306194443146,4.96675054506388,256.3154397618201,535.5534888624919,0.49972051425377306,0.6763158263993152,padcrypt
60.59306597709656,713,56897,79.79943899018232,11.767022983611778,939.0018326768012,356,357,18325,38572,51.4747191011236,108.04481792717087,5.875259722532668,5.891763261079109,302.42734386351447,636.5744888132867,0.5007012622720898,0.6779267799708245,padcrypt
179.3840320110321,1694,138623,81.83175914994096,9.443426937219357,772.7722386765992,849,845,43509,95114,51.24734982332156,112.56094674556213,4.732862732998367,4.71056420422099,242.54667214372904,530.2255665328701,0.4988193624557261,0.6861343355720191,padcrypt
179.995050907135,1775,141295,79.60281690140845,9.861382249425164,784.9938055957907,888,887,45750,95545,51.520270270270274,107.71702367531003,4.933468978867349,4.927913270557815,254.17365516124016,530.8201504345506,0.49971830985915494,0.6762093492338724,padcrypt
60.66946005821228,715,57219,80.02657342657342,11.785171638481014,943.1269034716714,357,358,18428,38791,51.61904761904762,108.35474860335195,5.884344440472338,5.900827198008675,303.74425587961974,639.3826475920517,0.5006993006993007,0.677939146087838,padcrypt
179.31250596046448,1699,139079,81.85932901706886,9.475078109580389,775.6235364345679,849,850,43664,95415,51.429917550058896,112.25294117647059,4.734750626859182,4.740327482721207,243.50783435945738,532.1157020751106,0.5002942907592701,0.6860489362161074,padcrypt
179.91953587532043,1778,141875,79.7947131608549,9.882195345546622,788.546942997428,891,887,45923,95952,51.54096520763188,108.17587373167981,4.952213753027019,4.929981592519603,255.24187674552167,533.3050662519063,0.49887514060742405,0.6763136563876652,padcrypt
60.605973958969116,709,56230,79.30888575458393,11.698516725100408,927.7963264490775,354,355,18109,38121,51.155367231638415,107.3830985915493,5.841008350755352,5.8575083743450564,298.7989271859567,628.9973992631208,0.5007052186177715,0.6779477147430197,padcrypt
179.3151707649231,1709,140490,82.2059684025746,9.530705030197632,783.4808365666854,855,854,44159,96331,51.64795321637427,112.79976580796253,4.768140901590975,4.762564128606658,246.26471821445128,537.2161183522342,0.49970743124634287,0.6856786959925973,padcrypt
179.92063999176025,1803,143413,79.54132002218525,10.021084852091295,797.0903171896666,903,900,46388,97025,51.370985603543744,107.80555555555556,5.01887943507401,5.002205417017286,257.8247832051087,539.2655339845579,0.49916805324459235,0.6765425728490444,padcrypt
60.327800035476685,676,53263,78.7914201183432,11.205447564845194,882.8931266957834,339,337,17155,36108,50.6047197640118,107.1454005934718,5.6192998882877525,5.586147676557442,284.36309611674454,598.5300305790388,0.4985207100591716,0.6779190056887521,padcrypt
179.59349608421326,1761,144441,82.0221465076661,9.805477583521448,804.2663189332319,882,879,45445,98996,51.5249433106576,112.62343572241183,4.911090987317386,4.894386596204062,253.04368471500976,551.2226342182222,0.4991482112436116,0.6853732665932804,padcrypt
179.74805307388306,1806,142808,79.07419712070875,10.047396726225834,794.4898292795453,904,902,46178,96630,51.08185840707964,107.12860310421286,5.029261705707726,5.018135020518107,256.9040343431099,537.5857949364354,0.4994462901439646,0.6766427651111983,padcrypt
60.2420551776886,635,49926,78.6236220472441,10.540809043234306,828.7565862874267,317,318,16070,33856,50.694006309148264,106.46540880503144,5.262104671976811,5.278704371257494,266.757167440591,561.9994188468356,0.5007874015748032,0.6781236229619837,padcrypt
179.61325001716614,1841,146794,79.73601303639326,10.249800612282504,817.2782352413894,917,924,46198,100596,50.37949836423119,108.87012987012987,5.105413993190145,5.1443866190923595,257.2081959186459,560.0700393227435,0.5019011406844106,0.6852868645857461,padcrypt
179.75555515289307,1809,143739,79.45771144278606,10.063666730418067,799.6359271219252,907,902,46494,97245,51.26130099228225,107.81042128603104,5.045741141232276,5.017925589185792,258.6512553698494,540.9846717520758,0.4986180210060807,0.6765387264416756,padcrypt
31.61184000968933,585,46622,79.69572649572649,18.505724431753794,1474.8271529183341,292,293,15002,31620,51.37671232876713,107.91808873720136,9.237045357388219,9.268679074365576,474.5690220943084,1000.2581308240257,0.5008547008547009,0.6782205825575909,padcrypt
179.1233789920807,1679,135516,80.71232876712328,9.373427463503974,756.5511591091154,840,839,42551,92965,50.65595238095238,110.80452920143027,4.689505103837605,4.6839223596663695,237.55134723023087,518.9998118788844,0.4997022036926742,0.6860075563033148,padcrypt
179.9883451461792,1800,143136,79.52,10.000647533806221,795.2514918882707,900,900,46284,96852,51.42666666666667,107.61333333333333,5.000323766903111,5.000323766903111,257.1499835859373,538.1015083023334,0.5,0.6766431924882629,padcrypt
60.857094049453735,743,58559,78.814266487214,12.208929979407541,962.237860920762,370,373,18862,39697,50.97837837837838,106.42627345844504,6.0798170826121,6.129112896795442,309.93921570872817,652.2986452120339,0.5020188425302826,0.6778975050803463,padcrypt
179.1142270565033,1649,134513,81.57246816252274,9.206415520972588,750.9900369754915,825,824,42227,92286,51.18424242424243,111.99757281553399,4.605999275198535,4.600416245774052,235.75458350764671,515.2354534678449,0.4996967859308672,0.6860749518633886,padcrypt
179.97879099845886,1778,141803,79.75421822272216,9.878941791620463,787.8872794584682,889,889,45853,95950,51.57817772778403,107.9302587176603,4.939470895810231,4.939470895810231,254.76890774531668,533.1183717131515,0.5,0.676642948315621,padcrypt
60.7414870262146,757,60878,80.42007926023778,12.462651756834608,1002.2474420773809,378,379,19612,41266,51.883597883597886,108.88126649076517,6.2230942722370965,6.239557484597513,322.87652081247074,679.3709212649102,0.5006605019815059,0.677847498275239,padcrypt
179.2501449584961,1654,135388,81.85489721886336,9.227328660643316,755.3020391216307,828,826,42477,92911,51.30072463768116,112.48305084745763,4.619243126367996,4.60808553427532,236.970519660306,518.3315194613248,0.49939540507859737,0.6862572753862971,padcrypt
179.697331905365,1760,140554,79.86022727272727,9.794246699928069,782.1707674214147,881,879,45496,95058,51.64131668558456,108.1433447098976,4.902688262861721,4.891558437066348,253.1812771931406,528.9894902282741,0.4994318181818182,0.6763094611323762,padcrypt
60.62014198303223,771,61192,79.36705577172503,12.718544938674103,1009.4334654829387,386,385,19714,41478,51.07253886010363,107.73506493506494,6.367520552954868,6.351024385719234,325.20544088329603,684.2280245996426,0.4993514915693904,0.6778337037521245,padcrypt
179.26860404014587,1700,138505,81.4735294117647,9.482976727030783,772.6115832808227,851,849,43517,94988,51.13631022326675,111.88221436984688,4.747066585119527,4.735910141911256,242.74746954717565,529.8641137336471,0.49941176470588233,0.685809176564023,padcrypt
179.9921100139618,1771,141081,79.6617730095991,9.839320178326847,783.8176906146414,885,886,45573,95508,51.49491525423729,107.79683972911964,4.916882189621265,4.922437988705583,253.19443166961568,530.6232589450257,0.5002823263692829,0.6769728028579327,padcrypt
60.727863073349,721,57623,79.92094313453536,11.872639073914948,948.8725122832192,361,360,18606,39017,51.54016620498615,108.38055555555556,5.9445529898520055,5.928086084062942,306.38324911131974,642.4892631718994,0.49930651872399445,0.6771080991965014,padcrypt
179.25654292106628,1714,139296,81.26954492415402,9.56171513781085,777.0762379442825,857,857,43727,95569,51.02333722287048,111.51575262543757,4.780857568905425,4.780857568905425,243.93530795277425,533.1409299915083,0.5,0.6860857454628991,padcrypt
179.986407995224,1785,142618,79.89803921568627,9.917415541996736,792.3820558927117,893,892,46177,96441,51.70996640537514,108.1177130044843,4.9614857585451455,4.95592978345159,256.5582618951167,535.8237939975951,0.4997198879551821,0.676218990590248,padcrypt
60.53119897842407,695,55240,79.4820143884892,11.481682367595724,912.5872431453062,347,348,17789,37451,51.26512968299712,107.61781609195403,5.732580980655707,5.749101386940017,293.8815073915976,618.7057357537086,0.5007194244604316,0.6779688631426503,padcrypt
179.07091999053955,1724,141478,82.06380510440836,9.627470502140048,790.0668629360613,863,861,44479,96999,51.539976825028965,112.65853658536585,4.819319630711636,4.808150871428411,248.38762207928488,541.6792408567763,0.4994199535962877,0.6856118972561105,padcrypt
179.65610313415527,1791,143136,79.91959798994975,9.969046243102579,796.7221680919769,896,895,46284,96852,51.65625,108.2145251396648,4.9873062165381965,4.981740026564382,257.6255367480512,539.0966313439257,0.4997208263539922,0.6766431924882629,padcrypt
60.413727045059204,671,52571,78.34724292101342,11.106747304292927,870.1830291117489,335,336,16925,35646,50.52238805970149,106.08928571428571,5.545097387389166,5.561649916903761,280.1515620345123,590.0314670772365,0.5007451564828614,0.678054440661201,padcrypt
179.4031150341034,1766,144404,81.76896942242355,9.843753268522091,804.9135600156648,883,883,45447,98957,51.46885617214043,112.06908267270668,4.921876634261046,4.921876634261046,253.32336058580037,551.5901994298645,0.5,0.6852788011412426,padcrypt
179.60258984565735,1799,143462,79.74541411895497,10.016559346644067,798.7746731452203,900,899,46390,97072,51.544444444444444,107.97775305895439,5.011063597542891,5.0054957491011765,258.2924892111275,540.4821839340927,0.49972206781545303,0.6766391100082252,padcrypt
60.09213209152222,626,49261,78.69169329073482,10.417337149006165,819.7578998357711,313,313,15855,33406,50.65495207667732,106.72843450479233,5.208668574503083,5.208668574503083,263.8448570247488,555.9130428110224,0.5,0.6781429528430198,padcrypt
179.61010789871216,1788,147437,82.45917225950782,9.954896307997933,820.87250948674,895,893,46413,101024,51.85810055865922,113.12877939529675,4.983015769383753,4.9718805386141804,258.4097328540873,562.4627766326528,0.4994407158836689,0.6852011367567165,padcrypt
152.11738395690918,1793,142995,79.75181260457335,11.786950007685574,940.0306281924142,896,897,46178,96817,51.53794642857143,107.93422519509475,5.890188068536684,5.89676193914889,303.5681971304542,636.4624310619599,0.5002788622420524,0.6770656316654429,padcrypt
32.48125910758972,592,46763,78.99155405405405,18.225894446981908,1439.6917263922548,297,295,15108,31655,50.86868686868687,107.30508474576271,9.143734207354099,9.08216023962781,465.12975220439637,974.5619741878586,0.4983108108108108,0.6769240638966705,padcrypt
179.39848709106445,1819,148631,81.71028037383178,10.139438907735368,828.4963959843955,910,909,46732,101899,51.353846153846156,112.1001100110011,5.072506545376132,5.0669323623592355,260.4927207456235,568.003675238772,0.4997251236943375,0.6855837611265483,padcrypt
179.9932930469513,1692,129897,76.77127659574468,9.400350265043716,721.676890294553,845,847,42032,87865,49.74201183431953,103.73671782762692,4.694619369953866,4.705730895089851,233.51981225787088,488.15707803668215,0.5005910165484634,0.6764205485884971,padcrypt
59.8517689704895,732,58624,80.08743169398907,12.230214955900797,979.4865048835087,366,366,18929,39695,51.71857923497268,108.45628415300547,6.115107477950398,6.115107477950398,316.2646706287516,663.221834254757,0.5,0.6771117631004366,padcrypt
179.13244199752808,1663,135439,81.44257366205652,9.283633837933992,756.0830326974998,831,832,42479,92960,51.1179302045728,111.73076923076923,4.639025688107726,4.644608149826267,237.13739134191107,518.9456413555887,0.5003006614552015,0.6863606494436609,padcrypt
179.98848795890808,1822,142062,77.97036223929747,10.122869638284689,789.2838125982435,910,912,45923,96139,50.464835164835165,105.4155701754386,5.0558789082541535,5.066990730030536,255.14409571841261,534.1397168798308,0.5005488474204172,0.6767397333558587,padcrypt
60.900660037994385,748,59684,79.79144385026738,12.282297097163507,980.022219180624,374,374,19287,40397,51.56951871657754,108.01336898395722,6.141148548581754,6.141148548581754,316.6960750173697,663.3261441632543,0.5,0.6768480664834796,padcrypt
179.09073901176453,1666,136160,81.72869147659064,9.302546905513411,760.2849859872185,833,833,42766,93394,51.339735894357744,112.11764705882354,4.651273452756706,4.651273452756706,238.7951506369667,521.4898353502518,0.5,0.6859136310223267,padcrypt
179.9802839756012,1775,141428,79.67774647887325,9.862191351140583,785.7971822023156,888,887,45747,95681,51.516891891891895,107.87034949267193,4.9338737576410345,4.928317593499547,254.1778409806356,531.61934122168,0.49971830985915494,0.6765350567072999,padcrypt
60.82333588600159,745,59538,79.91677852348994,12.248588295063586,978.8677180020078,372,373,19178,40360,51.553763440860216,108.20375335120643,6.1160736184747035,6.132514676588882,315.3066125137308,663.5611054882769,0.5006711409395973,0.6778863918841748,padcrypt
179.16143798828125,1691,138030,81.62625665286812,9.438414979179875,770.4224834868114,847,844,43303,94727,51.125147579693035,112.23578199052133,4.727579826945804,4.710835152234071,241.69821634738386,528.7242671394275,0.4991129509166174,0.6862783452872564,padcrypt
179.91228699684143,1769,141291,79.87054833239118,9.832569134264059,785.3326882698152,885,884,45748,95543,51.69265536723164,108.08031674208145,4.919063699165456,4.913505435098602,254.27946453041955,531.0532237393957,0.49971735443753534,0.6762143377851385,padcrypt
60.66891884803772,727,57888,79.62585969738652,11.983071625538193,954.1623799988374,363,364,18645,39243,51.36363636363637,107.81043956043956,5.98329436048193,5.999777265056261,307.3237557883901,646.8386242104474,0.5006877579092159,0.6779125207296849,padcrypt
179.2989149093628,1719,140819,81.91913903432228,9.587341902593051,785.3867942881042,861,858,44266,96553,51.412311265969805,112.53263403263404,4.802036869187096,4.785305033405956,246.88381422931008,538.502980058794,0.49912739965095987,0.6856532144099873,padcrypt
179.96284294128418,1772,141475,79.83916478555305,9.84647703402943,786.1345024770393,887,885,45747,95728,51.574971815107105,108.16723163841807,4.928795219629856,4.917681814399574,254.20247453484444,531.9320279421948,0.4994356659142212,0.6766425163456441,padcrypt
60.50311899185181,691,54909,79.4630969609262,11.42089881503563,907.5399899201033,345,346,17682,37227,51.25217391304348,107.59248554913295,5.702185370748614,5.718713444287015,292.2493963060203,615.290593614083,0.5007235890014472,0.677976288040212,padcrypt
179.24814796447754,1736,141760,81.6589861751152,9.684897834169151,790.8589383478219,870,866,44584,97176,51.245977011494254,112.21247113163972,4.853606633483388,4.831291200685763,248.7278139623257,542.1311243854962,0.4988479262672811,0.6854966139954853,padcrypt
179.85927891731262,1794,143136,79.78595317725753,9.974464541386059,795.8221608672436,897,897,46284,96852,51.59866220735786,107.97324414715719,4.987232270693029,4.987232270693029,257.33451328512393,538.4876475821196,0.5,0.6766431924882629,padcrypt
60.58198881149292,660,52243,79.1560606060606,10.894327059048157,862.3520129482619,330,330,16819,35424,50.96666666666667,107.34545454545454,5.447163529524079,5.447163529524079,277.62376788807717,584.7282450601847,0.5,0.6780621327259154,padcrypt
179.3724820613861,1765,144803,82.0413597733711,9.839859379299716,807.275443456508,884,881,45555,99248,51.532805429864254,112.65380249716232,4.928292176374475,4.91156720292524,253.96872182662807,553.3067216298799,0.4991501416430595,0.6854001643612356,padcrypt
151.8349220752716,1789,142995,79.93012856344326,11.782533132352185,941.77938807194,895,894,46178,96817,51.59553072625698,108.29642058165548,5.894559616241032,5.8879735161111535,304.13293179751776,637.6464562744223,0.49972051425377306,0.6770656316654429,padcrypt
60.50433397293091,633,49402,78.04423380726698,10.46206045806898,816.503492495298,316,317,15961,33441,50.50949367088607,105.49211356466877,5.222766358214529,5.239294099854449,263.7992843147535,552.7042081805446,0.5007898894154819,0.676915914335452,padcrypt
151.6260049343109,1800,147595,81.99722222222222,11.871314559661556,973.4148180184707,902,898,46411,101184,51.45343680709534,112.67706013363029,5.948847629341513,5.922466930320042,306.0886555713625,667.3261624471082,0.4988888888888889,0.6855516785798977,padcrypt
152.11780500411987,1798,143462,79.78976640711902,11.819786644642315,943.0980153579955,900,898,46390,97072,51.544444444444444,108.09799554565701,5.916467174737533,5.903319469904782,304.96101359563795,638.1370017623575,0.4994438264738598,0.6766391100082252,padcrypt
31.760029077529907,581,46101,79.34767641996558,18.293434133253207,1451.541492215329,290,291,14894,31207,51.358620689655176,107.2405498281787,9.130974007992135,9.162460125261074,468.9542306035685,982.5872616117605,0.5008605851979346,0.6769267477928895,padcrypt
179.9261441230774,1781,144992,81.41044357102751,9.898505904632279,805.8417563865488,890,891,45555,99437,51.18539325842696,111.60157126823793,4.946474034319331,4.952031870312948,253.1872186892327,552.6545376973161,0.5002807411566536,0.6858102516000882,padcrypt
179.99659204483032,1793,142945,79.7239263803681,9.961299709238004,794.1539246720728,897,896,46284,96661,51.59866220735786,107.88058035714286,4.983427684989676,4.977872024248328,257.1382017525777,537.0157229194951,0.4997211377579476,0.6762111301549547,padcrypt
60.01347208023071,618,49257,79.70388349514563,10.297687812060085,820.7657096418181,309,309,15853,33404,51.3042071197411,108.10355987055016,5.148843906030042,5.148843906030042,264.1573541821821,556.6083554596361,0.5,0.6781574192500558,padcrypt
179.96084713935852,1830,149452,81.66775956284152,10.16887855936175,830.4695292096897,914,916,47058,102394,51.48577680525164,111.78384279475982,5.078882515440786,5.089996043920963,261.4902116100793,568.9793175996103,0.5005464480874317,0.6851296737414019,padcrypt
179.98993301391602,1763,140614,79.75836642087351,9.794992255837402,781.2325814306979,881,882,45422,95192,51.55732122587968,107.92743764172336,4.894718194777511,4.900274061059891,252.358558278302,528.8740231523959,0.5002836074872377,0.6769738432872972,padcrypt
59.98071813583374,594,47085,79.26767676767676,9.903182530339395,785.0022717862464,297,297,15212,31873,51.21885521885522,107.31649831649831,4.951591265169697,4.951591265169697,253.61483611367487,531.3874356725715,0.5,0.6769247106297123,padcrypt
178.51408791542053,1680,133200,79.28571428571429,9.411021951365425,746.1595975725444,841,839,41802,91398,49.705112960761,108.93682955899881,4.711112774463287,4.699909176902138,234.16639262558184,511.9932049469626,0.4994047619047619,0.6861711711711712,padcrypt
179.97865891456604,1832,145382,79.35698689956332,10.178984614334919,807.7735486906328,916,916,46964,98418,51.2707423580786,107.44323144104804,5.089492307167459,5.089492307167459,260.94204881420586,546.831499876427,0.5,0.6769613844905147,padcrypt
60.986501932144165,758,58612,77.3245382585752,12.428979790370315,961.0651233155473,379,379,18926,39686,49.93667546174142,104.71240105540898,6.2144898951851575,6.2144898951851575,310.3309650561327,650.7341582594147,0.5,0.6770968402374941,padcrypt
178.80482602119446,1679,135862,80.91840381179273,9.390126862688714,759.8340773190077,841,838,42662,93200,50.72770511296076,111.21718377088305,4.703452466659445,4.686674396029269,238.59534974152822,521.2387275774795,0.4991066110780226,0.6859901959341096,padcrypt
179.7134621143341,1809,143739,79.45771144278606,10.066023873320688,799.8232203025109,905,904,46494,97245,51.37458563535912,107.57190265486726,5.035794143369388,5.0302297299513,258.7118374605705,541.1113828419404,0.49972360420121614,0.6765387264416756,padcrypt
60.608689069747925,726,57545,79.26308539944904,11.978480497483222,949.4513226276473,363,363,18534,39011,51.05785123966942,107.46831955922865,5.989240248741611,5.989240248741611,305.79773765888984,643.6535849687575,0.5,0.6779216265531324,padcrypt
6.654285907745361,53,34461,650.2075471698113,7.964791524558603,5178.767560902151,27,26,7550,26911,279.6296296296296,1035.0384615384614,4.0575353049638165,3.907256219594786,1134.6070945361782,4044.1604663659728,0.49056603773584906,0.7809117553176054,padcrypt
179.140074968338,1690,139175,82.35207100591715,9.433958316131653,776.9060051169365,845,845,43734,95441,51.75621301775148,112.94792899408284,4.7169791580658265,4.7169791580658265,244.1329781051489,532.7730270117876,0.5,0.6857625291898689,padcrypt
179.55279088020325,1798,143136,79.60845383759732,10.013768046633242,797.1805912808097,899,899,46284,96852,51.483870967741936,107.73303670745273,5.006884023316621,5.006884023316621,257.77377100688153,539.4068202739281,0.5,0.6766431924882629,padcrypt
60.79272794723511,697,54903,78.77044476327116,11.465187096143463,903.1178868573379,348,349,17679,37224,50.80172413793103,106.65902578796562,5.724368880140495,5.7408182160029675,290.8078087126546,612.3100781446833,0.5007173601147776,0.6779957379378176,padcrypt
179.1587429046631,1725,142121,82.38898550724637,9.628332796005024,793.268571189003,864,861,44695,97426,51.730324074074076,113.15447154471545,4.822538861303386,4.805793934701638,249.4714981550403,543.7970730339626,0.4991304347826087,0.6855144559917253,padcrypt
151.8412139415741,1794,142995,79.70735785953177,11.814974033929289,941.7403634234776,897,897,46178,96817,51.48049052396878,107.93422519509475,5.9074870169646445,5.9074870169646445,304.12032939731705,637.6200340261605,0.5,0.6770656316654429,padcrypt
60.681135177612305,664,51996,78.30722891566265,10.942445260071143,856.8725658774987,332,332,16814,35182,50.644578313253014,105.96987951807229,5.471222630035571,5.471222630035571,277.08776295607856,579.78480292142,0.5,0.676628971459343,padcrypt
151.36943292617798,1761,145001,82.34014764338444,11.633788711217738,957.9278801336078,881,880,45558,99443,51.7116912599319,113.00340909090909,5.8201975324150075,5.8135911788027315,300.9722578680623,656.9556222655455,0.4997160704145372,0.6858090633857697,padcrypt
151.77108693122864,1796,143462,79.87861915367483,11.83361097501933,945.2525042863158,899,897,46390,97072,51.60177975528365,108.2185061315496,5.923394357763017,5.910216617256314,305.657691052977,639.5948132333388,0.4994432071269488,0.6766391100082252,padcrypt
60.21032214164734,619,48740,78.73990306946688,10.280629267250493,809.4957519964281,310,309,15747,32993,50.79677419354839,106.77346278317152,5.1486188575891,5.132010409661393,261.53322951759856,547.9625224788296,0.4991922455573506,0.676918342224046,padcrypt
151.8565230369568,1796,147958,82.38195991091314,11.826953258787006,974.3275892336346,900,896,46521,101437,51.69,113.2109375,5.926646955962307,5.900306302824697,306.34838115369166,667.9792080799429,0.49888641425389757,0.685579691534084,padcrypt
152.0347719192505,1792,143136,79.875,11.78677731007336,941.4688376421096,896,896,46284,96852,51.65625,108.09375,5.89338865503668,5.89338865503668,304.4303577117385,637.0384799303711,0.5,0.6766431924882629,padcrypt
31.93520498275757,622,46101,74.11736334405144,19.476937766199708,1443.5792732469015,308,314,14894,31207,48.357142857142854,99.38535031847134,9.644528668793425,9.832409097406284,466.3818506266535,977.1974226202481,0.5048231511254019,0.6769267477928895,padcrypt
179.6751000881195,1780,144268,81.04943820224719,9.906770604980991,802.9381919322459,890,890,45336,98932,50.93932584269663,111.15955056179776,4.953385302490496,4.953385302490496,252.32210794798777,550.6160839842581,0.5,0.6857515180081515,padcrypt
179.99255204200745,1797,142941,79.54424040066777,9.983746436244807,794.1495266239672,899,898,46284,96657,51.483870967741936,107.6358574610245,4.994651110842561,4.989095325402247,257.1439733195073,537.0055533044599,0.4997217584863662,0.6762020693852708,padcrypt
60.07482194900513,629,49934,79.38632750397456,10.470276558354687,831.1968039187328,314,315,16070,33864,51.17834394904459,107.5047619047619,5.226815324838428,5.243461233516258,267.4997524527183,563.6970514660145,0.5007949125596184,0.6781751912524533,padcrypt
179.89969897270203,1770,144132,81.43050847457627,9.838815796287573,801.1797730793901,885,885,45340,98792,51.23163841807909,111.62937853107344,4.9194078981437865,4.9194078981437865,252.02932666874494,549.1504464106451,0.5,0.6854272472455805,padcrypt
179.99289989471436,1817,145125,79.87066593285635,10.094842635808646,806.2818038094275,909,908,46925,98200,51.62266226622662,108.14977973568281,5.050199205255949,5.044643430552697,260.70472795009397,545.5770758593335,0.49972482113373695,0.6766580534022395,padcrypt
59.77640891075134,602,47940,79.63455149501661,10.070862585586413,801.9886251711174,301,301,15428,32512,51.25581395348837,108.01328903654485,5.035431292793207,5.035431292793207,258.09512951898205,543.8934956521354,0.5,0.6781810596579058,padcrypt
179.2040569782257,1698,137950,81.24263839811543,9.475231915125205,769.7928402187998,852,846,43298,94652,50.81924882629108,111.88179669030733,4.754356649992152,4.720875265133053,241.6128336048829,528.1800066139169,0.49823321554770317,0.6861326567596956,padcrypt
179.99262809753418,1772,141478,79.84085778781038,9.844847640314418,786.0210803930041,887,885,45748,95730,51.576099210822996,108.16949152542372,4.927979603249938,4.91686803706448,254.16596492613093,531.8551154668731,0.4994356659142212,0.6766423048106419,padcrypt
60.7988440990448,718,57695,80.35515320334262,11.809435041731005,948.9489620232177,360,358,18644,39051,51.78888888888889,109.08100558659218,5.921165201982119,5.888269839748886,306.6505667382073,642.2983952850104,0.4986072423398329,0.6768524135540341,padcrypt
179.18300890922546,1732,138361,79.885103926097,9.66609507532846,772.1770096521485,867,865,43410,94951,50.069204152249135,109.76994219653179,4.838628423966383,4.827466651362077,242.2662743764483,529.9107352757002,0.49942263279445726,0.6862555199803413,padcrypt
179.99149584770203,1786,143136,80.14333706606944,9.922691022642569,795.2375712301045,895,891,46284,96852,51.71396648044693,108.7003367003367,4.97245714740487,4.950233875237698,257.1454822463542,538.0920889837503,0.4988801791713326,0.6766431924882629,padcrypt
60.73752999305725,695,55703,80.14820143884891,11.442678029209349,917.1100636849616,348,347,17999,37704,51.72126436781609,108.657060518732,5.729571157071731,5.713106872137617,296.34066452912094,620.7693991558407,0.49928057553956834,0.6768755722312981,padcrypt
179.24603700637817,1675,139153,83.07641791044776,9.344697534040309,776.3239975846633,841,834,43734,95419,52.00237812128419,114.41127098321343,4.691875000673373,4.652822533366936,243.98865788281722,532.3353397018461,0.49791044776119403,0.6857128484473924,padcrypt
151.88276195526123,1801,143598,79.73237090505275,11.857830189646569,945.4529148100322,902,899,46388,97210,51.427937915742795,108.13125695216908,5.938791133293284,5.919039056353284,305.41978169757084,640.0331331124614,0.4991671293725708,0.6769592891265895,padcrypt
60.52285313606262,691,54382,78.70043415340086,11.417174904933006,898.5366218235408,345,346,17571,36811,50.93043478260869,106.39017341040463,5.700326110277694,5.716848794655311,290.3200871990996,608.2165346244411,0.5007235890014472,0.6768967673127138,padcrypt
151.30349683761597,1732,142338,82.18129330254041,11.447190819778879,940.7449462503961,867,865,44697,97641,51.55363321799308,112.87976878612717,5.730204642464369,5.716986177314509,295.41286840164923,645.3320778487467,0.49942263279445726,0.6859798507777263,padcrypt
151.81918215751648,1791,143136,79.91959798994975,11.79692825733832,942.8057638427571,897,894,46284,96852,51.59866220735786,108.33557046979865,5.9083443030890415,5.888583954249279,304.86266189985867,637.9431019428985,0.4991624790619765,0.6766431924882629,padcrypt
60.37380909919739,662,51714,78.1178247734139,10.965019598354292,856.5634796212897,331,331,16709,35005,50.48036253776435,105.75528700906344,5.482509799177146,5.482509799177146,276.75908227930796,579.8043973419818,0.5,0.6768960049503036,padcrypt
151.50312304496765,1759,145332,82.62194428652643,11.610321719096913,959.267354223873,882,877,45665,99667,51.77437641723356,113.64538198403649,5.821662169552858,5.788659549544055,301.41292854039824,657.8544256834747,0.4985787379192723,0.6857884017284562,padcrypt
151.8489978313446,1797,143413,79.80690038953811,11.834124858669723,944.4448237932114,900,897,46388,97025,51.54222222222222,108.16610925306577,5.926940663774485,5.907184194895237,305.48769279018984,638.9571310030216,0.4991652754590985,0.6765425728490444,padcrypt
60.42766308784485,607,48409,79.7512355848435,10.045068251565388,801.1066045964232,304,303,15640,32769,51.44736842105263,108.14851485148515,5.030808481838349,5.014259769727039,258.82185742089405,542.2847471755292,0.49917627677100496,0.6769195810696358,padcrypt
151.62723112106323,1803,148615,82.42651136993899,11.891003922378802,980.1339700079454,902,901,46734,101881,51.811529933481154,113.0754716981132,5.948799521899988,5.942204400478813,308.2164044971996,671.9175655107458,0.4997226844148641,0.6855364532516907,padcrypt
152.1256799697876,1793,143136,79.83045175683212,11.786307218847552,940.9062298254117,897,896,46284,96852,51.59866220735786,108.09375,5.896440365480342,5.889866853367209,304.2484346442499,636.6577951811618,0.4997211377579476,0.6766431924882629,padcrypt
31.990571975708008,571,45442,79.5831873905429,17.849008777760773,1420.4810102959807,285,286,14681,30761,51.512280701754385,107.55594405594405,8.908874783996183,8.94013399376459,458.9164586099928,961.5645516859879,0.500875656742557,0.6769288323577307,padcrypt
179.65091800689697,1778,145629,81.9060742407199,9.896971413926986,810.6220753873863,889,889,45768,99861,51.48256467941507,112.32958380202474,4.948485706963493,4.948485706963493,254.76073547390902,555.8613399134773,0.5,0.685721937251509,padcrypt
179.9896800518036,1788,142277,79.57326621923937,9.933902874239168,790.4730980079005,895,893,46068,96209,51.47262569832402,107.73684210526316,4.972507311210322,4.961395563028846,255.9480076121085,534.5250903957921,0.4994407158836689,0.676209085094569,padcrypt
60.06005096435547,620,49215,79.37903225806451,10.323001563351296,819.4298740973129,310,310,15854,33361,51.14193548387097,107.61612903225806,5.161500781675648,5.161500781675648,263.96913997640553,555.4607341209074,0.5,0.6778624403129128,padcrypt
179.92049312591553,1745,142471,81.64527220630373,9.698728419884773,791.8553218965063,873,872,44800,97671,51.31729667812142,112.00802752293578,4.852143215220291,4.846585204664483,248.99887290019362,542.8564489963128,0.4997134670487106,0.685550041762885,padcrypt
179.9984700679779,1845,147379,79.88021680216802,10.250087121869539,818.7791815360492,922,923,47610,99769,51.63774403470716,108.09209100758396,5.122265759546729,5.12782136232281,264.50224816921883,554.2769333668303,0.5002710027100271,0.6769553328493204,padcrypt
60.0475549697876,593,47352,79.85160202360876,9.875506176702162,788.5749890037113,297,296,15284,32068,51.46127946127946,108.33783783783784,4.946079822058249,4.929426354643912,254.53159596073496,534.0433930429763,0.4991568296795953,0.6772258827504646,padcrypt
179.94397115707397,1779,142702,80.21472737492974,9.886410689731317,793.0357381933886,892,887,44840,97862,50.26905829596413,110.32919954904172,4.957098558313848,4.929312131417469,249.18867640671854,543.8470617866701,0.4985947161326588,0.6857787557287214,padcrypt
179.99439907073975,1890,149868,79.29523809523809,10.500326731040166,832.6259082156232,944,946,48496,101372,51.3728813559322,107.15856236786469,5.244607637090962,5.255719093949206,269.4306058986899,563.1953023169333,0.5005291005291005,0.6764085728774655,padcrypt
59.83647894859314,563,44621,79.25577264653641,9.408976094393621,745.7156701739569,281,282,14355,30266,51.08540925266904,107.32624113475177,4.6961319405410435,4.712844153852577,239.90382208707004,505.8118480868869,0.5008880994671403,0.6782904910244055,padcrypt
179.14628505706787,1763,139775,79.28247305728871,9.841119504311173,780.2282919541091,881,882,43942,95833,49.877412031782065,108.65419501133786,4.917768736981364,4.9233507673298105,245.28557757143597,534.9427143826731,0.5002836074872377,0.6856233231979968,padcrypt
179.98658204078674,1790,143133,79.96256983240224,9.945185800541333,795.2426140720014,897,893,46283,96850,51.59754738015607,108.45464725643897,4.983704839712612,4.9614809608287205,257.14694659578464,538.0956674762168,0.4988826815642458,0.6766434015915268,padcrypt
60.74629306793213,677,54241,80.11964549483014,11.144712966154428,892.9104519899295,338,339,17466,36775,51.67455621301775,108.48082595870207,5.564125528153909,5.580587438000518,287.52371738087623,605.3867346090533,0.5007385524372231,0.6779926623771686,padcrypt
179.04688382148743,1701,139812,82.19400352733686,9.500304968702633,780.86810010832,852,849,43947,95865,51.58098591549296,112.91519434628975,4.758530178327245,4.741774790375388,245.4496781067458,535.4184220015743,0.4991181657848324,0.6856707578748605,padcrypt
179.8576340675354,1794,143136,79.78595317725753,9.974555760732205,795.829438889724,897,897,46284,96852,51.59866220735786,107.97324414715719,4.987277880366102,4.987277880366102,257.3368666832382,538.4925722064858,0.5,0.6766431924882629,padcrypt
60.42906212806702,687,54241,78.95342066957788,11.368702008713031,897.5979121609948,343,344,17465,36776,50.91836734693877,106.90697674418605,5.676076839866913,5.692625168846117,289.0165656217949,608.5813465392,0.5007278020378457,0.6780110986154385,padcrypt
179.28243207931519,1753,143082,81.62122076440387,9.777868247706873,798.0815428513375,877,876,45013,98069,51.326111744583805,111.95091324200914,4.891723019531619,4.886145228175254,251.07312232403277,547.0084205273048,0.4997147746719909,0.685404173830391,padcrypt
151.73641991615295,1785,142995,80.10924369747899,11.763820452508117,942.3907594433603,893,892,46178,96817,51.711086226203804,108.53923766816143,5.885205414055881,5.878615038452235,304.33036462516515,638.0603948181952,0.4997198879551821,0.6770656316654429,padcrypt
60.61899399757385,655,51057,77.94961832061068,10.805194161193354,842.2607607451131,327,328,16496,34561,50.44648318042813,105.3689024390244,5.394348840778973,5.410845320414382,272.1259280657184,570.1348326793947,0.500763358778626,0.6769101200618917,padcrypt
151.52479481697083,1772,145641,82.19018058690745,11.694455697105061,961.1694256106537,887,885,45772,99869,51.60315670800451,112.84632768361583,5.853827428517037,5.840628268588024,302.07597413537974,659.0934514752739,0.4994356659142212,0.68572036720429,padcrypt
152.18631196022034,1801,143462,79.65685730149917,11.83417862488684,942.6734780030627,901,900,46390,97072,51.48723640399556,107.85777777777778,5.9203747590355595,5.91380386585128,304.8237348187121,637.8497431843506,0.4997223764575236,0.6766391100082252,padcrypt
60.31942701339722,607,48081,79.21087314662273,10.06309293795484,797.106378171016,303,304,15534,32547,51.26732673267327,107.0625,5.023257265568891,5.03983567238595,257.5289714961952,539.5774066748207,0.500823723228995,0.6769201971672802,padcrypt
151.84144401550293,1800,148617,82.565,11.854471035037186,978.7644010078453,901,899,46734,101883,51.86903440621531,113.32925472747498,5.933821334760281,5.920649700276906,307.7815829730155,670.9828180348298,0.49944444444444447,0.6855406851167767,padcrypt
152.0378119945526,1799,143413,79.71817676486937,11.832582805548771,943.2719276776909,900,899,46388,97025,51.54222222222222,107.92547274749722,5.919580058362365,5.913002747186407,305.1083108303482,638.1636168473427,0.49972206781545303,0.6765425728490444,padcrypt
31.876221895217896,569,45114,79.28646748681898,17.850296119483406,1415.2869229075122,284,285,14575,30539,51.320422535211264,107.15438596491228,8.909462386525988,8.940833732957419,457.2373742380855,958.0495486694266,0.5008787346221442,0.676929556235315,padcrypt
179.74018692970276,1774,145450,81.98985343855693,9.869801685995908,809.2235937024267,888,886,45764,99686,51.53603603603604,112.51241534988714,4.940464429066723,4.929337256929185,254.61195285113683,554.6116408512898,0.49943630214205187,0.685362667583362,padcrypt
179.99259495735168,1801,143657,79.76513048306497,10.00596719229887,798.1272787029866,900,901,46392,97265,51.54666666666667,107.95227524972253,5.000205704091607,5.005761488207264,257.74393669357534,540.3833420094112,0.5002776235424764,0.6770641180032996,padcrypt
60.08621096611023,606,48087,79.35148514851485,10.085508642603468,800.3000892687672,303,303,15536,32551,51.273927392739274,107.42904290429043,5.042754321301734,5.042754321301734,258.56181892984733,541.73827033892,0.5,0.6769189177948302,padcrypt
6.551386117935181,54,34483,638.574074074074,8.24253051612524,5263.466292361975,27,27,7550,26933,279.6296296296296,997.5185185185185,4.12126525806262,4.12126525806262,1152.4278777175105,4111.038414644465,0.5,0.7810515326392715,padcrypt
179.90098190307617,1782,145320,81.54882154882155,9.905448992824697,807.7776922768154,892,890,45661,99659,51.18946188340807,111.97640449438202,4.9582831097641025,4.947165883060595,253.81184425441555,553.9658480223999,0.4994388327721661,0.6857899807321772,padcrypt
179.98339200019836,1779,141551,79.56773468240584,9.884245319690605,786.4670091329538,891,888,45848,95703,51.45679012345679,107.77364864864865,4.950456762138464,4.933788557552139,254.73461462460642,531.7323945083473,0.4991568296795953,0.6761026061278267,padcrypt
59.93633413314819,631,50272,79.67036450079239,10.527837731921299,838.7566695073654,315,316,16181,34091,51.36825396825397,107.88291139240506,5.255576680753105,5.272261051168194,269.9697976865587,568.7868718208066,0.5007923930269413,0.6781309675366008,padcrypt
178.81561017036438,1636,134195,82.02628361858191,9.149089380067663,750.4658003411859,819,817,42123,92072,51.43223443223443,112.6952264381885,4.580137042955633,4.56895233711203,235.56668212505514,514.8991182161308,0.4993887530562347,0.6861060397183204,padcrypt
179.758367061615,1794,143136,79.78595317725753,9.98006395655051,796.2689155433744,897,897,46284,96852,51.59866220735786,107.97324414715719,4.990031978275255,4.990031978275255,257.47897445093855,538.7899410924358,0.5,0.6766431924882629,padcrypt
61.89874196052551,767,59860,78.04432855280312,12.391204985864437,967.0632730819364,384,383,19283,40577,50.216145833333336,105.94516971279373,6.203680201527958,6.187524784336479,311.5249097032907,655.5383633786457,0.49934810951760106,0.6778650183762112,padcrypt
179.0445680618286,1837,149803,81.54763200870985,10.260015257014876,836.6799485827978,919,918,47185,102618,51.34385201305767,111.7843137254902,5.132800229285069,5.127215027729807,263.53773538500104,573.1422131977968,0.49972781709308656,0.6850196591523534,padcrypt
179.98533701896667,1869,144650,77.39432851792402,10.384179239017936,803.6765794135604,934,935,46714,97936,50.014989293361886,104.74438502673797,5.1893116154321834,5.194867623585751,259.54336488575916,544.1332145278012,0.5002675227394329,0.6770549602488766,padcrypt
59.85805010795593,544,42791,78.65992647058823,9.088167740494026,714.874606219632,272,272,13823,28968,50.81985294117647,106.5,4.544083870247013,4.544083870247013,230.9296740383252,483.94493218130685,0.5,0.676964782314038,padcrypt
179.098002910614,1721,141096,81.98489250435793,9.609264045556854,787.8144798209703,862,859,44370,96726,51.47331786542924,112.60302677532015,4.813007325549104,4.79625672000775,247.74145595662847,540.0730238643418,0.4991284137129576,0.6855332539547542,padcrypt
179.75951099395752,1800,143136,79.52,10.013378374513412,796.2638483413065,900,900,46284,96852,51.42666666666667,107.61333333333333,5.006689187256706,5.006689187256706,257.47733593665487,538.7865124046516,0.5,0.6766431924882629,padcrypt
60.454668045043945,671,52911,78.85394932935917,11.09922561314946,875.217774094413,335,336,17035,35876,50.850746268656714,106.77380952380952,5.541342146654351,5.5578834664951104,281.7813834873339,593.436390607079,0.5007451564828614,0.6780442630076922,padcrypt
179.2658200263977,1749,143809,82.22355631789594,9.756461101968306,802.210928881052,876,873,45233,98576,51.635844748858446,112.9163802978236,4.886598013335755,4.86986308863255,252.32361636668517,549.8873125143668,0.49914236706689535,0.6854647483815338,padcrypt
152.18769478797913,1794,143321,79.88907469342251,11.788075261270748,941.738425039345,897,897,46284,97037,51.59866220735786,108.17948717948718,5.894037630635374,5.894037630635374,304.1244567406105,637.6139682987344,0.5,0.6770605842828337,padcrypt
60.62108492851257,643,50067,77.8646967340591,10.606870542786522,825.9007581114973,321,322,16176,33891,50.39252336448598,105.25155279503106,5.295187316072276,5.311683226714246,266.837850544502,559.0629075669954,0.5007776049766719,0.6769129366648691,padcrypt
152.64578199386597,1804,146930,81.44678492239468,11.818210607827298,962.5552575432732,902,902,46196,100734,51.21507760532151,111.67849223946784,5.909105303913649,5.909105303913649,302.6352867179545,659.9199708253187,0.5,0.6855917783978766,padcrypt
152.14125514030457,1796,143136,79.69710467706014,11.804819135636354,940.8099063465729,899,897,46284,96852,51.483870967741936,107.97324414715719,5.908982406980558,5.895836728655795,304.2172877916442,636.5926185549288,0.4994432071269488,0.6766431924882629,padcrypt
31.74923014640808,595,47094,79.14957983193277,18.740611890626102,1483.3115569363792,297,298,15215,31879,51.22895622895623,106.97651006711409,9.354557531959584,9.386054358666518,479.22421834601033,1004.087338590369,0.5008403361344538,0.6769227502441925,padcrypt
179.99310111999512,1805,145964,80.86648199445983,10.02816212826218,810.9421921826375,903,902,45877,100087,50.80509413067553,110.96119733924613,5.016858948377146,5.011303179885034,254.88199111262273,556.0602010700148,0.4997229916897507,0.6856964731029569,padcrypt
179.98572301864624,1805,143609,79.5617728531856,10.028573209737335,797.8910637546642,903,902,46498,97111,51.49280177187154,107.66186252771618,5.017064602987708,5.011508606749627,258.34271307831943,539.5483506763447,0.4997229916897507,0.6762180643274447,padcrypt
60.04947590827942,599,47611,79.48414023372287,9.975107874628627,792.862873153495,299,300,15321,32290,51.240802675585286,107.63333333333334,4.979227469973221,4.995880404655406,255.13961226575157,537.7232608877434,0.5008347245409015,0.678204616580202,padcrypt
179.94025492668152,1795,147048,81.9208913649025,9.975533272037381,817.2045774855449,898,897,46234,100814,51.48552338530067,112.3901895206243,4.990545336094468,4.984987935942915,256.9408386068949,560.26373887865,0.49972144846796657,0.6855856591045101,padcrypt
179.9973919391632,1774,140754,79.34272829763246,9.855698357005023,781.9779969232723,888,886,45529,95225,51.2713963963964,107.47742663656885,4.9334048145549385,4.922293542450085,252.9425538309367,529.0354430923355,0.49943630214205187,0.6765349474970516,padcrypt
60.131179094314575,620,49338,79.57741935483871,10.31079066365125,820.5061125213313,310,310,15926,33412,51.3741935483871,107.78064516129032,5.155395331825625,5.155395331825625,264.854277595661,555.6518349256703,0.5,0.6772062102233573,padcrypt
179.8530080318451,1810,147781,81.64696132596686,10.063773855144632,821.67655474427,905,905,46517,101264,51.4,111.8939226519337,5.031886927572316,5.031886927572316,258.638988077217,563.037566667053,0.5,0.6852301716729485,padcrypt
179.9823498725891,1776,141811,79.84853603603604,9.86763425000976,787.9161490023278,888,888,45857,95954,51.640765765765764,108.05630630630631,4.93381712500488,4.93381712500488,254.78609448350088,533.1300545188268,0.5,0.6766329833369766,padcrypt
59.967249155044556,601,47610,79.2179700499168,10.022137224372626,793.9333664765071,300,301,15320,32290,51.06666666666667,107.27574750830564,5.002730727640246,5.019406496732381,255.47278249149525,538.4605839850119,0.5008319467554077,0.6782188615837009,padcrypt
179.02133178710938,1657,135514,81.78273989136994,9.2558801985145,756.971242740793,828,829,42550,92964,51.388888888888886,112.13992762364295,4.625147136010867,4.630733062503633,237.68117226722507,519.2900704735679,0.5003017501508751,0.6860103015186623,padcrypt
179.64590716362,1793,143085,79.80200780814278,9.98074505736972,796.4834949993009,897,896,46282,96803,51.59643255295429,108.0390625,4.9931557816289125,4.987589275740809,257.62902551320997,538.8544694860909,0.4997211377579476,0.6765419156445469,padcrypt
60.84374785423279,741,58547,79.01079622132254,12.17873694722522,962.2517031703035,370,371,18858,39689,50.96756756756757,106.97843665768194,6.08115070239316,6.09758624483206,309.94145931278433,652.3102438575191,0.5006747638326585,0.6778998069926726,padcrypt
179.01590013504028,1688,138173,81.85604265402844,9.429330013293013,771.8476397670233,843,845,43410,94763,51.494661921708186,112.14556213017751,4.709078910667067,4.720251102625945,242.49242646744648,529.3552132995769,0.5005924170616114,0.6858286351168462,padcrypt
179.7622730731964,1812,143462,79.17328918322296,10.079979347291529,798.0651198240272,907,905,46390,97072,51.146637265711135,107.26187845303868,5.045552576155307,5.034426771136221,258.06304741768986,540.0020724063373,0.49944812362030905,0.6766391100082252,padcrypt
60.65088605880737,705,55568,78.81985815602837,11.623902729408254,916.1943643514295,352,353,17895,37673,50.83806818181818,106.72237960339943,5.803707462059156,5.820195267349097,295.04927566349033,621.1450886879392,0.500709219858156,0.6779621364814281,padcrypt
179.10713815689087,1716,141152,82.25641025641026,9.58085767914426,788.086959863969,859,857,44373,96779,51.656577415599536,112.92765460910152,4.796012089967903,4.784845589176359,247.74556981157826,540.3413900523907,0.4994172494172494,0.6856367603717978,padcrypt
179.76076292991638,1838,143136,77.8759521218716,10.224700707999242,796.2583027966157,918,920,46284,96852,50.41830065359477,105.27391304347826,5.106787404756966,5.1179133032422754,257.4755427470277,538.782760049588,0.500544069640914,0.6766431924882629,padcrypt
60.51542901992798,677,52846,78.05908419497784,11.187229620020725,873.2648988177477,339,338,17029,35817,50.233038348082594,105.96745562130178,5.601877165712002,5.5853524543087225,281.3993104864592,591.8655883312884,0.49926144756277696,0.6777617984331832,padcrypt
151.02584600448608,1757,144336,82.14911781445646,11.63377028821815,955.7039660331559,881,876,45343,98993,51.467650397275825,113.00570776255708,5.833438602117353,5.8003316861007965,300.2333785877493,655.4705874454065,0.4985771200910643,0.6858510697261945,padcrypt
152.07925987243652,1789,143136,80.00894354387927,11.763602752279345,941.1934284797408,895,894,46284,96852,51.71396648044693,108.33557046979865,5.88508913543321,5.878513616846134,304.34130228423544,636.8521261955053,0.49972051425377306,0.6766431924882629,padcrypt
60.5269570350647,637,49736,78.0784929356358,10.524236327145454,821.7165117219879,318,319,16069,33667,50.5314465408805,105.53918495297806,5.253857381526302,5.270378945619152,265.48501340800675,556.2314983139812,0.5007849293563579,0.6769141064822262,padcrypt
173.35590505599976,1793,147310,82.15839375348578,10.342883903613211,849.7547282996443,896,897,46305,101005,51.6796875,112.60312151616499,5.168557712011956,5.1743261916012555,267.1094473824929,582.6452809171514,0.5002788622420524,0.6856628877876587,padcrypt
151.7412450313568,1794,143136,79.78595317725753,11.822757877261887,943.2900064212695,898,896,46284,96852,51.54120267260579,108.09375,5.917969104671781,5.9047887725901065,305.0192450341077,638.2707613871619,0.49944258639910816,0.6766431924882629,padcrypt
31.89775013923645,589,46763,79.39388794567063,18.46525217073191,1466.0281617316407,294,295,15108,31655,51.38775510204081,107.30508474576271,9.216950998633585,9.248301172098326,473.63842070529324,992.3897410263475,0.5008488964346349,0.6769240638966705,padcrypt
179.88072109222412,1784,145266,81.42713004484305,9.917683168978128,807.5684771439331,892,892,45658,99608,51.18609865470852,111.66816143497758,4.958841584489064,4.958841584489064,253.82375455672832,553.7447225872048,0.5,0.6856938306279515,padcrypt
179.99232578277588,1799,143277,79.6425792106726,9.994870571154944,796.0172711636282,900,899,46390,96887,51.544444444444444,107.77196885428253,5.000213181789578,4.994657389365367,257.7332105591317,538.2840606044964,0.49972206781545303,0.6762215847623834,padcrypt
60.1309449672699,614,48609,79.16775244299674,10.211048576306403,808.3857658724397,307,307,15645,32964,50.960912052117266,107.37459283387622,5.105524288153202,5.105524288153202,260.18217422852393,548.2035916439158,0.5,0.6781460223415416,padcrypt
179.84939217567444,1807,147446,81.59712230215827,10.04729556291715,819.8304048532827,903,904,46410,101036,51.395348837209305,111.76548672566372,5.0208676775396714,5.026427885377478,258.0492457526203,561.7811591006624,0.5002767017155506,0.6852406982895433,padcrypt
179.9915771484375,1808,144314,79.81969026548673,10.04491448235357,801.781962724764,904,904,46603,97711,51.551991150442475,108.08738938053098,5.022457241176785,5.022457241176785,258.9176712506214,542.8642914741426,0.5,0.6770722175256731,padcrypt
59.835134983062744,571,45439,79.57793345008757,9.542888140247872,759.403317346275,286,285,14680,30759,51.32867132867133,107.92631578947369,4.779800364467411,4.763087775780462,245.34080192441112,514.0625154218638,0.4991243432574431,0.6769295098923832,padcrypt
179.08798503875732,1634,133137,81.47919216646267,9.124006837456895,743.4167064372697,818,816,41796,91341,51.095354523227385,111.9375,4.5675872662421915,4.556419571214704,233.38249068442374,510.03421575284597,0.49938800489596086,0.6860677347394037,padcrypt
179.74590802192688,1800,142808,79.33777777777777,10.014136175942438,794.4993105633265,900,900,46178,96630,51.30888888888889,107.36666666666666,5.007068087971219,5.007068087971219,256.9071001848166,537.5922103785099,0.5,0.6766427651111983,padcrypt
60.95765805244446,769,61189,79.56957087126138,12.615314048620384,1003.7951252549188,384,385,19713,41476,51.3359375,107.72987012987014,6.2994546094541315,6.3158594391662515,323.3884081150242,680.4067171398947,0.5006501950585176,0.6778342512543104,padcrypt
179.9767439365387,1850,151435,81.85675675675675,10.279105841876579,841.4142665754484,926,924,47699,103736,51.51079913606912,112.26839826839827,5.145109194366331,5.133996647510248,265.02868624414646,576.385580331302,0.49945945945945946,0.685019975567075,padcrypt
179.99219012260437,1756,139498,79.44077448747153,9.755978849992738,775.0225157268148,880,876,45111,94387,51.2625,107.74771689497717,4.889101018219595,4.8668778317731425,250.62754094648201,524.3949747803329,0.4988610478359909,0.6766190196275216,padcrypt
59.908445835113525,585,46282,79.11452991452991,9.76490028818474,772.5454959619934,292,293,14892,31390,51.0,107.13310580204778,4.87410407546999,4.890796212714751,248.5793078489695,523.9661881130239,0.5008547008547009,0.6782334384858044,padcrypt
151.11239385604858,1689,139034,82.31734754292481,11.177111002615451,920.0701309281447,846,843,43628,95406,51.56973995271868,113.17437722419929,5.598481887633316,5.578629114982134,288.7122550752557,631.357875852889,0.4991119005328597,0.6862062517082153,padcrypt
179.75114798545837,1854,143554,77.42934196332254,10.31425957930453,798.6263320644457,928,926,46494,97060,50.10129310344828,104.81641468682506,5.162693036458793,5.151566542845735,258.6575970227534,539.9687350416923,0.4994606256742179,0.6761218774816445,padcrypt
60.69729685783386,691,54575,78.97973950795948,11.384362002454093,899.1339454181361,345,346,17573,37002,50.93623188405797,106.94219653179191,5.683943402093577,5.700418600360515,289.5186591448998,609.6152862732364,0.5007235890014472,0.6780027485112231,padcrypt
179.0571780204773,1735,142449,82.10317002881844,9.689642265006446,795.5503464022497,869,866,44801,97648,51.554660529344076,112.75750577367205,4.853198344836081,4.836443920170364,250.20499314959872,545.345353252651,0.49913544668587895,0.6854944576655505,padcrypt
179.40732216835022,1795,143136,79.74150417827298,10.005165777546292,797.8269686545216,899,896,46284,96852,51.483870967741936,108.09375,5.010943751539898,4.994222026006395,257.98278153089285,539.8441871236287,0.4991643454038997,0.6766431924882629,padcrypt
60.62583684921265,658,51578,78.38601823708207,10.853458429556433,850.7593903946226,328,330,16604,34974,50.6219512195122,105.98181818181818,5.410234597104118,5.443223832452314,273.8766318607219,576.8827585339008,0.5015197568389058,0.6780798014657412,padcrypt
151.4489290714264,1804,144979,80.36529933481152,11.91160618342304,957.2797964891845,902,902,45558,99421,50.507760532150776,110.22283813747228,5.95580309171152,5.95580309171152,300.8142763328087,656.4655201563759,0.5,0.6857613861317846,padcrypt
152.13657402992249,1802,143739,79.76637069922309,11.844620608096378,944.8023982170728,902,900,46494,97245,51.54545454545455,108.05,5.928883345451128,5.91573726264525,305.6069869882536,639.1954112288192,0.49944506104328523,0.6765387264416756,padcrypt
60.42965912818909,617,48409,78.45867098865479,10.210218109805343,801.0801433996222,308,309,15640,32769,50.77922077922078,106.04854368932038,5.096834972155666,5.113383137649678,258.81330832634615,542.2668350732761,0.5008103727714749,0.6769195810696358,padcrypt
151.49012899398804,1802,148289,82.29134295227524,11.895164470231016,978.8690588935001,902,900,46628,101661,51.6940133037694,112.95666666666666,5.954183325276569,5.940981144954447,307.79563202992887,671.0734268635712,0.49944506104328523,0.6855599538738544,padcrypt
152.08851790428162,1790,143136,79.96424581005587,11.76946178886794,941.1361355370958,895,895,46284,96852,51.71396648044693,108.2145251396648,5.88473089443397,5.88473089443397,304.3227762212088,636.8133593158869,0.5,0.6766431924882629,padcrypt
31.981276035308838,581,45770,78.77796901893288,18.16687987554182,1431.1499000061085,291,290,14787,30983,50.81443298969072,106.83793103448276,9.099074085684457,9.067805789857363,462.3642903952442,968.7856096108644,0.4991394148020654,0.6769281188551453,padcrypt
179.83146595954895,1772,144981,81.81772009029345,9.853670438290212,806.2048497820277,887,885,45552,99429,51.35512965050733,112.34915254237288,4.932395981243464,4.921274457046748,253.30383510439938,552.9010146776284,0.4994356659142212,0.6858071057586856,padcrypt
179.99615907669067,1822,142477,78.19813391877058,10.122438219493914,791.5557794724667,911,911,46071,96406,50.571899012074645,105.82436882546652,5.061219109746957,5.061219109746957,255.95546169610543,535.6003177763613,0.5,0.6766425458144122,padcrypt
60.151265144348145,625,49685,79.496,10.390471397403774,826.0009142080104,313,312,16067,33618,51.33226837060703,107.75,5.2035480758198105,5.186923321583964,267.1099263073383,558.8909879006721,0.4992,0.676622723155882,padcrypt
179.83085703849792,1797,146644,81.60489705063995,9.992723326760885,815.4551583358503,898,899,46089,100555,51.32405345211581,111.85205784204672,4.99358127291668,4.999142053844205,256.2908321686602,559.1643261671902,0.5002782415136339,0.6857082458198085,padcrypt
179.9939320087433,1806,143935,79.69822812846068,10.033671579063414,799.6658464742483,904,902,46606,97329,51.55530973451327,107.90354767184036,5.022391532377257,5.0112800466861565,258.9309510597062,540.734895414542,0.4994462901439646,0.6762010629798173,padcrypt
59.92154097557068,585,46621,79.6940170940171,9.762766285307945,778.0340632262252,292,293,14999,31622,51.36643835616438,107.92491467576792,4.873038897965675,4.88972738734227,250.31065215954507,527.7234110666801,0.5008547008547009,0.6782780292143026,padcrypt
178.70830488204956,1630,133533,81.92208588957055,9.121008679903415,747.2120564745661,815,815,41909,91624,51.42208588957055,112.42208588957055,4.560504339951708,4.560504339951708,234.51064586875597,512.7014106058101,0.5,0.6861524866512397,padcrypt
179.81671786308289,1803,143464,79.5696062118691,10.026876374046884,797.8346046180045,903,900,46390,97074,51.373200442967885,107.86,5.021780014289703,5.00509635975718,257.9849112545951,539.8496933634094,0.49916805324459235,0.6766436179111136,padcrypt
60.8829128742218,758,60194,79.41160949868073,12.45012704247503,988.684626905992,379,379,19392,40802,51.16622691292876,107.65699208443272,6.225063521237515,6.225063521237515,318.513012675034,670.171614230958,0.5,0.6778416453467123,padcrypt
179.06772303581238,1713,139305,81.32224168126095,9.566213111770072,777.9458946498131,856,857,43729,95576,51.08528037383178,111.52392065344225,4.7803143162143495,4.785898795555721,244.20369711885198,533.7421975309611,0.5002918855808524,0.6860916693586017,padcrypt
179.90362882614136,1755,140632,80.13219373219373,9.755222901568205,781.7074114491965,878,877,45535,95097,51.8621867881549,108.43443557582668,4.880390716568025,4.87483218500018,253.10773494182803,528.5996765073684,0.4997150997150997,0.676211673018943,padcrypt
60.498976945877075,723,57214,79.134163208852,11.950615307872102,945.7019422193562,361,362,18427,38787,51.04432132963989,107.146408839779,5.9670430513718244,5.9835722565002785,304.5836629020183,641.1182793173379,0.5006915629322268,0.6779284790435908,padcrypt
179.10704112052917,1708,140201,82.08489461358313,9.536196842482648,782.7777128295724,856,852,44074,96127,51.48831775700935,112.82511737089202,4.779264928082639,4.756931914400009,246.0763112620493,536.7014015675231,0.49882903981264637,0.6856370496644104,padcrypt
179.75559616088867,1793,143136,79.83045175683212,9.974654688331322,796.281189887893,897,896,46284,96852,51.59866220735786,108.09375,4.990108898735748,4.9845457895955745,257.4829434437964,538.7982464440965,0.4997211377579476,0.6766431924882629,padcrypt
60.55493187904358,685,53901,78.68759124087592,11.312043111009757,890.117424418302,342,343,17355,36546,50.74561403508772,106.54810495626822,5.647764589730419,5.664278521279338,286.59928203149536,603.5181423868066,0.5007299270072992,0.678020815940335,padcrypt
179.15565514564514,1739,143096,82.28637147786084,9.706643078535672,798.724438163393,870,869,45017,98079,51.74367816091954,112.86421173762946,4.856112408468104,4.850530670067567,251.27311757702145,547.4513205863715,0.4997124784358827,0.6854069994968413,padcrypt
175.61999607086182,1791,143321,80.02289223897264,10.198155335781582,816.0858854715534,896,895,46284,97037,51.65625,108.42122905027934,5.101924724098436,5.096230611683147,263.5462990292098,552.5395864423436,0.4997208263539922,0.6770605842828337,padcrypt
60.51610493659973,650,50726,78.04,10.740942443023698,838.2231482535694,324,326,16389,34337,50.583333333333336,105.3282208588957,5.353946694676428,5.38699574834727,270.82047030571596,567.4026779478535,0.5015384615384615,0.6769112486693214,padcrypt
151.4294741153717,1791,145994,81.51535455053043,11.827287986455435,964.1055735871439,896,895,45879,100115,51.20424107142857,111.86033519553072,5.916945860337281,5.910342126118154,302.97272223930145,661.1328513478425,0.4997208263539922,0.6857473594805266,padcrypt
152.2462911605835,1792,143136,79.875,11.770401671787642,940.1608335340378,896,896,46284,96852,51.65625,108.09375,5.885200835893821,5.885200835893821,304.00740567914016,636.1534278548977,0.5,0.6766431924882629,padcrypt
60.3210551738739,647,48081,74.31375579598145,10.725939692782877,797.084863011891,322,325,15534,32547,48.24223602484472,100.14461538461538,5.338102907381895,5.387836785400982,257.52202038282724,539.5628426290639,0.5023183925811437,0.6769201971672802,padcrypt
151.5595579147339,1817,148943,81.97193175564117,11.988686328989088,982.7357775996817,910,907,46840,102103,51.472527472527474,112.57221609702316,6.004240263830528,5.98444606515856,309.05342193167246,673.6823556680092,0.4991744634012108,0.6855172784219467,padcrypt
152.10867404937744,1803,143413,79.54132002218525,11.853367411609353,942.8324906273613,902,901,46388,97025,51.427937915742795,107.68590455049944,5.929970829324258,5.923396582285096,304.96617165265377,637.8663189747075,0.4997226844148641,0.6765425728490444,padcrypt
31.860610008239746,567,44780,78.97707231040565,17.796269432800038,1405.4972578497104,285,282,14467,30313,50.76140350877193,107.49290780141844,8.94521479426457,8.85105463853547,454.0716576443001,951.4256002054102,0.4973544973544973,0.6769316659222867,padcrypt
179.77908301353455,1779,145458,81.76391231028668,9.895478217930776,809.0930132792439,890,889,45766,99692,51.42247191011236,112.13948256467941,4.950520300145246,4.944957917785532,254.5679910746599,554.525022204584,0.49971894322653176,0.6853662225522144,padcrypt
179.99136805534363,1781,141804,79.62043795620438,9.894918957737902,787.8377809562412,891,890,45854,95950,51.4635241301908,107.80898876404494,4.95023738986214,4.9446815678757625,254.75666136334294,533.0811195928983,0.49971925884334645,0.6766381766381766,padcrypt
59.90788412094116,626,49932,79.76357827476038,10.449375890763232,833.479611785287,313,313,16072,33860,51.3482428115016,108.17891373801918,5.224687945381616,5.224687945381616,268.2785452337806,565.2010665515064,0.5,0.6781222462549067,padcrypt
179.06326723098755,1618,131870,81.50185414091472,9.03591241811095,736.4436159309586,810,808,41372,90498,51.07654320987654,112.00247524752476,4.523540827360859,4.512371590750091,231.0468285303376,505.396787400621,0.49938195302843014,0.6862667778873133,padcrypt
179.58517909049988,1787,142756,79.88584219362059,9.950709791588435,794.9208321253491,894,893,46175,96581,51.64988814317673,108.15341545352743,4.978139089916095,4.972570701672341,257.12032715534195,537.8005049700072,0.49972020145495244,0.6765459945641514,padcrypt
61.11459493637085,788,62525,79.34644670050761,12.893810403561083,1023.0780399526101,394,394,20145,42380,51.129441624365484,107.56345177664974,6.446905201780542,6.446905201780542,329.6266631722564,693.4513767803537,0.5,0.6778088764494202,padcrypt
179.86267614364624,1752,143137,81.69920091324201,9.740764663152103,795.8126892634717,877,875,45016,98121,51.32953249714937,112.13828571428571,4.875942128758216,4.864822534393887,250.27982995231451,545.5328593111573,0.4994292237442922,0.6855040974730503,padcrypt
179.98891401290894,1836,146442,79.76143790849673,10.200628244628003,813.6167763615546,918,918,47352,99090,51.58169934640523,107.94117647058823,5.100314122314002,5.100314122314002,263.0828696294255,550.533906732129,0.5,0.6766501413528906,padcrypt
59.88077116012573,616,47612,77.29220779220779,10.287108667200847,795.1133406863097,309,307,15322,32290,49.58576051779935,105.17915309446254,5.160254185332893,5.126854481867955,255.87512824488863,539.2382124414211,0.49837662337662336,0.6781903721750819,padcrypt
178.9532082080841,1668,137164,82.2326139088729,9.320872292272483,766.4796925043543,836,832,43091,94073,51.54425837320574,113.06850961538461,4.6716122520022765,4.649260040270208,240.79478893663887,525.6849035677154,0.4988009592326139,0.6858432241696072,padcrypt
179.76168608665466,1860,143462,77.13010752688172,10.34703245442069,798.0677257936027,929,931,46390,97072,49.93541442411195,104.26638023630505,5.167953306535925,5.179079147884765,258.06389008633107,540.0038357072716,0.5005376344086021,0.6766391100082252,padcrypt
60.81953501701355,717,56558,78.88145048814505,11.78897536456712,929.931476526063,358,359,18215,38343,50.87988826815643,106.8050139275766,5.886266639490975,5.9027087250761445,299.49258893387736,630.4388875921856,0.500697350069735,0.6779412284734255,padcrypt
151.043869972229,1716,140298,81.75874125874125,11.360937721706314,928.8559676456599,858,858,44051,96247,51.341491841491845,112.17599067599068,5.680468860853157,5.680468860853157,291.64374567534077,637.2122219703191,0.5,0.6860183324067343,padcrypt
179.9242720603943,1857,143277,77.1550888529887,10.32100882629482,796.3183530452574,929,928,46390,96887,49.93541442411195,104.4040948275862,5.163283360058098,5.157725466236722,257.83069437362235,538.487658671635,0.49973074851911686,0.6762215847623834,padcrypt
60.760577917099,684,53570,78.31871345029239,11.25729911478527,881.6571835950979,341,343,17248,36322,50.58064516129032,105.89504373177843,5.612191517751136,5.6451075970341345,283.8682677365736,597.7889158585242,0.5014619883040936,0.6780287474332649,padcrypt
151.42145204544067,1746,143335,82.09335624284078,11.530730794181235,946.5963908270145,873,873,45020,98315,51.56930126002291,112.61741122565864,5.765365397090617,5.765365397090617,297.3158650366777,649.2805257903368,0.5,0.685910628946175,padcrypt
152.24120593070984,1796,143136,79.69710467706014,11.797068927695047,940.1922372130057,898,898,46284,96852,51.54120267260579,107.85300668151447,5.898534463847524,5.898534463847524,304.01756027251537,636.1746769404904,0.5,0.6766431924882629,padcrypt
60.43351078033447,648,50726,78.28086419753086,10.722527810031917,839.3687433513564,324,324,16389,34337,50.583333333333336,105.97839506172839,5.361263905015958,5.361263905015958,271.1905991953906,568.1781441559659,0.5,0.6769112486693214,padcrypt
151.63775992393494,1782,146271,82.08249158249158,11.751690350041395,964.6080242373204,891,891,45983,100288,51.60830527497194,112.55667789001123,5.8758451750206975,5.8758451750206975,303.2424115409391,661.3656126963813,0.5,0.6856314648836748,padcrypt
152.05300307273865,1800,143462,79.70111111111112,11.83797730807672,943.4999447618347,901,899,46390,97072,51.48723640399556,107.97775305895439,5.925565308098403,5.912411999978318,305.09098184537726,638.4089629164574,0.49944444444444447,0.6766391100082252,padcrypt
31.965797901153564,618,47422,76.73462783171522,19.333163586625126,1483.5231126293475,309,309,15321,32101,49.58252427184466,103.88673139158576,9.666581793312563,9.666581793312563,479.2935263926919,1004.2295862366557,0.5,0.6769221036649656,padcrypt
179.57036519050598,1747,142417,81.5208929593589,9.728776784223887,793.0985708522115,873,874,44737,97680,51.24513172966781,111.76201372997711,4.86160396830421,4.8671728159196785,249.133535773225,543.9650350789865,0.5002862049227247,0.6858731752529543,padcrypt
179.9965798854828,1796,139738,77.80512249443207,9.977967365505773,776.3369731186223,897,899,45171,94567,50.357859531772576,105.19132369299221,4.983428021636235,4.994539343869538,250.95476830025683,525.3822048183655,0.5005567928730512,0.6767450514534343,padcrypt
60.33712291717529,689,55054,79.90420899854863,11.419172255624279,912.4399265038303,345,344,17789,37265,51.56231884057971,108.32848837209302,5.71787290013117,5.701299355493109,294.8267855664736,617.6131409373567,0.49927431059506533,0.6768808805899662,padcrypt
179.64735889434814,1726,141450,81.95249130938586,9.607711522300045,787.3758950343808,863,863,44478,96972,51.538818076477405,112.36616454229433,4.8038557611500226,4.8038557611500226,247.5850481395489,539.7908468948319,0.5,0.6855567338282078,padcrypt
179.98475885391235,1677,132812,79.19618366129994,9.317455603900134,737.9069252624834,840,837,42959,89853,51.141666666666666,107.35125448028674,4.667061840951767,4.650393762948368,238.68132098267495,499.22560427980846,0.4991055456171735,0.6765427822787098,padcrypt
60.11277508735657,781,62858,80.48399487836107,12.992246637508282,1045.6679118316206,390,391,20252,42606,51.92820512820513,108.96675191815856,6.487805619242292,6.50444101826599,336.90010102793565,708.7678108036848,0.5006402048655569,0.6778134843615768,padcrypt
179.875097990036,1751,143301,81.83952027412907,9.734532570467286,796.6694756599271,877,874,45015,98286,51.328392246294186,112.45537757437071,4.875605405082701,4.858927165384584,250.2569866702369,546.4124889896902,0.49914334665905197,0.6858709988067075,padcrypt
179.9934480190277,1817,141948,78.12217941662081,10.094811894530288,788.6287060015329,909,908,45961,95987,50.56215621562156,105.71255506607929,5.0501838261574195,5.044628068372868,255.34818353577685,533.280522465756,0.49972482113373695,0.6762124158142419,padcrypt
60.3220579624176,654,52001,79.51223241590215,10.841805171956517,862.0561326405365,327,327,16788,35213,51.3394495412844,107.68501529051987,5.420902585978259,5.420902585978259,278.306154781049,583.7499778594876,0.5,0.6771600546143344,padcrypt
179.66458106040955,1761,143800,81.65814877910279,9.80159800894696,800.3803484875485,881,880,45229,98571,51.33825198637911,112.0125,4.903581968133033,4.898016040813927,251.74132671587853,548.63902177167,0.4997160704145372,0.6854728789986092,padcrypt
179.9807529449463,1786,142091,79.5582306830907,9.923283299888814,789.4788619062158,894,892,45962,96129,51.411633109619686,107.76793721973094,4.967197799608399,4.956085500280415,255.3717508563772,534.1071110498386,0.49944008958566627,0.6765312370241606,padcrypt
60.279048919677734,643,51249,79.70295489891136,10.667056158381033,850.1958958955981,321,322,16497,34752,51.39252336448598,107.92546583850931,5.325233323235322,5.341822835145712,273.6771779857106,576.5187179098875,0.5007776049766719,0.6781010361177779,padcrypt
179.71165585517883,1793,146461,81.68488566648075,9.977093536130424,814.9777447825979,897,896,46091,100370,51.3835005574136,112.02008928571429,4.9913290027378645,4.98576453339256,256.4719565944157,558.5057881881822,0.4997211377579476,0.685301889240139,padcrypt
179.97645497322083,1789,142335,79.5612073784237,9.940189122328196,790.8534481423051,894,895,45964,96371,51.41387024608501,107.67709497206704,4.967316419989607,4.972872702338589,255.38896188859317,535.4644862537119,0.5002794857462269,0.6770716970527277,padcrypt
60.05167102813721,612,48412,79.10457516339869,10.191223483410601,806.1724040504479,306,306,15641,32771,51.11437908496732,107.09477124183006,5.095611741705301,5.095611741705301,260.4590302353353,545.7133738151125,0.5,0.6769189457159382,padcrypt
179.89820003509521,1786,146286,81.90705487122061,9.927836963635992,813.1598869330653,894,892,45980,100306,51.43176733780761,112.45067264573991,4.969477181125743,4.958359782510249,255.5889941702032,557.5708927628622,0.49944008958566627,0.685684207648032,padcrypt
179.9909689426422,1771,141283,79.77583286278939,9.839382555712366,784.9449382375551,886,885,45746,95537,51.63205417607224,107.95141242937854,4.922469195009123,4.916913360703243,254.1571961567577,530.7877420807974,0.4997176736307171,0.6762101597502884,padcrypt
60.08819794654846,622,49552,79.66559485530547,10.351450388865064,824.6544528441184,311,311,15963,33589,51.32797427652733,108.0032154340836,5.175725194432532,5.175725194432532,265.6594896422074,558.994963201911,0.5,0.6778535679690023,padcrypt
179.89663791656494,1782,145651,81.73456790123457,9.905688180934664,809.637143233061,891,891,45768,99883,51.36700336700337,112.10213243546576,4.952844090467332,4.952844090467332,254.41275907127817,555.2243841617828,0.5,0.6857694076937336,padcrypt
179.99419283866882,1800,143462,79.70111111111112,10.00032263048266,797.0368251190575,901,899,46390,97072,51.48723640399556,107.97775305895439,5.0057170500360435,4.994605580446618,257.730537126717,539.3062879923405,0.49944444444444447,0.6766391100082252,padcrypt
60.041834115982056,604,48084,79.6092715231788,10.059652722021463,800.8416249762914,302,302,15535,32549,51.44039735099338,107.77814569536424,5.029826361010731,5.029826361010731,258.7362666168931,542.1053583593983,0.5,0.6769195574411446,padcrypt
179.8879110813141,1794,147122,82.00780379041248,9.972876938845905,817.8537352268045,897,897,46304,100818,51.62095875139354,112.39464882943143,4.986438469422953,4.986438469422953,257.40473454644416,560.4490006803603,0.5,0.6852680088633923,padcrypt
179.92688822746277,1788,143136,80.05369127516778,9.93736965950091,795.5231228089051,895,893,46284,96852,51.71396648044693,108.4568868980963,4.974242642759124,4.963127016741786,257.2378172932551,538.28530551565,0.4994407158836689,0.6766431924882629,padcrypt
31.610427856445312,585,46953,80.26153846153846,18.506551150041442,1485.3642669194799,292,293,15109,31844,51.74315068493151,108.68259385665529,9.237458009935215,9.269093140106227,477.9751817538054,1007.3890851656746,0.5008547008547009,0.6782101250186356,padcrypt
179.3211932182312,1724,140769,81.65255220417633,9.61403372942047,785.010390984217,865,859,44266,96503,51.17456647398844,112.34342258440047,4.823746621779992,4.790287107640478,246.8531421499574,538.1572488342597,0.4982598607888631,0.6855415609970945,padcrypt
179.98369216918945,1765,140334,79.50934844192635,9.806444010165393,779.7039737804818,882,883,45316,95018,51.378684807256235,107.60815402038506,4.900443975618061,4.906000034547333,251.77836643889802,527.9256073415838,0.5002832861189802,0.6770846694314991,padcrypt
60.489205837249756,700,56052,80.07428571428571,11.572312618608297,926.6446669974747,350,350,18112,37940,51.74857142857143,108.4,5.786156309304149,5.786156309304149,299.42532306890496,627.2193439285697,0.5,0.67687147648612,padcrypt
179.5004198551178,1741,139007,79.84319356691556,9.699141658862041,774.4104449014565,873,868,43619,95388,49.96449026345933,109.89400921658986,4.8634983734558075,4.835643285406233,243.00221712688304,531.4082277745734,0.49856404365307294,0.6862100469760516,padcrypt
179.98318195343018,1797,143275,79.73010573177518,9.984266199188353,796.0465997154764,900,897,46390,96885,51.544444444444444,108.01003344481606,5.0004672116135325,4.98379898757482,257.74630438527976,538.3002953301967,0.4991652754590985,0.6762170650846274,padcrypt
60.822242975234985,687,54912,79.93013100436681,11.295209883655986,902.8276057224417,343,344,17683,37229,51.55393586005831,108.22383720930233,5.639384265056773,5.655825618599212,290.73245469095895,612.0951510314827,0.5007278020378457,0.6779756701631702,padcrypt
179.15200090408325,1722,140768,81.74680603948897,9.611949580858697,785.7461780478033,862,860,44264,96504,51.35034802784223,112.2139534883721,4.811556642683041,4.800392938175656,247.07510815745027,538.6710698903529,0.4994192799070848,0.6855535348942942,padcrypt
179.99478793144226,1808,144123,79.71404867256638,10.044735299161243,800.7065185403848,904,904,46603,97520,51.551991150442475,107.87610619469027,5.022367649580621,5.022367649580621,258.91305262544876,541.7934659149361,0.5,0.6766442552541926,padcrypt
60.39272618293762,654,52257,79.90366972477064,10.82911869252179,865.2863234176012,327,327,16824,35433,51.44954128440367,108.35779816513761,5.414559346260895,5.414559346260895,278.5765946223037,586.7097287952976,0.5,0.6780527010735404,padcrypt
179.5886549949646,1756,143329,81.62243735763099,9.777900502953461,798.0960712914673,877,879,45017,98312,51.33067274800456,111.8452787258248,4.883381971008078,4.8945185319453826,250.66728185732117,547.4287894341462,0.5005694760820045,0.685918411486859,padcrypt
179.99554705619812,1776,141554,79.70382882882883,9.866910759995069,786.4305662839763,888,888,45786,95768,51.560810810810814,107.84684684684684,4.933455379997534,4.933455379997534,254.37295949162964,532.0576067923467,0.5,0.6765474659847125,padcrypt
60.22440791130066,656,52314,79.7469512195122,10.892593597037365,868.6511302369097,328,328,16889,35425,51.49085365853659,108.0030487804878,5.4462967985186825,5.4462967985186825,280.4344714334818,588.2166588034279,0.5,0.6771609894101005,padcrypt
179.76403999328613,1769,144667,81.77897117015263,9.840677813349483,804.760507192668,885,884,45449,99218,51.35480225988701,112.23755656108597,4.923120330590329,4.917557482759154,252.82587107909592,551.9346361135721,0.49971735443753534,0.6858371294075359,padcrypt
179.98827195167542,1811,141407,78.08227498619547,10.0617666938112,785.6456338331088,907,904,45740,95667,50.429988974641674,105.82632743362832,5.039217223239512,5.022549470571686,254.12766900879305,531.5179648243158,0.4991717283268912,0.6765365222372302,padcrypt
60.2365460395813,644,51078,79.3136645962733,10.691184045925027,847.9569855555258,322,322,16504,34574,51.254658385093165,107.37267080745342,5.345592022962514,5.345592022962514,273.98649300302276,573.970492552503,0.5,0.6768863307098947,padcrypt
179.7397379875183,1756,143467,81.70102505694761,9.76968153876992,798.1929961974396,878,878,45122,98345,51.391799544419136,112.01025056947609,4.88484076938496,4.88484076938496,251.04075762663797,547.1522385708016,0.5,0.6854886489576,padcrypt
179.99772787094116,1826,143466,78.5684556407448,10.144572498766466,797.0433943636527,912,914,46390,97076,50.86622807017544,106.21006564551422,5.066730623699352,5.077841875067114,257.7254754752335,539.3179188884192,0.5005476451259584,0.6766481256883164,padcrypt
59.99429798126221,631,50252,79.63866877971473,10.51766619882906,837.6129347441488,316,315,16176,34076,51.18987341772152,108.17777777777778,5.267167224770179,5.250498974058881,269.625623505957,567.9873112381919,0.49920760697305866,0.6781023640850116,padcrypt
179.98853492736816,1792,147141,82.10993303571429,9.956189713545568,817.502070670094,898,894,46280,100861,51.53674832962138,112.81991051454139,4.989206675649509,4.966983037896059,257.12748880741566,560.3745818626783,0.49888392857142855,0.6854717583814165,padcrypt
179.98761200904846,1793,142963,79.73396542108199,9.961796703596807,794.2935538964363,898,895,46313,96650,51.573496659242764,107.98882681564245,4.989232258689309,4.972564444907497,257.3121532256993,536.981400670737,0.4991634132738427,0.6760490476556872,padcrypt
59.95610785484314,595,47329,79.54453781512605,9.923926373615279,789.3941367005673,297,298,15239,32090,51.30976430976431,107.68456375838926,4.953623752880231,4.970302620735047,254.16926723953483,535.2248694610324,0.5008403361344538,0.678019818715798,padcrypt
151.6842360496521,1784,147420,82.63452914798206,11.761274912022024,971.8874145349141,894,890,46371,101049,51.869127516778526,113.53820224719101,5.893822741786821,5.867452170235203,305.70744335502985,666.1799711798843,0.49887892376681614,0.6854497354497354,padcrypt
151.84356093406677,1782,143280,80.4040404040404,11.735762708922355,943.6027390204237,894,888,46356,96924,51.852348993288594,109.14864864864865,5.887638530738824,5.84812417818353,305.2878878422024,638.3148511782213,0.4983164983164983,0.6764656616415411,padcrypt
31.75099205970764,585,46805,80.00854700854701,18.424621155140894,1474.12716780576,293,292,15130,31675,51.6382252559727,108.47602739726027,9.228058117019286,9.196563038121608,476.52054372184915,997.6066240839109,0.49914529914529915,0.6767439376135028,padcrypt
150.1613700389862,1529,126227,82.55526487900589,10.182379127221786,840.6090059462554,764,765,39508,86719,51.712041884816756,113.35816993464053,5.087859812424751,5.094519314797035,263.1036197241846,577.5053862220707,0.5003270111183781,0.6870083262693402,padcrypt
0.04834604263305664,4,63,15.75,82.73686494590143,1303.1056228979476,2,2,0,63,0.0,31.5,41.368432472950715,41.368432472950715,0.0,1303.1056228979476,0.5,1.0,sisron
176.8585901260376,501,26065,52.025948103792416,2.8327716490500365,147.37763080337166,251,250,7115,18950,28.346613545816734,75.8,1.4192129419392399,1.4135587071107967,40.22988080437327,107.14774999899838,0.499001996007984,0.7270285823901784,sisron
178.19056701660156,468,19134,40.88461538461539,2.6264016543389617,107.37942148316601,234,234,6120,13014,26.153846153846153,55.61538461538461,1.3132008271694808,1.3132008271694808,34.34525240289412,73.03416908027191,0.5,0.6801505174035748,sisron
177.67833590507507,469,19161,40.85501066098081,2.6396014888982524,107.84094696967892,235,234,6125,13036,26.06382978723404,55.70940170940171,1.3226148185311073,1.3169866703671451,34.472407504268226,73.3685394654107,0.4989339019189765,0.6803402745159438,sisron
178.18952798843384,480,19470,40.5625,2.6937609938063054,109.26568031126826,240,240,6227,13243,25.945833333333333,55.17916666666667,1.3468804969031527,1.3468804969031527,34.94593689256638,74.31974341870188,0.5,0.6801746276322548,sisron
178.59153509140015,464,18803,40.52370689655172,2.598107462162373,105.28494528241185,232,232,6004,12799,25.879310344827587,55.168103448275865,1.2990537310811865,1.2990537310811865,33.618614661256224,71.66633062115562,0.5,0.6806892517151518,sisron
177.77865982055664,472,19038,40.33474576271186,2.6549868273077304,107.0882186828063,236,236,6091,12947,25.809322033898304,54.860169491525426,1.3274934136538652,1.3274934136538652,34.26170501087158,72.82651367193472,0.5,0.6800609307700388,sisron
177.26238822937012,472,19131,40.53177966101695,2.6627193998382315,107.92475601335849,236,236,6099,13032,25.843220338983052,55.220338983050844,1.3313596999191157,1.3313596999191157,34.40662207545206,73.51813393790643,0.5,0.6811980555119962,sisron
178.38682389259338,448,18145,40.502232142857146,2.511396246786369,101.71715379004166,224,224,5795,12350,25.870535714285715,55.13392857142857,1.2556981233931845,1.2556981233931845,32.48558314760493,69.23157064243674,0.5,0.680628272251309,sisron
178.17386984825134,456,18503,40.57675438596491,2.5592978386133165,103.8479997979434,228,228,5912,12591,25.92982456140351,55.223684210526315,1.2796489193066583,1.2796489193066583,33.18107197781124,70.66692782013216,0.5,0.6804842457979787,sisron
177.65892910957336,432,17472,40.44444444444444,2.4316255994853972,98.34574646807606,216,216,5572,11900,25.796296296296298,55.092592592592595,1.2158127997426986,1.2158127997426986,31.363467222992206,66.98227924508386,0.5,0.6810897435897436,sisron
179.60605788230896,440,17746,40.33181818181818,2.4498060098191132,98.80513056874996,220,220,5673,12073,25.786363636363635,54.877272727272725,1.2249030049095566,1.2249030049095566,31.58579430387234,67.21933626487763,0.5,0.6803223261580075,sisron
178.58783102035522,424,17179,40.51650943396226,2.3741819225727254,96.1935642638605,212,212,5479,11700,25.84433962264151,55.18867924528302,1.1870909612863627,1.1870909612863627,30.679581966452744,65.51398229740775,0.5,0.6810640898771756,sisron
179.561439037323,422,17149,40.63744075829384,2.3501705169130696,95.50491515294367,211,211,5469,11680,25.919431279620852,55.355450236966824,1.1750852584565348,1.1750852584565348,30.45754160425966,65.047373548684,0.5,0.6810892763426439,sisron
178.93366694450378,430,17287,40.20232558139535,2.4031251767358257,96.61122076798189,215,215,5572,11715,25.91627906976744,54.48837209302326,1.2015625883679129,1.2015625883679129,31.14003135993493,65.47118940804697,0.5,0.6776768670098918,sisron
178.79182600975037,418,17035,40.75358851674641,2.3379144859631587,95.27840494828327,209,209,5374,11661,25.71291866028708,55.79425837320574,1.1689572429815793,1.1689572429815793,30.05730250613879,65.22110244214447,0.5,0.6845318461990021,sisron
178.99713802337646,429,17429,40.62703962703963,2.3966863645829575,97.37027190749735,215,214,5572,11857,25.91627906976744,55.40654205607477,1.2011365230427409,1.1955498415402166,31.128989332065824,66.24128257543153,0.4988344988344988,0.680302943370245,sisron
179.41333389282227,424,17149,40.445754716981135,2.363258018789666,95.58375416090563,212,212,5469,11680,25.797169811320753,55.094339622641506,1.181629009394833,1.181629009394833,30.482684209341237,65.10106995156438,0.5,0.6810892763426439,sisron
144.49171209335327,355,14283,40.23380281690141,2.45688832152976,98.84996027157622,177,178,4542,9741,25.661016949152543,54.7247191011236,1.2249837546782183,1.2319045668515414,31.434328891234276,67.41563138034194,0.5014084507042254,0.6819995799201848,sisron
178.89455103874207,441,22998,52.14965986394558,2.4651393652817037,128.55617941666355,221,220,6023,16975,27.25339366515837,77.1590909090909,1.2353646252318744,1.2297747400498296,33.66787845145511,94.88830096520844,0.4988662131519274,0.7381076615357858,sisron
179.3055260181427,424,17149,40.445754716981135,2.364678933303474,95.64122412080489,212,212,5469,11680,25.797169811320753,55.094339622641506,1.182339466651737,1.182339466651737,30.501011995841274,65.14021212496363,0.5,0.6810892763426439,sisron
178.59679913520813,440,17749,40.33863636363636,2.463649976542382,99.3802805310244,220,220,5676,12073,25.8,54.877272727272725,1.231824988271191,1.231824988271191,31.781084697396725,67.59919583362768,0.5,0.6802073356245423,sisron
179.82209086418152,422,16989,40.258293838862556,2.3467639485892415,94.47671261275504,211,211,5478,11511,25.96208530805687,54.55450236966825,1.1733819742946208,1.1733819742946208,30.46344291557314,64.0132696971819,0.5,0.6775560656895638,sisron
178.48367500305176,418,17016,40.708133971291865,2.3419508814621444,95.33645023674606,209,209,5367,11649,25.679425837320576,55.73684210526316,1.1709754407310722,1.1709754407310722,30.069976987577345,65.26647324916871,0.5,0.6845909732016925,sisron
178.89801383018494,426,17287,40.57981220657277,2.381244994728512,96.63047470392438,213,213,5572,11715,26.15962441314554,55.0,1.190622497364256,1.190622497364256,31.146237348890303,65.48423735503408,0.5,0.6776768670098918,sisron
179.80995988845825,415,17029,41.033734939759036,2.3079922839504414,94.70554362263148,207,208,5372,11657,25.95169082125604,56.04326923076923,1.1512154283800997,1.1567768555703417,29.87598686598017,64.82955675665131,0.5012048192771085,0.6845381408186035,sisron
178.4843990802765,425,17112,40.26352941176471,2.381160494642721,95.8739256101794,213,212,5471,11641,25.685446009389672,54.910377358490564,1.1933816126091754,1.1877788820335455,30.65253897927136,65.22138663090804,0.4988235294117647,0.6802828424497429,sisron
179.34812092781067,422,16964,40.199052132701425,2.352965828785343,94.58699601780702,211,211,5469,11495,25.919431279620852,54.47867298578199,1.1764829143926716,1.1764829143926716,30.493768051248917,64.0932279665581,0.5,0.6776114124027353,sisron
178.69989895820618,426,17343,40.7112676056338,2.383884951718029,97.0509782104361,213,213,5472,11871,25.690140845070424,55.732394366197184,1.1919424758590145,1.1919424758590145,30.621170084040035,66.42980812639607,0.5,0.6844836533471718,sisron
176.2350718975067,424,17206,40.58018867924528,2.405877532972474,97.63096422718016,212,212,5499,11707,25.93867924528302,55.221698113207545,1.202938766486237,1.202938766486237,31.20264281560291,66.42832141157724,0.5,0.6804021852842032,sisron
179.51333594322205,424,17149,40.445754716981135,2.361941511320954,95.53050702274301,212,212,5469,11680,25.797169811320753,55.094339622641506,1.180970755660477,1.180970755660477,30.465703125977114,65.0648038967659,0.5,0.6810892763426439,sisron
178.89642810821533,446,17918,40.17488789237668,2.4930626324758838,100.15851176839212,223,223,5795,12123,25.986547085201792,54.36322869955157,1.2465313162379419,1.2465313162379419,32.39304474259584,67.76546702579627,0.5,0.676582207835696,sisron
6.507111072540283,56,34768,620.8571428571429,8.605969588611678,5343.077690300908,29,27,7550,27218,260.3448275862069,1008.074074074074,4.456662822673905,4.149306765937774,1160.269114178896,4182.808576122012,0.48214285714285715,0.7828462954440866,sisron
6.853405952453613,26,6365,244.80769230769232,3.7937341199949848,928.7352951449261,15,11,1424,4941,94.93333333333334,449.1818181818182,2.188692761535568,1.6050413584594168,207.77989949510993,720.9553956498162,0.4230769230769231,0.7762765121759623,sisron
9.81119990348816,38,19975,525.6578947368421,3.873124630402233,2035.9385392706474,21,17,8393,11582,399.6666666666667,681.2941176470588,2.1404109799591287,1.7327136504431042,855.4509216569985,1180.487617613649,0.4473684210526316,0.5798247809762203,sisron
55.58326292037964,8200,6902710,841.7939024390244,147.5264237679984,124186.84397653663,3295,4905,1690,6901020,0.5128983308042488,1406.9357798165138,59.28043491653107,88.24598885146735,30.4048361180387,124156.43914041859,0.598170731707317,0.9997551686221788,sisron
177.97142481803894,418,17040,40.76555023923445,2.34869165332227,95.74570758997963,209,209,5375,11665,25.717703349282296,55.813397129186605,1.174345826661135,1.174345826661135,30.201477599538762,65.54422999044087,0.5,0.6845657276995305,sisron
179.5910267829895,424,17149,40.445754716981135,2.360919738558789,95.48918065222799,212,212,5469,11680,25.797169811320753,55.094339622641506,1.1804598692793944,1.1804598692793944,30.452523703250037,65.03665694897795,0.5,0.6810892763426439,sisron
179.00416207313538,428,17287,40.39018691588785,2.391005857311479,96.57317349379332,214,214,5572,11715,26.037383177570092,54.742990654205606,1.1955029286557395,1.1955029286557395,31.127767843316732,65.44540565047659,0.5,0.6776768670098918,sisron
179.73116302490234,418,17041,40.76794258373206,2.3256957389302864,94.81383035194021,209,209,5376,11665,25.72248803827751,55.813397129186605,1.1628478694651432,1.1628478694651432,29.911340412653633,64.90248993928658,0.5,0.6845255560119712,sisron
179.30962204933167,432,17423,40.33101851851852,2.409240480586971,97.16712243811759,216,216,5570,11853,25.787037037037038,54.875,1.2046202402934856,1.2046202402934856,31.06358675201257,66.10353568610502,0.5,0.680307639327326,sisron
141.4370560646057,338,13637,40.34615384615385,2.38975562278112,96.41744801143827,168,170,4336,9301,25.80952380952381,54.71176470588235,1.1878075284829235,1.2019480942981964,30.656746687511646,65.76070132392661,0.5029585798816568,0.6820415047297793,sisron
178.8988699913025,454,23291,51.301762114537446,2.5377466052304976,130.19087264850995,227,227,6116,17175,26.94273127753304,75.66079295154185,1.2688733026152488,1.2688733026152488,34.186912417598506,96.00396023091143,0.5,0.7374092997295093,sisron
178.79533195495605,422,16994,40.27014218009479,2.360240591215852,95.04722418749334,211,211,5479,11515,25.966824644549764,54.573459715639814,1.180120295607926,1.180120295607926,30.643976775525246,64.4032474119681,0.5,0.6775920913263505,sisron
178.89828515052795,430,17688,41.13488372093023,2.403600457311209,98.8718253230713,215,215,5589,12099,25.995348837209303,56.27441860465116,1.2018002286556044,1.2018002286556044,31.241216176540338,67.63060914653096,0.5,0.6840230664857531,sisron
178.89780712127686,468,19135,40.886752136752136,2.616018650707873,106.96050615661358,234,234,6119,13016,26.14957264957265,55.623931623931625,1.3080093253539364,1.3080093253539364,34.203884879661274,72.7566212769523,0.5,0.6802194930755161,sisron
179.6145989894867,432,17453,40.40046296296296,2.4051497062623852,97.16916162823473,216,216,5580,11873,25.833333333333332,54.967592592592595,1.2025748531311926,1.2025748531311926,31.06651703922247,66.10264458901226,0.5,0.6802841918294849,sisron
178.99872088432312,424,17149,40.445754716981135,2.3687320105153575,95.80515388756572,212,212,5469,11680,25.797169811320753,55.094339622641506,1.1843660052576788,1.1843660052576788,30.553290956387947,65.25186293117777,0.5,0.6810892763426439,sisron
179.08826112747192,422,16964,40.199052132701425,2.3563800181164734,94.72424319272004,211,211,5469,11495,25.919431279620852,54.47867298578199,1.1781900090582367,1.1781900090582367,30.538014974120834,64.1862282185992,0.5,0.6776114124027353,sisron
178.38038682937622,426,17358,40.74647887323944,2.388154928756131,97.30890435058431,213,213,5477,11881,25.71361502347418,55.779342723004696,1.1940774643780654,1.1940774643780654,30.704048227223772,66.60485612336053,0.5,0.6844682567116027,sisron
178.4808509349823,424,17155,40.45990566037736,2.3756049894364093,96.11675375891888,212,212,5471,11684,25.806603773584907,55.113207547169814,1.1878024947182046,1.1878024947182046,30.653148342468388,65.46360541645049,0.5,0.6810842320023317,sisron
178.78897309303284,430,17423,40.51860465116279,2.4050700250750334,97.45008150437747,215,215,5570,11853,25.906976744186046,55.13023255813953,1.2025350125375167,1.2025350125375167,31.154046603878925,66.29603490049854,0.5,0.680307639327326,sisron
177.97339391708374,432,17493,40.49305555555556,2.427329110784194,98.28997253460165,216,216,5579,11914,25.828703703703702,55.157407407407405,1.213664555392097,1.213664555392097,31.347382196909766,66.94259033769188,0.5,0.6810724289715886,sisron
179.50996017456055,424,17158,40.466981132075475,2.361985928734486,95.5824400123262,212,212,5472,11686,25.81132075471698,55.12264150943396,1.180992964367243,1.180992964367243,30.482988212346953,65.09945179997925,0.5,0.6810817111551463,sisron
1.1901299953460693,21,4766,226.95238095238096,17.645131273154377,4004.6045546597024,12,9,768,3998,64.0,444.22222222222223,10.082932156088216,7.562199117066161,645.3076579896458,3359.296896670057,0.42857142857142855,0.838858581619807,sisron
6.142761945724487,23,5598,243.3913043478261,3.74424407183947,911.3164484416241,13,10,742,4856,57.07692307692308,485.6,2.1163118666918743,1.6279322051475957,120.7925696219516,790.5238788196724,0.43478260869565216,0.8674526616648803,sisron
178.38267016410828,424,17149,40.445754716981135,2.376912508428812,96.13602029963607,212,212,5469,11680,25.797169811320753,55.094339622641506,1.188456254214406,1.188456254214406,30.65880780329522,65.47721249634085,0.5,0.6810892763426439,sisron
178.99732303619385,432,17490,40.486111111111114,2.413443914536354,97.71095848435378,216,216,5578,11912,25.824074074074073,55.148148148148145,1.206721957268177,1.206721957268177,31.162477211305053,66.54848127304872,0.5,0.6810748999428244,sisron
179.40637397766113,432,17435,40.3587962962963,2.407941203102353,97.18160850946649,216,216,5574,11861,25.805555555555557,54.91203703703704,1.2039706015511764,1.2039706015511764,31.069130245584525,66.11247826388197,0.5,0.6802982506452538,sisron
178.39060401916504,424,17149,40.445754716981135,2.3768067961384807,96.13174468627076,212,212,5469,11680,25.797169811320753,55.094339622641506,1.1884033980692403,1.1884033980692403,30.657444264342807,65.47430042192795,0.5,0.6810892763426439,sisron
179.20212388038635,430,17487,40.66744186046512,2.3995251322301065,97.58254880769273,215,215,5577,11910,25.93953488372093,55.395348837209305,1.1997625661150533,1.1997625661150533,31.121282935923965,66.46126587176876,0.5,0.6810773717618802,sisron
179.0078558921814,424,17164,40.4811320754717,2.3686111309851134,95.88406002884078,212,212,5474,11690,25.82075471698113,55.14150943396226,1.1843055654925567,1.1843055654925567,30.579663516538943,65.30439651230184,0.5,0.6810766721044046,sisron
106.39178204536438,259,10407,40.181467181467184,2.4343985505343357,97.81770546490668,129,130,3306,7101,25.627906976744185,54.62307692307692,1.2124996641657502,1.2218988863685853,31.07382860257341,66.74387686233327,0.5019305019305019,0.682329201498991,sisron
178.39204692840576,450,23245,51.65555555555556,2.5225339792227337,130.30289410451653,225,225,6117,17128,27.186666666666667,76.12444444444445,1.2612669896113669,1.2612669896113669,34.289645224234356,96.01324888028218,0.5,0.7368466336846634,sisron
178.38877296447754,432,17472,40.44444444444444,2.421677064206411,97.94338348568152,216,216,5572,11900,25.796296296296298,55.092592592592595,1.2108385321032056,1.2108385321032056,31.235149541106768,66.70823394457476,0.5,0.6810897435897436,sisron
179.1046462059021,424,17176,40.509433962264154,2.3673311049260084,95.89924306181395,212,212,5478,11698,25.839622641509433,55.179245283018865,1.1836655524630042,1.1836655524630042,30.585471209397813,65.31377185241614,0.5,0.6810666045645086,sisron
179.10361194610596,424,17152,40.45283018867924,2.367344775422987,95.7657961982431,212,212,5470,11682,25.80188679245283,55.10377358490566,1.1836723877114934,1.1836723877114934,30.54098094708429,65.2248152511588,0.5,0.6810867537313433,sisron
179.2052240371704,432,17472,40.44444444444444,2.4106440106366285,97.49715776352586,216,216,5572,11900,25.796296296296298,55.092592592592595,1.2053220053183142,1.2053220053183142,31.092843581637254,66.40431418188861,0.5,0.6810897435897436,sisron
179.1436140537262,438,17616,40.21917808219178,2.4449657461339442,98.33451274862,219,219,5699,11917,26.022831050228312,54.41552511415525,1.2224828730669721,1.2224828730669721,31.812465267619515,66.52204748100048,0.5,0.6764872842870118,sisron
178.17999505996704,418,17019,40.71531100478469,2.3459423705748828,95.51577321725821,209,209,5368,11651,25.68421052631579,55.74641148325359,1.1729711852874414,1.1729711852874414,30.126838864224812,65.38893435303339,0.5,0.6845878136200717,sisron
179.30590987205505,428,17317,40.46028037383178,2.386982115120479,96.57796562509658,214,214,5587,11730,26.10747663551402,54.81308411214953,1.1934910575602395,1.1934910575602395,31.159039899948873,65.41892572514772,0.5,0.6773690593058844,sisron
178.28221487998962,426,17349,40.725352112676056,2.389469977623742,97.31200620139508,213,213,5474,11875,25.699530516431924,55.751173708920184,1.194734988811871,1.194734988811871,30.704128304019637,66.60787789737545,0.5,0.684477491498069,sisron
178.70023894309998,424,17164,40.4811320754717,2.3726884894373645,96.0491161148654,212,212,5474,11690,25.82075471698113,55.14150943396226,1.1863442447186823,1.1863442447186823,30.632303752783336,65.41681236208206,0.5,0.6810766721044046,sisron
179.4060640335083,430,17238,40.08837209302325,2.3967974678920965,96.08370872447432,215,215,5570,11668,25.906976744186046,54.269767441860466,1.1983987339460482,1.1983987339460482,31.046888130602273,65.03682059387205,0.5,0.676876667826894,sisron
178.8971140384674,426,17343,40.7112676056338,2.3812569715819967,96.9439898078558,213,213,5472,11871,25.690140845070424,55.732394366197184,1.1906284857909983,1.1906284857909983,30.587413494123677,66.35657631373212,0.5,0.6844836533471718,sisron
178.10494017601013,424,17170,40.49528301886792,2.3806189743023802,96.40383912446195,212,212,5476,11694,25.830188679245282,55.160377358490564,1.1903094871511901,1.1903094871511901,30.745918639810927,65.65792048465102,0.5,0.6810716365754222,sisron
179.10030102729797,424,17149,40.445754716981135,2.367388539092266,95.75081617191809,212,212,5469,11680,25.797169811320753,55.094339622641506,1.183694269546133,1.183694269546133,30.53596207616887,65.21485409574922,0.5,0.6810892763426439,sisron
179.10433197021484,432,17478,40.458333333333336,2.412001961358712,97.58557935330454,216,216,5574,11904,25.805555555555557,55.111111111111114,1.206000980679356,1.206000980679356,31.1215253069756,66.46405404632894,0.5,0.681084792310333,sisron
178.79377794265747,429,17447,40.66899766899767,2.3994123561592193,97.58169551960349,215,214,5578,11869,25.94418604651163,55.46261682242991,1.2025026959772311,1.1969096601819882,31.197953665865093,66.3837418537384,0.4988344988344988,0.6802888748782026,sisron
178.3843810558319,424,17149,40.445754716981135,2.3768897113660064,96.13509825522557,212,212,5469,11680,25.797169811320753,55.094339622641506,1.1884448556830032,1.1884448556830032,30.65851375344502,65.47658450178055,0.5,0.6810892763426439,sisron
176.44346499443054,416,16826,40.44711538461539,2.3576957073084635,95.3619903153178,208,208,5366,11460,25.798076923076923,55.09615384615385,1.1788478536542317,1.1788478536542317,30.412007609175994,64.9499827061418,0.5,0.6810887911565434,sisron
127.4928650856018,315,12668,40.215873015873015,2.4707264974279255,99.36242307751415,157,158,4027,8641,25.64968152866242,54.68987341772152,1.2314414606228072,1.2392850368051183,31.586081286165893,67.77634179134827,0.5015873015873016,0.6821124092200821,sisron
178.99847507476807,440,22998,52.268181818181816,2.4581214997290397,128.4815414790192,220,220,6023,16975,27.37727272727273,77.1590909090909,1.2290607498645199,1.2290607498645199,33.64833134742729,94.83321013159193,0.5,0.7381076615357858,sisron
178.9988341331482,424,17149,40.445754716981135,2.368730511868071,95.80509327364516,212,212,5469,11680,25.797169811320753,55.094339622641506,1.1843652559340354,1.1843652559340354,30.553271625958676,65.25182164768647,0.5,0.6810892763426439,sisron
179.61312794685364,436,17749,40.70871559633027,2.427439491666832,98.81794389356558,218,218,5676,12073,26.03669724770642,55.38073394495413,1.213719745833416,1.213719745833416,31.601253565827836,67.21669032773775,0.5,0.6802073356245423,sisron
178.86766505241394,422,16992,40.2654028436019,2.3592861229353024,94.99760616330963,211,211,5479,11513,25.966824644549764,54.56398104265403,1.1796430614676512,1.1796430614676512,30.63158452029034,64.36602164301928,0.5,0.677554143126177,sisron
178.27606201171875,418,17013,40.70095693779904,2.344678221423375,95.43064732314802,209,209,5366,11647,25.67464114832536,55.72727272727273,1.1723391107116874,1.1723391107116874,30.09938597166945,65.33126135147857,0.5,0.6845941338976077,sisron
178.80203700065613,424,17149,40.445754716981135,2.371337637492598,95.91054043717114,212,212,5469,11680,25.797169811320753,55.094339622641506,1.185668818746299,1.185668818746299,30.586899857186364,65.32364057998477,0.5,0.6810892763426439,sisron
178.49661707878113,432,17496,40.5,2.420213934975209,98.01866436649597,216,216,5580,11916,25.833333333333332,55.166666666666664,1.2101069674876046,1.2101069674876046,31.261096660096452,66.75756770639951,0.5,0.6810699588477366,sisron
177.77326202392578,422,17106,40.535545023696685,2.373810297429344,96.22369418916199,211,211,5469,11637,25.919431279620852,55.15165876777251,1.186905148714672,1.186905148714672,30.76390643753811,65.45978775162388,0.5,0.680287618379516,sisron
179.21079206466675,424,17149,40.445754716981135,2.3659289438718796,95.69178174164826,212,212,5469,11680,25.797169811320753,55.094339622641506,1.1829644719359398,1.1829644719359398,30.517135363290823,65.17464637835744,0.5,0.6810892763426439,sisron
178.9981689453125,430,17303,40.23953488372093,2.4022592104356866,96.6657932980667,215,215,5578,11725,25.94418604651163,54.53488372093023,1.2011296052178433,1.2011296052178433,31.162329943744787,65.50346335432191,0.5,0.677628156967,sisron
179.1014759540558,417,17025,40.827338129496404,2.32828902039295,95.05784309877691,208,209,5370,11655,25.817307692307693,55.76555023923445,1.1613527967427664,1.1669362236501835,29.983002492830074,65.07484060594683,0.5011990407673861,0.6845814977973568,sisron
179.30634689331055,424,17149,40.445754716981135,2.3646681076620513,95.64078626956726,212,212,5469,11680,25.797169811320753,55.094339622641506,1.1823340538310256,1.1823340538310256,30.500872360386225,65.13991390918103,0.5,0.6810892763426439,sisron
176.33648300170898,430,17432,40.53953488372093,2.438519770159149,98.85645728700995,215,215,5573,11859,25.92093023255814,55.15813953488372,1.2192598850795744,1.2192598850795744,31.6043504165045,67.25210687050544,0.5,0.6803005966039468,sisron
178.9094729423523,424,17170,40.49528301886792,2.369913638595426,95.97032352519685,212,212,5476,11694,25.830188679245282,55.160377358490564,1.184956819297713,1.184956819297713,30.607658219218283,65.36266530597855,0.5,0.6810716365754222,sisron
179.31422591209412,424,17149,40.445754716981135,2.3645642047823863,95.63658383918194,212,212,5469,11680,25.797169811320753,55.094339622641506,1.1822821023911931,1.1822821023911931,30.49953216027092,65.13705167891102,0.5,0.6810892763426439,sisron
178.89558005332947,423,17155,40.55555555555556,2.3645078311823133,95.89392870906049,211,212,5471,11684,25.928909952606634,55.113207547169814,1.1794589890767568,1.1850488421055567,30.58208592056368,65.3118427884968,0.5011820330969267,0.6810842320023317,sisron
179.20420098304749,432,17496,40.5,2.4106577726984577,97.63163979428754,216,216,5580,11916,25.833333333333332,55.166666666666664,1.2053288863492289,1.2053288863492289,31.137662897355078,66.49397689693245,0.5,0.6810699588477366,sisron
176.14045190811157,424,17100,40.33018867924528,2.4071699340319115,97.0816176225134,212,212,5467,11633,25.787735849056602,54.87264150943396,1.2035849670159557,1.2035849670159557,31.03773120130297,66.04388642121043,0.5,0.6802923976608187,sisron
143.4759018421173,337,13637,40.46587537091988,2.348826497503665,95.04732031589755,168,169,4336,9301,25.80952380952381,55.03550295857988,1.170928342969186,1.1778981545344787,30.22110294710947,64.8262173687881,0.5014836795252225,0.6820415047297793,sisron
176.43794298171997,441,22971,52.08843537414966,2.499462374970503,130.19308438876968,221,220,6014,16957,27.212669683257918,77.07727272727273,1.2525650450532453,1.2468973299172577,34.08563882782904,96.10744556094063,0.4988662131519274,0.738191632928475,sisron
177.47132802009583,416,16853,40.51201923076923,2.3440406100578373,94.96181827236715,208,208,5375,11478,25.841346153846153,55.18269230769231,1.1720203050289186,1.1720203050289186,30.286582401588646,64.67523587077851,0.5,0.6810656856346051,sisron
179.20296096801758,424,17149,40.445754716981135,2.3660323340063085,95.69596343366553,212,212,5469,11680,25.797169811320753,55.094339622641506,1.1830161670031543,1.1830161670031543,30.518468949718162,65.17749448394736,0.5,0.6810892763426439,sisron
178.69856095314026,440,17749,40.33863636363636,2.462247024559869,99.32368736116618,220,220,5676,12073,25.8,54.877272727272725,1.2311235122799344,1.2311235122799344,31.76298661682231,67.56070074434386,0.5,0.6802073356245423,sisron
178.68676805496216,424,17179,40.51650943396226,2.372867362342029,96.14030287187198,212,212,5479,11700,25.84433962264151,55.18867924528302,1.1864336811710146,1.1864336811710146,30.662594995924476,65.4777078759475,0.5,0.6810640898771756,sisron
179.51180291175842,424,17149,40.445754716981135,2.3619616823102336,95.53132285362781,212,212,5469,11680,25.797169811320753,55.094339622641506,1.1809808411551168,1.1809808411551168,30.465963303194968,65.06535955043285,0.5,0.6810892763426439,sisron
177.0528371334076,416,16826,40.44711538461539,2.349581100959981,95.03377789604,208,208,5366,11460,25.798076923076923,55.09615384615385,1.1747905504799905,1.1747905504799905,30.307336989786677,64.72644090625332,0.5,0.6810887911565434,sisron
179.8580241203308,430,17315,40.26744186046512,2.390774624057452,96.27037817570879,215,215,5582,11733,25.962790697674418,54.57209302325582,1.195387312028726,1.195387312028726,31.035590584857434,65.23478759085135,0.5,0.6776205602079122,sisron
179.51178288459778,424,17287,40.77122641509434,2.361961945821549,96.30008527692716,212,212,5467,11820,25.787735849056602,55.75471698113208,1.1809809729107745,1.1809809729107745,30.454825372184924,65.84525990474224,0.5,0.6837507953953839,sisron
176.44291806221008,414,16826,40.64251207729468,2.3463679049676127,95.36228591542283,207,207,5366,11460,25.92270531400966,55.36231884057971,1.1731839524838064,1.1731839524838064,30.412101879362822,64.95018403606,0.5,0.6810887911565434,sisron
179.20274806022644,430,17306,40.246511627906976,2.3995167744608783,96.5721797646976,215,215,5579,11727,25.948837209302326,54.544186046511626,1.1997583872304391,1.1997583872304391,31.13233508073777,65.43984468395982,0.5,0.6776262567895528,sisron
178.99892210960388,418,17022,40.72248803827751,2.3352095927373906,95.09554470711929,209,209,5369,11653,25.688995215311003,55.75598086124402,1.1676047963686953,1.1676047963686953,29.994594027289594,65.1009506798297,0.5,0.684584655152156,sisron
179.5103600025177,424,17149,40.445754716981135,2.361980667823591,95.53209073704426,212,212,5469,11680,25.797169811320753,55.094339622641506,1.1809903339117955,1.1809903339117955,30.466208189450988,65.06588254759326,0.5,0.6810892763426439,sisron
179.09981298446655,430,17300,40.23255813953488,2.4008958626734813,96.59418238197959,215,215,5577,11723,25.93953488372093,54.52558139534884,1.2004479313367407,1.2004479313367407,31.13906099100001,65.45512139097958,0.5,0.6776300578034682,sisron
178.9992380142212,426,17302,40.6150234741784,2.379898399154945,96.6596293478377,213,213,5472,11830,25.690140845070424,55.539906103286384,1.1899491995774725,1.1899491995774725,30.569962535624082,66.08966681221362,0.5,0.6837359842792741,sisron
179.40823483467102,424,17149,40.445754716981135,2.3633251862197193,95.58647079830652,212,212,5469,11680,25.797169811320753,55.094339622641506,1.1816625931098597,1.1816625931098597,30.483550574140672,65.10292022416584,0.5,0.6810892763426439,sisron
176.54109001159668,416,16832,40.46153846153846,2.356391931038115,95.34324274815758,208,208,5368,11464,25.807692307692307,55.11538461538461,1.1781959655190575,1.1781959655190575,30.406518956280294,64.93672379187728,0.5,0.6810836501901141,sisron
178.99944186210632,432,17496,40.5,2.4134153464723913,97.74332153213184,216,216,5580,11916,25.833333333333332,55.166666666666664,1.2067076732361957,1.2067076732361957,31.173281558601722,66.57003997353013,0.5,0.6810699588477366,sisron
151.88001084327698,363,14606,40.23691460055097,2.390044601554414,96.16802052425281,181,182,4645,9961,25.662983425414364,54.73076923076923,1.1917302283232754,1.1983143732311388,30.58335309702549,65.58466742722732,0.5013774104683195,0.6819800082158017,sisron
179.5307970046997,452,23245,51.426991150442475,2.5176738896121966,129.47639284078653,226,226,6117,17128,27.06637168141593,75.78761061946902,1.2588369448060983,1.2588369448060983,34.072148634419925,95.4042442063666,0.5,0.7368466336846634,sisron
178.80445098876953,432,17490,40.486111111111114,2.416047238259932,97.81635693788475,216,216,5578,11912,25.824074074074073,55.148148148148145,1.208023619129966,1.208023619129966,31.19609142364329,66.62026551424145,0.5,0.6810748999428244,sisron
179.10589790344238,418,16911,40.45693779904306,2.3338148262730445,94.41900126101305,208,210,5408,11503,26.0,54.77619047619048,1.1613241240784526,1.1724907021945916,30.19442722603977,64.22457403497327,0.5023923444976076,0.6802081485423689,sisron
179.92512607574463,421,17076,40.56057007125891,2.339862192580974,94.90614441927009,211,210,5431,11645,25.739336492890995,55.45238095238095,1.172710030010892,1.167152162570082,30.184778071038647,64.72136634823146,0.498812351543943,0.6819512766455844,sisron
178.69671487808228,430,17297,40.22558139534884,2.40631172371228,96.79528810477048,215,215,5576,11721,25.934883720930234,54.51627906976744,1.20315586185614,1.20315586185614,31.20370737539459,65.59158072937589,0.5,0.6776319592993004,sisron
179.29863214492798,426,17305,40.62206572769953,2.3759244278877825,96.51495827370441,213,213,5473,11832,25.694835680751172,55.54929577464789,1.1879622139438912,1.1879622139438912,30.52449388222966,65.99046439147475,0.5,0.6837330251372435,sisron
179.3097438812256,432,17472,40.44444444444444,2.4092388436300256,97.44032656459216,216,216,5572,11900,25.796296296296298,55.092592592592595,1.2046194218150128,1.2046194218150128,31.0747195294132,66.36560703517895,0.5,0.6810897435897436,sisron
176.3428099155426,416,16832,40.46153846153846,2.3590414613402073,95.45044682038069,208,208,5368,11464,25.807692307692307,55.11538461538461,1.1795207306701037,1.1795207306701037,30.44070808767844,65.00973873270225,0.5,0.6810836501901141,sisron
179.62556505203247,432,17496,40.5,2.4050028729199084,97.40261635325629,216,216,5580,11916,25.833333333333332,55.166666666666664,1.2025014364599542,1.2025014364599542,31.064620441882152,66.33799591137414,0.5,0.6810699588477366,sisron
178.5938241481781,424,17149,40.445754716981135,2.3741022514205756,96.02235733398928,212,212,5469,11680,25.797169811320753,55.094339622641506,1.1870511257102878,1.1870511257102878,30.622559464667756,65.39979786932152,0.5,0.6810892763426439,sisron
176.34342098236084,424,17100,40.33018867924528,2.4043993115139326,96.96987789360436,212,212,5467,11633,25.787735849056602,54.87264150943396,1.2021996557569663,1.2021996557569663,31.00200716048743,65.96787073311694,0.5,0.6802923976608187,sisron
179.50991010665894,432,17502,40.513888888888886,2.4065523721967197,97.49879541246989,216,216,5582,11920,25.84259259259259,55.18518518518518,1.2032761860983598,1.2032761860983598,31.095776253708543,66.40301915876134,0.5,0.6810650211404411,sisron
176.43799495697021,416,16826,40.44711538461539,2.3577688020171297,95.36494678543322,208,208,5366,11460,25.798076923076923,55.09615384615385,1.1788844010085648,1.1788844010085648,30.412950460634416,64.95199632479881,0.5,0.6810887911565434,sisron
178.07760310173035,424,17149,40.445754716981135,2.380984428220216,96.30071216874643,212,212,5469,11680,25.797169811320753,55.094339622641506,1.190492214110108,1.190492214110108,30.711329806453683,65.58938236229274,0.5,0.6810892763426439,sisron
179.5094928741455,430,17317,40.27209302325581,2.3954164936640643,96.46843586228047,215,215,5582,11735,25.962790697674418,54.58139534883721,1.1977082468320321,1.1977082468320321,31.095848529378625,65.37258733290186,0.5,0.6776577929202517,sisron
178.28177309036255,426,17285,40.575117370892016,2.389475898829438,96.95326504992215,213,213,5467,11818,25.666666666666668,55.48356807511737,1.194737949414719,1.194737949414719,30.664940701644458,66.2883243482777,0.5,0.6837142030662424,sisron
179.24399185180664,422,16964,40.199052132701425,2.354332748563737,94.6419448972399,211,211,5469,11495,25.919431279620852,54.47867298578199,1.1771663742818685,1.1771663742818685,30.51148294287933,64.13046195436056,0.5,0.6776114124027353,sisron
179.72319388389587,418,17035,40.75358851674641,2.3257988630562334,94.78464983771036,209,209,5374,11661,25.71291866028708,55.79425837320574,1.1628994315281167,1.1628994315281167,29.90153849297655,64.88311134473382,0.5,0.6845318461990021,sisron
142.3512899875641,347,13966,40.247838616714695,2.437631580509837,98.1094024593671,173,174,4441,9525,25.670520231213874,54.741379310344826,1.2153033528190254,1.2223282276908116,31.197469305602844,66.91193315376427,0.5014409221902018,0.6820134612630675,sisron
179.61262893676758,441,22783,51.662131519274375,2.4552839219075935,126.8452008907499,220,221,6013,16770,27.331818181818182,75.88235294117646,1.2248581923348538,1.2304257295727397,33.47760141140671,93.36759947934318,0.5011337868480725,0.736075143747531,sisron
6.65493106842041,55,34483,626.9636363636364,8.264548412979218,5181.571325904772,28,27,7550,26933,269.64285714285717,997.5185185185185,4.207406464789421,4.057141948189798,1134.4971003271473,4047.074225577624,0.4909090909090909,0.7810515326392715,sisron
178.58200597763062,426,17288,40.582159624413144,2.385458700992312,96.80706578111523,213,213,5470,11818,25.68075117370892,55.48356807511737,1.192729350496156,1.192729350496156,30.630185667671235,66.176880113444,0.5,0.6835955576122166,sisron
176.14102005958557,424,17170,40.49528301886792,2.4071621695875716,97.47871332976086,212,212,5476,11694,25.830188679245282,55.160377358490564,1.2035810847937858,1.2035810847937858,31.088726510994206,66.38998681876666,0.5,0.6810716365754222,sisron
179.30162286758423,422,16973,40.220379146919434,2.353576020400276,94.66171989159687,211,211,5472,11501,25.933649289099527,54.507109004739334,1.176788010200138,1.176788010200138,30.518407544147653,64.14331234744922,0.5,0.677605608908266,sisron
178.68987917900085,417,17011,40.79376498800959,2.333652033992783,95.19845263849217,208,209,5366,11645,25.798076923076923,55.717703349282296,1.1640278730707407,1.1696241609220424,30.02968061008459,65.16877202840757,0.5011990407673861,0.6845570513197343,sisron
177.15514612197876,416,16838,40.47596153846154,2.3482241927850436,95.04663211085231,208,208,5370,11468,25.817307692307693,55.13461538461539,1.1741120963925218,1.1741120963925218,30.31241325782616,64.73421885302615,0.5,0.6810785128875163,sisron
178.7919158935547,438,17579,40.13470319634703,2.4497751915179826,98.32100020934844,219,219,5679,11900,25.931506849315067,54.337899543378995,1.2248875957589913,1.2248875957589913,31.76318107906535,66.5578191302831,0.5,0.6769440810057455,sisron
179.6127209663391,418,17011,40.696172248803826,2.327229373014936,94.70932742669156,209,209,5366,11645,25.67464114832536,55.717703349282296,1.163614686507468,1.163614686507468,29.87538951100035,64.83393791569122,0.5,0.6845570513197343,sisron
176.23774313926697,416,16829,40.45432692307692,2.3604478393216124,95.49032857678705,208,208,5367,11462,25.802884615384617,55.10576923076923,1.1802239196608062,1.1802239196608062,30.45318161932474,65.03714695746231,0.5,0.6810862202151049,sisron
179.81804513931274,432,17499,40.50694444444444,2.4024285197034096,97.31503857937491,216,216,5581,11918,25.837962962962962,55.175925925925924,1.2012142598517048,1.2012142598517048,31.036929556631318,66.2781090227436,0.5,0.6810674895708326,sisron
179.00713896751404,424,17149,40.445754716981135,2.368620617286928,95.80064850437152,212,212,5469,11680,25.797169811320753,55.094339622641506,1.184310308643464,1.184310308643464,30.551854141373134,65.2487943629984,0.5,0.6810892763426439,sisron
179.51028990745544,430,17238,40.08837209302325,2.3954058579131132,96.02792134582849,215,215,5570,11668,25.906976744186046,54.269767441860466,1.1977029289565566,1.1977029289565566,31.028861926921028,64.99905941890745,0.5,0.676876667826894,sisron
178.37840485572815,423,17364,41.04964539007092,2.371363284373582,97.34362191456945,212,211,5479,11885,25.84433962264151,56.32701421800948,1.1884846720737574,1.1828786122998245,30.715601501377908,66.62802041319154,0.4988179669030733,0.6844621055056439,sisron
178.18765687942505,424,17149,40.445754716981135,2.37951386434645,96.24123410301243,212,212,5469,11680,25.797169811320753,55.094339622641506,1.189756932173225,1.189756932173225,30.692361613468716,65.54887248954371,0.5,0.6810892763426439,sisron
178.99705600738525,422,16964,40.199052132701425,2.3575806743022,94.77250843332351,211,211,5469,11495,25.919431279620852,54.47867298578199,1.1787903371511,1.1787903371511,30.553575136869032,64.21893329645448,0.5,0.6776114124027353,sisron
179.30333495140076,424,17364,40.95283018867924,2.364707829416129,96.84147818391901,212,212,5479,11885,25.84433962264151,56.06132075471698,1.1823539147080644,1.1823539147080644,30.55715612587493,66.28432205804408,0.5,0.6844621055056439,sisron
178.17699193954468,424,17149,40.445754716981135,2.379656292232517,96.24699470635717,212,212,5469,11680,25.797169811320753,55.094339622641506,1.1898281461162585,1.1898281461162585,30.694198731650086,65.55279597470708,0.5,0.6810892763426439,sisron
176.8554298877716,422,17100,40.52132701421801,2.3861297347092565,96.68914327850305,211,211,5467,11633,25.90995260663507,55.132701421800945,1.1930648673546282,1.1930648673546282,30.912254169799777,65.77688910870327,0.5,0.6802923976608187,sisron
156.369038105011,371,14932,40.24797843665768,2.3725924549772555,95.49204996690129,185,186,4749,10183,25.67027027027027,54.74731182795699,1.1830986635331326,1.1894937914441226,30.370462449291065,65.12158751761022,0.5013477088948787,0.6819582105545138,sisron
179.7147319316864,448,23318,52.049107142857146,2.4928395974254065,129.75007529635187,224,224,6125,17193,27.34375,76.75446428571429,1.2464197987127033,1.2464197987127033,34.08179137105048,95.66828392530138,0.5,0.7373273865683163,sisron
176.3358120918274,416,16826,40.44711538461539,2.359135079057944,95.4202087505504,208,208,5366,11460,25.798076923076923,55.09615384615385,1.179567539528972,1.179567539528972,30.430574120733002,64.9896346298174,0.5,0.6810887911565434,sisron
179.4141571521759,424,17149,40.445754716981135,2.3632471747498203,95.58331556552989,212,212,5469,11680,25.797169811320753,55.094339622641506,1.1816235873749101,1.1816235873749101,30.482544336572566,65.10077122895731,0.5,0.6810892763426439,sisron
179.20656204223633,435,17594,40.44597701149425,2.4273664705284452,98.17720846546543,217,218,5686,11908,26.202764976958527,54.62385321100918,1.2108931588613163,1.2164733116671287,31.72874885384997,66.44845961161546,0.5011494252873563,0.6768216437421848,sisron
179.50413393974304,419,17011,40.599045346062056,2.3342080809161323,94.76661972425855,210,209,5366,11645,25.552380952380954,55.717703349282296,1.1698894916286104,1.1643185892875219,29.893461962281542,64.873157761977,0.4988066825775656,0.6845570513197343,sisron
179.1007559299469,421,16964,40.294536817102134,2.3506321780387633,94.71763484144793,210,211,5469,11495,26.042857142857144,54.47867298578199,1.172524364342376,1.1781078136963872,30.535884517087876,64.18175032436005,0.501187648456057,0.6776114124027353,sisron
176.96155786514282,408,16712,40.96078431372549,2.305585489425476,94.43858994921214,204,204,5271,11441,25.83823529411765,56.083333333333336,1.152792744712738,1.152792744712738,29.786130183239422,64.65245976597272,0.5,0.684597893729057,sisron
177.05581283569336,424,17155,40.45990566037736,2.3947251050914056,96.89035183453552,212,212,5471,11684,25.806603773584907,55.113207547169814,1.1973625525457028,1.1973625525457028,30.89986096687519,65.99049086766034,0.5,0.6810842320023317,sisron
176.7474069595337,424,17100,40.33018867924528,2.3989036517920446,96.74823690010368,212,212,5467,11633,25.787735849056602,54.87264150943396,1.1994518258960223,1.1994518258960223,30.931146849875255,65.81709005022843,0.5,0.6802923976608187,sisron
179.11312413215637,424,17167,40.488207547169814,2.3672190525087204,95.84445630758773,212,212,5475,11692,25.82547169811321,55.15094339622642,1.1836095262543602,1.1836095262543602,30.56727432189916,65.27718198568857,0.5,0.6810741538999243,sisron
179.51045203208923,430,17299,40.230232558139534,2.395403694505395,96.36764770057866,215,215,5576,11723,25.934883720930234,54.52558139534884,1.1977018472526975,1.1977018472526975,31.06225814084205,65.30538955973661,0.5,0.6776692294352274,sisron
179.0002408027649,418,17011,40.696172248803826,2.3351923892693636,95.03339170780178,209,209,5366,11645,25.67464114832536,55.717703349282296,1.1675961946346818,1.1675961946346818,29.977613303395707,65.05577840440608,0.5,0.6845570513197343,sisron
176.95225620269775,416,16835,40.46875,2.3509166196981095,95.13865695340786,208,208,5369,11466,25.8125,55.125,1.1754583098490547,1.1754583098490547,30.341517622978724,64.79713933042913,0.5,0.6810810810810811,sisron
178.7005739212036,440,17767,40.37954545454546,2.4622192886409753,99.42329568473684,220,220,5680,12087,25.818181818181817,54.94090909090909,1.2311096443204876,1.2311096443204876,31.785012635183502,67.63828304955334,0.5,0.6803061856250352,sisron
176.74696493148804,416,16826,40.44711538461539,2.3536472049817263,95.19824007457338,208,208,5366,11460,25.798076923076923,55.09615384615385,1.1768236024908632,1.1768236024908632,30.359785821951785,64.83845425262159,0.5,0.6810887911565434,sisron
176.74714708328247,415,16826,40.54457831325301,2.34798697941333,95.19814196532215,207,208,5366,11460,25.92270531400966,55.09615384615385,1.1711645897314682,1.176822389681862,30.35975453381188,64.83838743151027,0.5012048192771085,0.6810887911565434,sisron
176.74601101875305,416,16856,40.51923076923077,2.3536599078089613,95.36848895679773,208,208,5376,11480,25.846153846153847,55.19230769230769,1.1768299539044806,1.1768299539044806,30.416528039377347,64.95196091742038,0.5,0.6810631229235881,sisron
179.40884685516357,432,17472,40.44444444444444,2.407908013303005,97.38650187136598,216,216,5572,11900,25.796296296296298,55.092592592592595,1.2039540066515024,1.2039540066515024,31.05755428269524,66.32894758867074,0.5,0.6810897435897436,sisron
159.03753304481506,385,15526,40.32727272727273,2.4208121984104918,97.62475374680857,192,193,4952,10574,25.791666666666668,54.78756476683938,1.2072621872592584,1.2135500111512336,31.137303913061704,66.48744983374687,0.5012987012987012,0.6810511400231869,sisron
178.99683690071106,443,22796,51.45823927765237,2.474904069091068,127.35420577652366,221,222,6018,16778,27.23076923076923,75.57657657657657,1.2346586890950926,1.2402453799959754,33.62070584151252,93.73349993501114,0.5011286681715575,0.7360063168977014,sisron
176.53109788894653,416,17028,40.93269230769231,2.3565253089951343,96.45892538838737,208,208,5371,11657,25.822115384615383,56.04326923076923,1.1782626544975672,1.1782626544975672,30.425234217819387,66.03369117056798,0.5,0.6845783415550858,sisron
179.71516299247742,423,17149,40.54137115839244,2.3537245992855156,95.42322258427258,211,212,5469,11680,25.919431279620852,55.094339622641506,1.1740801192653516,1.1796444800201638,30.431488968067338,64.99173361620525,0.5011820330969267,0.6810892763426439,sisron
179.20230102539062,420,16968,40.4,2.343719905362663,94.6862841766516,210,210,5471,11497,26.052380952380954,54.74761904761905,1.1718599526813316,1.1718599526813316,30.52974191009317,64.15654226655843,0.5,0.6775695426685525,sisron
179.36028909683228,435,17637,40.5448275862069,2.425286010579265,98.33280314617586,217,218,5581,12056,25.71889400921659,55.30275229357798,1.209855320220001,1.2154306903592638,31.116140747225007,67.21666239895085,0.5011494252873563,0.6835629642229404,sisron
176.54180097579956,416,16826,40.44711538461539,2.3563824414424404,95.3088724993041,208,208,5366,11460,25.798076923076923,55.09615384615385,1.1781912207212202,1.1781912207212202,30.395067742259943,64.91380475704416,0.5,0.6810887911565434,sisron
176.95008516311646,416,16826,40.44711538461539,2.350945463612081,95.08896242965594,208,208,5366,11460,25.798076923076923,55.09615384615385,1.1754727318060405,1.1754727318060405,30.3249359561116,64.76402647354435,0.5,0.6810887911565434,sisron
179.81654596328735,422,16994,40.27014218009479,2.3468363144187996,94.5074320550547,211,211,5479,11515,25.966824644549764,54.573459715639814,1.1734181572093998,1.1734181572093998,30.46994352298721,64.03748853206748,0.5,0.6775920913263505,sisron
179.50995898246765,426,17334,40.690140845070424,2.3731273875540606,96.56288764286874,213,213,5469,11865,25.676056338028168,55.70422535211268,1.1865636937770303,1.1865636937770303,30.466276250077833,66.0966113927909,0.5,0.6844929041190724,sisron
176.65524005889893,424,17100,40.33018867924528,2.4001552394292602,96.79871366566121,212,212,5467,11633,25.787735849056602,54.87264150943396,1.2000776197146301,1.2000776197146301,30.947284655565486,65.85142901009571,0.5,0.6802923976608187,sisron
176.43980407714844,428,17524,40.94392523364486,2.4257564909381597,99.31999240000073,214,214,5596,11928,26.149532710280372,55.73831775700935,1.2128782454690799,1.2128782454690799,31.716199353481173,67.60379304651956,0.5,0.6806665144944076,sisron
177.15638303756714,424,17158,40.466981132075475,2.393365639611688,96.85228218032391,212,212,5472,11686,25.81132075471698,55.12264150943396,1.196682819805844,1.196682819805844,30.887964103667816,65.96431807665608,0.5,0.6810817111551463,sisron
179.40864515304565,424,17149,40.445754716981135,2.36331978115271,95.58625218629203,212,212,5469,11680,25.797169811320753,55.094339622641506,1.181659890576355,1.181659890576355,30.483480856424926,65.1027713298671,0.5,0.6810892763426439,sisron
176.85796880722046,416,16838,40.47596153846154,2.3521699519994503,95.20634050905467,208,208,5370,11468,25.817307692307693,55.13461538461539,1.1760849759997252,1.1760849759997252,30.36334769768521,64.84299281136946,0.5,0.6810785128875163,sisron
178.48753809928894,432,17441,40.37268518518518,2.420337042016274,97.71550543936536,216,216,5576,11865,25.814814814814813,54.93055555555556,1.210168521008137,1.210168521008137,31.24027626454339,66.47522917482198,0.5,0.6802935611490167,sisron
179.51114797592163,424,17149,40.445754716981135,2.3619702997881356,95.53167139402532,212,212,5469,11680,25.797169811320753,55.094339622641506,1.1809851498940678,1.1809851498940678,30.466074456465364,65.06559693755996,0.5,0.6810892763426439,sisron
178.99776983261108,422,16968,40.208530805687204,2.357571272505972,94.79447713715956,211,211,5471,11497,25.928909952606634,54.48815165876777,1.178785636252986,1.178785636252986,30.564626615829795,64.22985052132977,0.5,0.6775695426685525,sisron
178.78596711158752,418,17037,40.75837320574163,2.337991100493415,95.29271382561318,209,209,5374,11663,25.71291866028708,55.803827751196174,1.1689955502467075,1.1689955502467075,30.05828749773113,65.23442632788205,0.5,0.6845688794975642,sisron
158.72455978393555,387,15575,40.24547803617571,2.4381860030155718,98.12596123247424,193,194,4954,10621,25.66839378238342,54.74742268041237,1.2159428903927787,1.222243112622793,31.211300927491326,66.91466030498292,0.5012919896640827,0.6819261637239166,sisron
179.2029049396515,440,22968,52.2,2.455317340688058,128.16756518391665,220,220,6013,16955,27.331818181818182,77.06818181818181,1.227658670344029,1.227658670344029,33.55414356717567,94.61342161674098,0.5,0.7382009752699408,sisron
176.43896794319153,416,16844,40.49038461538461,2.3577557999202337,95.46643916792408,208,208,5372,11472,25.826923076923077,55.15384615384615,1.1788778999601168,1.1788778999601168,30.446788839354557,65.01965032856953,0.5,0.6810733792448349,sisron
179.20439219474792,430,17484,40.66046511627907,2.3994947597752145,97.56457297653454,215,215,5576,11908,25.934883720930234,55.38604651162791,1.1997473798876073,1.1997473798876073,31.115308791875805,66.44926418465873,0.5,0.6810798444291924,sisron
176.23275804519653,416,16826,40.44711538461539,2.3605146092834395,95.47600676875757,208,208,5366,11460,25.798076923076923,55.09615384615385,1.1802573046417197,1.1802573046417197,30.44836873417052,65.02763803458706,0.5,0.6810887911565434,sisron
179.30889701843262,424,17161,40.47405660377358,2.3646344774315,95.70634968679708,212,212,5473,11688,25.816037735849058,55.132075471698116,1.18231723871575,1.18231723871575,30.522746450430656,65.18360323636644,0.5,0.6810791911893246,sisron
179.10514497756958,432,17490,40.486111111111114,2.4119910126205584,97.65213613595733,216,216,5578,11912,25.824074074074073,55.148148148148145,1.2059955063102792,1.2059955063102792,31.14371728795712,66.50841884800022,0.5,0.6810748999428244,sisron
178.8953411579132,424,17149,40.445754716981135,2.370100849220717,95.8605176020898,212,212,5469,11680,25.797169811320753,55.094339622641506,1.1850504246103586,1.1850504246103586,30.570947038651184,65.28957056343862,0.5,0.6810892763426439,sisron
179.3135211467743,424,17158,40.466981132075475,2.3645734983528732,95.68715114325141,212,212,5472,11686,25.81132075471698,55.12264150943396,1.1822867491764366,1.1822867491764366,30.51638250704463,65.17076863620679,0.5,0.6810817111551463,sisron
178.93905687332153,422,16985,40.24881516587678,2.358344831887381,94.92058523603595,211,211,5476,11509,25.95260663507109,54.54502369668246,1.1791724159436905,1.1791724159436905,30.60259786591303,64.3179873701229,0.5,0.6775978804827789,sisron
179.31259989738464,426,17334,40.690140845070424,2.375739352637725,96.66916887000546,213,213,5469,11865,25.676056338028168,55.70422535211268,1.1878696763188625,1.1878696763188625,30.4998087313984,66.16936013860706,0.5,0.6844929041190724,sisron
179.30851793289185,424,17152,40.45283018867924,2.3646394766292507,95.65635920553045,212,212,5470,11682,25.80188679245283,55.10377358490566,1.1823197383146253,1.1823197383146253,30.50608004047642,65.15027916505403,0.5,0.6810867537313433,sisron
176.33661198616028,415,16853,40.609638554216865,2.3534534055387835,95.57289215312078,207,208,5375,11478,25.966183574879228,55.18269230769231,1.1738912167386222,1.1795621888001615,30.4814748307734,65.09141732234737,0.5012048192771085,0.6810656856346051,sisron
179.01314902305603,432,17472,40.44444444444444,2.4132305495858324,97.60176889436033,216,216,5572,11900,25.796296296296298,55.092592592592595,1.2066152747929162,1.2066152747929162,31.12620514419504,66.47556375016529,0.5,0.6810897435897436,sisron
179.4075698852539,422,16964,40.199052132701425,2.352186143928621,94.55565342560458,211,211,5469,11495,25.919431279620852,54.47867298578199,1.1760930719643106,1.1760930719643106,30.48366355721713,64.07198986838745,0.5,0.6776114124027353,sisron
179.21415495872498,418,17041,40.76794258373206,2.3324050496807582,95.08735514739186,209,209,5376,11665,25.72248803827751,55.813397129186605,1.1662025248403791,1.1662025248403791,29.99763049541568,65.08972465197618,0.5,0.6845255560119712,sisron
179.21673202514648,432,17472,40.44444444444444,2.4104892167065333,97.49089720901978,216,216,5572,11900,25.796296296296298,55.092592592592595,1.2052446083532666,1.2052446083532666,31.09084702659445,66.40005018242533,0.5,0.6810897435897436,sisron
177.984375,424,17149,40.445754716981135,2.382231586340093,96.35115442015626,212,212,5469,11680,25.797169811320753,55.094339622641506,1.1911157931700465,1.1911157931700465,30.7274163813537,65.62373803880256,0.5,0.6810892763426439,sisron
177.78582382202148,424,17179,40.51650943396226,2.384892062172851,96.62750173600804,212,212,5479,11700,25.84433962264151,55.18867924528302,1.1924460310864256,1.1924460310864256,30.817980209068516,65.80952152693952,0.5,0.6810640898771756,sisron
155.25629591941833,371,14929,40.23989218328841,2.3895971355168597,96.15713109469327,185,186,4748,10181,25.664864864864864,54.736559139784944,1.191578086443717,1.1980190490731426,30.581690564512268,65.575440530181,0.5013477088948787,0.6819612834081318,sisron
178.90109300613403,452,23106,51.11946902654867,2.5265357097874306,129.15516396094773,226,226,6116,16990,27.061946902654867,75.17699115044248,1.2632678548937153,1.2632678548937153,34.18648761296444,94.96867634798329,0.5,0.7353068467064832,sisron
177.14913988113403,431,17666,40.988399071925755,2.432978225517766,99.72388244082796,216,215,5575,12091,25.810185185185187,56.23720930232558,1.219311593298927,1.2136666322188392,31.470658021488504,68.25322441933946,0.4988399071925754,0.6844220536624024,sisron
177.8831741809845,448,18139,40.488839285714285,2.518506891181227,101.97142075700063,224,224,5785,12354,25.825892857142858,55.151785714285715,1.2592534455906135,1.2592534455906135,32.521344565811155,69.45007619118947,0.5,0.6810739291030377,sisron
178.28523802757263,453,18441,40.70860927152318,2.540872172097285,103.43537246279479,227,226,5881,12560,25.90748898678414,55.575221238938056,1.2732405807198317,1.2676315913774536,32.986466322525686,70.4489061402691,0.4988962472406181,0.681091047123258,sisron
177.56801295280457,448,18148,40.50892857142857,2.5229769289532626,102.20309220232993,224,224,5788,12360,25.839285714285715,55.17857142857143,1.2614884644766313,1.2614884644766313,32.59596085888724,69.60713134344269,0.5,0.6810667842186466,sisron
177.88234901428223,448,18118,40.441964285714285,2.5185185741168166,101.85383822734036,224,224,5778,12340,25.794642857142858,55.089285714285715,1.2592592870584083,1.2592592870584083,32.48214357421198,69.37169465312839,0.5,0.6810906281046473,sisron
177.57445096969604,456,18450,40.46052631578947,2.5679369836701262,103.90008190507419,228,228,5884,12566,25.80701754385965,55.1140350877193,1.2839684918350631,1.2839684918350631,33.13539739455049,70.7646845105237,0.5,0.6810840108401084,sisron
177.97663807868958,448,18139,40.488839285714285,2.5171843048407503,101.91787077121957,224,224,5785,12354,25.825892857142858,55.151785714285715,1.2585921524203751,1.2585921524203751,32.50426607924942,69.41360469197015,0.5,0.6810739291030377,sisron
178.18836402893066,446,18118,40.62331838565022,2.5029692731652635,101.67891769329204,223,223,5778,12340,25.91031390134529,55.336322869955154,1.2514846365826318,1.2514846365826318,32.426359776567026,69.25255791672501,0.5,0.6810906281046473,sisron
177.88119292259216,448,18148,40.50892857142857,2.5185349425610966,102.02315209285442,224,224,5788,12360,25.839285714285715,55.17857142857143,1.2592674712805483,1.2592674712805483,32.53857198112417,69.48458011173025,0.5,0.6810667842186466,sisron
177.5751690864563,456,18441,40.44078947368421,2.5679265988928135,103.8489789696982,228,228,5881,12560,25.79385964912281,55.08771929824562,1.2839632994464067,1.2839632994464067,33.118369140545255,70.73060982915294,0.5,0.681091047123258,sisron
177.97725105285645,448,18127,40.46205357142857,2.5171756353678654,101.85009540694932,224,224,5781,12346,25.808035714285715,55.11607142857143,1.2585878176839327,1.2585878176839327,32.481679348351854,69.36841605859746,0.5,0.6810834666519556,sisron
176.84626603126526,440,17816,40.49090909090909,2.48803669918714,100.742867801632,220,220,5682,12134,25.827272727272728,55.154545454545456,1.24401834959357,1.24401834959357,32.12960119268484,68.61326660894717,0.5,0.681073192635833,sisron
176.7469358444214,424,17149,40.445754716981135,2.3989100460175394,97.02572730932732,212,212,5469,11680,25.797169811320753,55.094339622641506,1.1994550230087697,1.1994550230087697,30.942544909598876,66.08318239972844,0.5,0.6810892763426439,sisron
179.29976320266724,422,16971,40.21563981042654,2.3536004312677328,94.65154720152772,211,211,5472,11499,25.933649289099527,54.497630331753555,1.1768002156338664,1.1768002156338664,30.51872407558539,64.13282312594232,0.5,0.6775676153438218,sisron
179.20157980918884,418,17034,40.751196172248804,2.332568722022876,95.0549655764059,209,209,5373,11661,25.708133971291865,55.79425837320574,1.166284361011438,1.166284361011438,29.982994601504572,65.07197097490133,0.5,0.6845720324057767,sisron
178.79069304466248,432,17472,40.44444444444444,2.416233153098663,97.7232075253237,216,216,5572,11900,25.796296296296298,55.092592592592595,1.2081165765493316,1.2081165765493316,31.16493316913368,66.55827435619003,0.5,0.6810897435897436,sisron
179.3106710910797,424,17152,40.45283018867924,2.3646110820957884,95.65521056629001,212,212,5470,11682,25.80188679245283,55.10377358490566,1.1823055410478942,1.1823055410478942,30.50571372420746,65.14949684208254,0.5,0.6810867537313433,sisron
27.96662998199463,75,2975,39.666666666666664,2.6817675225183093,106.37677839322626,37,38,936,2039,25.2972972972973,53.6578947368421,1.3230053111090325,1.3587622114092766,33.4684586810285,72.90831971219777,0.5066666666666667,0.6853781512605042,sisron
176.2325417995453,434,22645,52.17741935483871,2.462655282437286,128.49499739813902,218,216,5910,16735,27.110091743119266,77.47685185185185,1.2370019621459178,1.2256533202913682,33.53523668019438,94.95976071794466,0.4976958525345622,0.7390152351512476,sisron
179.30658888816833,432,17472,40.44444444444444,2.4092812354454747,97.44204107801697,216,216,5572,11900,25.796296296296298,55.092592592592595,1.2046406177227373,1.2046406177227373,31.07526630532913,66.36677477268783,0.5,0.6810897435897436,sisron
179.10965394973755,424,17173,40.50235849056604,2.36726491649068,95.87981228984539,212,212,5477,11696,25.83490566037736,55.16981132075472,1.18363245824534,1.18363245824534,30.579032895328897,65.30077939451648,0.5,0.6810691201304373,sisron
176.9568190574646,416,16832,40.46153846153846,2.350856001005019,95.11925050220309,208,208,5368,11464,25.807692307692307,55.11538461538461,1.1754280005025095,1.1754280005025095,30.335084166814767,64.78416633538832,0.5,0.6810836501901141,sisron
178.90329504013062,424,17149,40.445754716981135,2.3699954766338465,95.85625572828734,212,212,5469,11680,25.797169811320753,55.094339622641506,1.1849977383169232,1.1849977383169232,30.569587881392703,65.28666784689463,0.5,0.6810892763426439,sisron
176.54319715499878,424,17164,40.4811320754717,2.401678494741107,97.22266434843482,212,212,5474,11690,25.82075471698113,55.14150943396226,1.2008392473705536,1.2008392473705536,31.006575660879296,66.21608868755553,0.5,0.6810766721044046,sisron
179.35644102096558,422,16979,40.2345971563981,2.3528566780084077,94.66624060640937,211,211,5474,11505,25.94312796208531,54.5260663507109,1.1764283390042038,1.1764283390042038,30.520230937009536,64.14600966939985,0.5,0.6776017433299959,sisron
0.17864584922790527,43,8308,193.2093023255814,240.69968703915012,46505.418602819984,22,21,829,7479,37.68181818181818,356.14285714285717,123.14867708979774,117.55100994935239,4640.466059429197,41864.952543390784,0.4883720930232558,0.9002166586422725,sisron
0.950944185256958,1057,896377,848.038789025544,1111.5268555055986,942617.8885123387,404,653,835,895542,2.0668316831683167,1371.427258805513,424.8409173361039,686.6859381694948,878.0746682565515,941739.8138440822,0.6177861873226111,0.9990684723057375,sisron
179.10186409950256,418,17011,40.696172248803826,2.333867389385597,94.97946928430237,209,209,5366,11645,25.67464114832536,55.717703349282296,1.1669336946927984,1.1669336946927984,29.960603855127065,65.0188654291753,0.5,0.6845570513197343,sisron
179.30830907821655,432,17481,40.46527777777778,2.4092581220625764,97.49129914762939,216,216,5575,11906,25.810185185185187,55.120370370370374,1.2046290610312882,1.2046290610312882,31.091699144673292,66.39960000295609,0.5,0.6810823179451977,sisron
179.20522618293762,422,16985,40.24881516587678,2.3548420377495622,94.77960192221875,211,211,5476,11509,25.95260663507109,54.54502369668246,1.1774210188747811,1.1774210188747811,30.557144546721805,64.22245737549694,0.5,0.6775978804827789,sisron
178.28295612335205,418,17011,40.696172248803826,2.3445875539038648,95.4157389460733,209,209,5366,11645,25.67464114832536,55.717703349282296,1.1722937769519324,1.1722937769519324,30.09822204365583,65.31751690241747,0.5,0.6845570513197343,sisron
179.5123381614685,432,17475,40.451388888888886,2.4065198215591335,97.347069170708,216,216,5573,11902,25.800925925925927,55.101851851851855,1.2032599107795667,1.2032599107795667,31.04521982765984,66.30184934304816,0.5,0.6810872675250358,sisron
179.51215291023254,424,17176,40.509433962264154,2.3619570771457847,95.68154423833961,212,212,5478,11698,25.839622641509433,55.179245283018865,1.1809785385728924,1.1809785385728924,30.51603978444483,65.16550445389478,0.5,0.6810666045645086,sisron
179.0003468990326,422,16964,40.199052132701425,2.3575373305730767,94.77076605649685,211,211,5469,11495,25.919431279620852,54.47867298578199,1.1787686652865383,1.1787686652865383,30.553013414464825,64.21775264203202,0.5,0.6776114124027353,sisron
178.68372106552124,418,17011,40.696172248803826,2.339328941144696,95.20173353543642,209,209,5366,11645,25.67464114832536,55.717703349282296,1.169664470572348,1.169664470572348,30.030715545891002,65.17101798954542,0.5,0.6845570513197343,sisron
179.0090548992157,432,17502,40.513888888888886,2.4132857426861527,97.77159043632648,216,216,5582,11920,25.84259259259259,55.18518518518518,1.2066428713430764,1.2066428713430764,31.18278012887524,66.58881030745124,0.5,0.6810650211404411,sisron
179.11121606826782,424,17149,40.445754716981135,2.3672442703889263,95.74498111532948,212,212,5469,11680,25.797169811320753,55.094339622641506,1.1836221351944631,1.1836221351944631,30.534101214049617,65.21087990127985,0.5,0.6810892763426439,sisron
6.552072048187256,58,34463,594.1896551724138,8.85216151065474,5259.8627955464535,30,28,7550,26913,251.66666666666666,961.1785714285714,4.578704229649004,4.2734572810057365,1152.3072311283327,4107.555564418121,0.4827586206896552,0.7809244697211503,sisron
178.78658890724182,424,17149,40.445754716981135,2.371542533427829,95.91882760790999,212,212,5469,11680,25.797169811320753,55.094339622641506,1.1857712667139144,1.1857712667139144,30.589542724803763,65.32928488310623,0.5,0.6810892763426439,sisron
155.13965702056885,379,15264,40.27440633245383,2.4429601513799346,98.38876979066839,189,190,4855,10409,25.687830687830687,54.78421052631579,1.2182571731155873,1.224702978264347,31.29438399722845,67.09438579343994,0.5013192612137203,0.6819313417190775,sisron
179.81385397911072,440,22986,52.24090909090909,2.4469749702996495,127.83219697115398,220,220,6019,16967,27.35909090909091,77.12272727272727,1.2234874851498247,1.2234874851498247,33.47350533234907,94.3586916388049,0.5,0.7381449578004002,sisron
178.90064597129822,425,17474,41.11529411764706,2.3756202650502702,97.67432590938452,213,212,5573,11901,26.164319248826292,56.136792452830186,1.1906049798957825,1.1850152851544877,31.151368793235658,66.52295711614886,0.4988235294117647,0.6810690168249971,sisron
176.02735209465027,432,17480,40.46296296296296,2.4541640538210943,99.30274921479798,216,216,5575,11905,25.810185185185187,55.11574074074074,1.2270820269105471,1.2270820269105471,31.671214351973614,67.63153486282437,0.5,0.6810640732265446,sisron
179.91759991645813,421,16988,40.351543942992876,2.3399600716966247,94.42100165791511,211,210,5477,11511,25.95734597156398,54.81428571428572,1.172759085814698,1.1672009858819268,30.441713331787206,63.9792883261279,0.498812351543943,0.6775959500824111,sisron
179.46542501449585,419,17011,40.599045346062056,2.3347115466177195,94.78705995110747,209,210,5366,11645,25.67464114832536,55.45238095238095,1.1645697213439221,1.1701418252737974,29.899909687710462,64.887150263397,0.5011933174224343,0.6845570513197343,sisron
178.5892300605774,424,17149,40.445754716981135,2.374163323601201,96.02482744442689,212,212,5469,11680,25.797169811320753,55.094339622641506,1.1870816618006006,1.1870816618006006,30.62334720937493,65.40148023505196,0.5,0.6810892763426439,sisron
179.61864590644836,431,17502,40.60788863109049,2.399528166048417,97.4397725340589,215,216,5582,11920,25.962790697674418,55.18518518518518,1.196980407657563,1.202547758390854,31.076951793230307,66.3628207408286,0.5011600928074246,0.6810650211404411,sisron
176.64224791526794,416,16826,40.44711538461539,2.3550424935689653,95.25467547305628,208,208,5366,11460,25.798076923076923,55.09615384615385,1.1775212467844827,1.1775212467844827,30.37778370310353,64.87689176995275,0.5,0.6810887911565434,sisron
179.3469090461731,422,16964,40.199052132701425,2.3529817282290355,94.58763516037288,211,211,5469,11495,25.919431279620852,54.47867298578199,1.1764908641145178,1.1764908641145178,30.493974103517996,64.09366105685488,0.5,0.6776114124027353,sisron
179.61752104759216,426,17364,40.76056338028169,2.371706265153973,96.6720835402197,213,213,5479,11885,25.72300469483568,55.798122065727696,1.1858531325769865,1.1858531325769865,30.503705696663427,66.16837784355627,0.5,0.6844621055056439,sisron
179.00247597694397,422,16964,40.199052132701425,2.3575092897282315,94.76963884111308,211,211,5469,11495,25.919431279620852,54.47867298578199,1.1787546448641157,1.1787546448641157,30.55265001308933,64.21698882802374,0.5,0.6776114124027353,sisron
178.89608883857727,416,17011,40.89182692307692,2.3253722465412197,95.08871943729011,208,208,5366,11645,25.798076923076923,55.98557692307692,1.1626861232706098,1.1626861232706098,29.99506604552929,65.09365339176082,0.5,0.6845570513197343,sisron
179.71894788742065,430,17496,40.688372093023254,2.3926247346460103,97.3520054822479,215,215,5580,11916,25.953488372093023,55.42325581395349,1.1963123673230052,1.1963123673230052,31.04847911470869,66.3035263675392,0.5,0.6810699588477366,sisron
179.41106510162354,424,17155,40.45990566037736,2.3632879040087875,95.61840564450648,212,212,5471,11684,25.806603773584907,55.113207547169814,1.1816439520043938,1.1816439520043938,30.49421727083037,65.12418837367612,0.5,0.6810842320023317,sisron
176.74746680259705,416,16826,40.44711538461539,2.353640521844738,95.19796976096048,208,208,5366,11460,25.798076923076923,55.09615384615385,1.176820260922369,1.176820260922369,30.35969961591073,64.83827014504975,0.5,0.6810887911565434,sisron
179.45234203338623,422,16980,40.23696682464455,2.351599289361679,94.62122259090357,211,211,5475,11505,25.9478672985782,54.5260663507109,1.1757996446808394,1.1757996446808394,30.50949314989382,64.11172944100976,0.5,0.6775618374558304,sisron
179.21557307243347,424,17348,40.91509433962264,2.365865827009532,96.79962350698433,212,212,5473,11875,25.816037735849058,56.014150943396224,1.182932913504766,1.182932913504766,30.538640734016905,66.26098277296742,0.5,0.6845169471985243,sisron
176.85722708702087,416,16826,40.44711538461539,2.3521798167473884,95.13888845334509,208,208,5366,11460,25.798076923076923,55.09615384615385,1.1760899083736942,1.1760899083736942,30.340857924679053,64.79803052866603,0.5,0.6810887911565434,sisron
159.34879302978516,379,15252,40.24274406332454,2.3784303149955965,95.71456243882015,189,190,4851,10401,25.666666666666668,54.742105263157896,1.186077386633688,1.1923529283619085,30.44265292359799,65.27190951522216,0.5013192612137203,0.6819433516915814,sisron
179.22042322158813,452,23134,51.18141592920354,2.5220339952057094,129.08127089621433,226,226,6126,17008,27.106194690265486,75.2566371681416,1.2610169976028547,1.2610169976028547,34.18137224475702,94.8998986514573,0.5,0.7351949511541455,sisron
179.20502591133118,418,17013,40.70095693779904,2.3325238668630988,94.9359534615835,209,209,5366,11647,25.67464114832536,55.72727272727273,1.1662619334315494,1.1662619334315494,29.943356625807148,64.99259683577634,0.5,0.6845941338976077,sisron
179.41162705421448,420,16964,40.39047619047619,2.340985402652219,94.55351516807676,210,210,5469,11495,26.042857142857144,54.73809523809524,1.1704927013261095,1.1704927013261095,30.48297420739282,64.07054096068394,0.5,0.6776114124027353,sisron
178.79325199127197,426,17355,40.73943661971831,2.382640257702767,97.06742176627117,213,213,5476,11879,25.708920187793428,55.76995305164319,1.1913201288513835,1.1913201288513835,30.627554110751998,66.43986765551918,0.5,0.6844713339095362,sisron
176.85290598869324,416,16835,40.46875,2.352237288238827,95.19210275841503,208,208,5369,11466,25.8125,55.125,1.1761186441194136,1.1761186441194136,30.35856250133236,64.83354025708267,0.5,0.6810810810810811,sisron
179.21687507629395,424,17149,40.445754716981135,2.365848639083234,95.6885337538641,212,212,5469,11680,25.797169811320753,55.094339622641506,1.182924319541617,1.182924319541617,30.51609954515615,65.17243420870795,0.5,0.6810892763426439,sisron
179.3440580368042,422,16977,40.22985781990521,2.353019133276214,94.66162517921867,211,211,5474,11503,25.94312796208531,54.51658767772512,1.176509566638107,1.176509566638107,30.522338235909938,64.13928694330873,0.5,0.6775637627378217,sisron
178.1815481185913,426,17351,40.73004694835681,2.3908199502030905,97.37820881683994,213,213,5474,11877,25.699530516431924,55.76056338028169,1.1954099751015452,1.1954099751015452,30.721475134769285,66.65673368207067,0.5,0.6845138608725722,sisron
179.40980792045593,422,16964,40.199052132701425,2.352156801745756,94.55447389766589,211,211,5469,11495,25.919431279620852,54.47867298578199,1.176078400872878,1.176078400872878,30.483283290870943,64.07119060679494,0.5,0.6776114124027353,sisron
179.51144194602966,418,17017,40.71052631578947,2.3285423785168646,94.79618577804183,209,209,5368,11649,25.68421052631579,55.73684210526316,1.1642711892584323,1.1642711892584323,29.90338633463763,64.8927994434042,0.5,0.6845507433742728,sisron
179.30736017227173,432,17496,40.5,2.409270872009664,97.57547031639139,216,216,5580,11916,25.833333333333332,55.166666666666664,1.204635436004832,1.204635436004832,31.11974876345816,66.45572155293323,0.5,0.6810699588477366,sisron
179.09197092056274,422,17149,40.63744075829384,2.3563312069818054,95.75526983064213,211,211,5469,11680,25.919431279620852,55.355450236966824,1.1781656034909027,1.1781656034909027,30.53738239569548,65.21788743494665,0.5,0.6810892763426439,sisron
179.10207295417786,422,16965,40.20142180094787,2.356198300998817,94.72252174513015,211,211,5470,11495,25.924170616113745,54.47867298578199,1.1780991504994085,1.1780991504994085,30.541243380245326,64.18127836488483,0.5,0.677571470674919,sisron
178.67923998832703,426,17363,40.75821596244131,2.38416057751214,97.1741317073786,213,213,5478,11885,25.718309859154928,55.798122065727696,1.19208028875607,1.19208028875607,30.65829024321949,66.51584146415911,0.5,0.6845015262339458,sisron
176.75208187103271,416,16826,40.44711538461539,2.353579067337576,95.19548410341838,208,208,5366,11460,25.798076923076923,55.09615384615385,1.176789533668788,1.176789533668788,30.35890691185921,64.83657719155917,0.5,0.6810887911565434,sisron
179.20095300674438,424,17149,40.445754716981135,2.3660588455913087,95.69703571472961,212,212,5469,11680,25.797169811320753,55.094339622641506,1.1830294227956544,1.1830294227956544,30.518810911648274,65.17822480308133,0.5,0.6810892763426439,sisron
178.99734807014465,424,17179,40.51650943396226,2.368750177426343,95.97348891039421,212,212,5479,11700,25.84433962264151,55.18867924528302,1.1843750887131714,1.1843750887131714,30.60939203329937,65.36409687709484,0.5,0.6810640898771756,sisron
176.7394859790802,424,17149,40.445754716981135,2.3990111640937264,97.02981710623422,212,212,5469,11680,25.797169811320753,55.094339622641506,1.1995055820468632,1.1995055820468632,30.943849189690066,66.08596791654416,0.5,0.6810892763426439,sisron
162.31705403327942,387,15575,40.24547803617571,2.3842226702848763,95.95418111030219,193,194,4954,10621,25.66839378238342,54.74742268041237,1.1890309440955584,1.195191726189318,30.52051449248392,65.43366661781828,0.5012919896640827,0.6819261637239166,sisron
179.61308407783508,441,22980,52.10884353741496,2.45527770019746,127.9416815204935,221,220,6017,16963,27.226244343891402,77.10454545454546,1.23042261166358,1.2248550885338805,33.49978667140163,94.44189484909188,0.4988662131519274,0.7381636205395996,sisron
176.95888710021973,422,17167,40.68009478672986,2.384734708243291,97.01123397254166,211,211,5475,11692,25.9478672985782,55.41232227488152,1.1923673541216455,1.1923673541216455,30.93938987590526,66.0718440966364,0.5,0.6810741538999243,sisron
176.23343992233276,416,16826,40.44711538461539,2.3605054760511623,95.47563735585783,208,208,5366,11460,25.798076923076923,55.09615384615385,1.1802527380255812,1.1802527380255812,30.448250924256097,65.02738643160173,0.5,0.6810887911565434,sisron
179.71481585502625,422,16965,40.20142180094787,2.348164774241108,94.39956254739431,211,211,5470,11495,25.924170616113745,54.47867298578199,1.174082387120554,1.174082387120554,30.43711212108735,63.96245042630696,0.5,0.677571470674919,sisron
179.62075281143188,426,17363,40.75821596244131,2.3716635930549748,96.6647769159942,213,213,5478,11885,25.718309859154928,55.798122065727696,1.1858317965274874,1.1858317965274874,30.49758958393228,66.16718733206191,0.5,0.6845015262339458,sisron
176.33651900291443,416,16826,40.44711538461539,2.3591256215799774,95.41982622284783,208,208,5366,11460,25.798076923076923,55.09615384615385,1.1795628107899887,1.1795628107899887,30.430452128360958,64.98937409448688,0.5,0.6810887911565434,sisron
179.51995587348938,424,17149,40.445754716981135,2.3618544129923897,95.52698426510966,212,212,5469,11680,25.797169811320753,55.094339622641506,1.1809272064961949,1.1809272064961949,30.46457968079099,65.06240458431867,0.5,0.6810892763426439,sisron
178.93829894065857,422,16994,40.27014218009479,2.358354821177484,94.9712839599293,211,211,5479,11515,25.966824644549764,54.573459715639814,1.179177410588742,1.179177410588742,30.61949304557212,64.35179091435717,0.5,0.6775920913263505,sisron
177.98376607894897,418,17011,40.696172248803826,2.348528796803783,95.57613244600276,209,209,5366,11645,25.67464114832536,55.717703349282296,1.1742643984018915,1.1742643984018915,30.148817042222728,65.42731540378003,0.5,0.6845570513197343,sisron
179.1014850139618,424,17149,40.445754716981135,2.3673728889905474,95.75018319174269,212,212,5469,11680,25.797169811320753,55.094339622641506,1.1836864444952737,1.1836864444952737,30.535760212003076,65.21442297973961,0.5,0.6810892763426439,sisron
176.7454309463501,415,16847,40.59518072289157,2.3480097775538566,95.31788125891524,207,208,5373,11474,25.956521739130434,55.16346153846154,1.1711759613340922,1.1768338162197642,30.39965430071535,64.91822695819988,0.5012048192771085,0.6810708137947409,sisron
179.8174958229065,430,17296,40.223255813953486,2.391313470539519,96.186413456864,215,215,5575,11721,25.930232558139537,54.51627906976744,1.1956567352697596,1.1956567352697596,31.00365720525074,65.18275625161326,0.5,0.6776711378353376,sisron
179.2035310268402,418,17011,40.696172248803826,2.3325433243689493,94.92558490631626,209,209,5366,11645,25.67464114832536,55.717703349282296,1.1662716621844746,1.1662716621844746,29.943606408047323,64.98197849826893,0.5,0.6845570513197343,sisron
176.4386899471283,416,16838,40.47596153846154,2.3577595147904282,95.4325834375991,208,208,5370,11468,25.817307692307693,55.13461538461539,1.1788797573952141,1.1788797573952141,30.435501428905287,64.99708200869382,0.5,0.6810785128875163,sisron
176.95218300819397,424,17167,40.488207547169814,2.39612754582613,97.01490938489898,212,212,5475,11692,25.82547169811321,55.15094339622642,1.198063772913065,1.198063772913065,30.940562059901087,66.0743473249979,0.5,0.6810741538999243,sisron
179.4080719947815,422,16964,40.199052132701425,2.3521795608632083,94.55538879261485,211,211,5469,11495,25.919431279620852,54.47867298578199,1.1760897804316042,1.1760897804316042,30.483578242561343,64.07181055005351,0.5,0.6776114124027353,sisron
178.58841919898987,418,17014,40.70334928229665,2.3405772998877876,95.2693353595474,209,209,5367,11647,25.679425837320576,55.72727272727273,1.1702886499438938,1.1702886499438938,30.052340594492236,65.21699476505516,0.5,0.6845538967908781,sisron
178.9935691356659,422,16991,40.26303317535545,2.357626600987829,94.92519805067347,211,211,5478,11513,25.96208530805687,54.56398104265403,1.1788133004939145,1.1788133004939145,30.604451469695093,64.32074658097838,0.5,0.677594020363722,sisron
175.20051884651184,421,17052,40.503562945368174,2.4029609202745914,97.32847888960174,210,211,5366,11686,25.552380952380954,55.38388625592417,1.1986265873103663,1.204334332964225,30.627763178606788,66.70071571099496,0.501187648456057,0.6853155055125498,sisron
178.59545397758484,446,22968,51.497757847533634,2.4972640124198042,128.6034973929553,223,223,6013,16955,26.96412556053812,76.03139013452915,1.2486320062099021,1.2486320062099021,33.66827019435041,94.93522719860489,0.5,0.7382009752699408,sisron
178.58741998672485,424,17179,40.51650943396226,2.3741873869476233,96.19378566125759,212,212,5479,11700,25.84433962264151,55.18867924528302,1.1870936934738117,1.1870936934738117,30.67965257803308,65.51413308322451,0.5,0.6810640898771756,sisron
178.17852187156677,432,17472,40.44444444444444,2.424534649082962,98.05895691846646,216,216,5572,11900,25.796296296296298,55.092592592592595,1.212267324541481,1.212267324541481,31.272007094190425,66.78694982427604,0.5,0.6810897435897436,sisron
178.90274500846863,424,17149,40.445754716981135,2.370002763120987,95.85655043575898,212,212,5469,11680,25.797169811320753,55.094339622641506,1.1850013815604934,1.1850013815604934,30.569681866765748,65.28686856899323,0.5,0.6810892763426439,sisron
176.5413179397583,416,16853,40.51201923076923,2.3563888887583406,95.46207197654884,208,208,5375,11478,25.841346153846153,55.18269230769231,1.1781944443791703,1.1781944443791703,30.44613047374058,65.01594150280826,0.5,0.6810656856346051,sisron
178.89523196220398,432,17475,40.451388888888886,2.414821207148051,97.68287174748193,216,216,5573,11902,25.800925925925927,55.101851851851855,1.2074106035740255,1.2074106035740255,31.152311544990944,66.53056020249097,0.5,0.6810872675250358,sisron
179.407231092453,424,17149,40.445754716981135,2.363338408480884,95.58700558263838,212,212,5469,11680,25.797169811320753,55.094339622641506,1.181669204240442,1.181669204240442,30.483721122598947,65.10328446003943,0.5,0.6810892763426439,sisron
178.39133715629578,424,17173,40.50235849056604,2.37679702814558,96.26588529326426,212,212,5477,11696,25.83490566037736,55.16981132075472,1.18839851407279,1.18839851407279,30.702163498003166,65.5637217952611,0.5,0.6810691201304373,sisron
178.38355588912964,424,17155,40.45990566037736,2.376900706383092,96.1691783443442,212,212,5471,11684,25.806603773584907,55.113207547169814,1.188450353191546,1.188450353191546,30.669867369391266,65.49931097495293,0.5,0.6810842320023317,sisron
179.1042718887329,432,17472,40.44444444444444,2.412002770477616,97.55211205042804,216,216,5572,11900,25.796296296296298,55.092592592592595,1.206001385238808,1.206001385238808,31.11036906736407,66.44174298306396,0.5,0.6810897435897436,sisron
179.41905188560486,424,17170,40.49528301886792,2.363182702973688,95.69775238221277,212,212,5476,11694,25.830188679245282,55.160377358490564,1.181591351486844,1.181591351486844,30.52072755066961,65.17702483154316,0.5,0.6810716365754222,sisron
179.41180205345154,422,16973,40.220379146919434,2.3521306579055206,94.60358686405309,211,211,5472,11501,25.933649289099527,54.507109004739334,1.1760653289527603,1.1760653289527603,30.499665782130354,64.10392108192273,0.5,0.677605608908266,sisron
178.48099899291992,419,17334,41.369928400954656,2.347588832224214,97.11958190399648,210,209,5469,11865,26.042857142857144,56.770334928229666,1.1765958347663126,1.1709929974579014,30.641917239699826,66.47766466429665,0.4988066825775656,0.6844929041190724,sisron
178.18165016174316,424,17164,40.4811320754717,2.379594080620069,96.32866226359167,212,212,5474,11690,25.82075471698113,55.14150943396226,1.1897970403100344,1.1897970403100344,30.721457540835512,65.60720472275615,0.5,0.6810766721044046,sisron
178.89807891845703,424,17164,40.4811320754717,2.370064578464602,95.94289722822272,212,212,5474,11690,25.82075471698113,55.14150943396226,1.185032289232301,1.185032289232301,30.598428071969888,65.34446915625283,0.5,0.6810766721044046,sisron
179.40862607955933,432,17472,40.44444444444444,2.4079109764121833,97.38662171267053,216,216,5572,11900,25.796296296296298,55.092592592592595,1.2039554882060917,1.2039554882060917,31.057592501316403,66.32902921135413,0.5,0.6810897435897436,sisron
179.1759819984436,423,17161,40.56973995271868,2.360807488158063,95.7773458730036,211,212,5473,11688,25.938388625592417,55.132075471698116,1.1776131914925563,1.183194296665507,30.54538861155811,65.23195726144549,0.5011820330969267,0.6810791911893246,sisron
178.43903303146362,432,17844,41.30555555555556,2.420994962037408,100.00054190415625,216,216,5698,12146,26.37962962962963,56.23148148148148,1.210497481018704,1.210497481018704,31.93247521687303,68.06806668728322,0.5,0.6806769782559964,sisron
137.83622097969055,329,13314,40.46808510638298,2.3868907436781543,96.5928977548053,164,165,4233,9081,25.8109756097561,55.03636363636364,1.1898178783076514,1.197072865370503,30.71036023705054,65.88253751775477,0.5015197568389058,0.6820639927895449,sisron
179.2040650844574,456,23291,51.07675438596491,2.5445851341881722,129.96914991310686,228,228,6116,17175,26.82456140350877,75.32894736842105,1.2722925670940861,1.2722925670940861,34.12869008924312,95.84045982386372,0.5,0.7374092997295093,sisron
179.44875502586365,422,16974,40.22274881516588,2.3516462955631976,94.58967824855384,211,211,5473,11501,25.938388625592417,54.507109004739334,1.1758231477815988,1.1758231477815988,30.498957762126494,64.09072048642734,0.5,0.6775656887003653,sisron
179.50906586647034,418,17031,40.74401913875598,2.328573200369354,94.87543104184323,209,209,5372,11659,25.70334928229665,55.78468899521531,1.164286600184677,1.164286600184677,29.926065149244426,64.9493658925988,0.5,0.6845751864247549,sisron
178.8938410282135,432,17472,40.44444444444444,2.414839982846972,97.66686152847753,216,216,5572,11900,25.796296296296298,55.092592592592595,1.207419991423486,1.207419991423486,31.146963852831774,66.51989767564575,0.5,0.6810897435897436,sisron
179.14042210578918,422,16968,40.208530805687204,2.3556939022438668,94.71899083714202,211,211,5471,11497,25.928909952606634,54.48815165876777,1.1778469511219334,1.1778469511219334,30.54028753359288,64.17870330354914,0.5,0.6775695426685525,sisron
179.20153498649597,418,17037,40.75837320574163,2.332569305455442,95.07173028001044,209,209,5374,11663,25.71291866028708,55.803827751196174,1.166284652727721,1.166284652727721,29.988582410329055,65.08314786968138,0.5,0.6845688794975642,sisron
179.5179100036621,432,17472,40.44444444444444,2.406445128462042,97.32733630668704,216,216,5572,11900,25.796296296296298,55.092592592592595,1.203222564231021,1.203222564231021,31.038685777292823,66.28865052939422,0.5,0.6810897435897436,sisron
178.89460277557373,419,16964,40.48687350835322,2.3421612139167918,94.82678480402018,210,209,5469,11495,26.042857142857144,55.0,1.1738755487411128,1.1682856651756788,30.571073219357835,64.25571158466234,0.4988066825775656,0.6776114124027353,sisron
178.27423214912415,418,17041,40.76794258373206,2.3447022879355233,95.5886882505006,209,209,5376,11665,25.72248803827751,55.813397129186605,1.1723511439677616,1.1723511439677616,30.155788277371705,65.4328999731289,0.5,0.6845255560119712,sisron
179.20327615737915,422,16964,40.199052132701425,2.354867662293143,94.6634479221348,211,211,5469,11495,25.919431279620852,54.47867298578199,1.1774338311465715,1.1774338311465715,30.518415272704264,64.14503264943052,0.5,0.6776114124027353,sisron
178.79382395744324,423,17334,40.97872340425532,2.365853532506151,96.94965752354994,212,211,5469,11865,25.797169811320753,56.23222748815166,1.1857232834309788,1.1801302490751724,30.58830489190577,66.36135263164417,0.4988179669030733,0.6844929041190724,sisron
176.02935695648193,416,16853,40.51201923076923,2.3632421727407875,95.73971234903964,208,208,5375,11478,25.841346153846153,55.18269230769231,1.1816210863703938,1.1816210863703938,30.534679515581086,65.20503283345855,0.5,0.6810656856346051,sisron
178.48774909973145,424,17152,40.45283018867924,2.3755131774511127,96.09623117839972,212,212,5470,11682,25.80188679245283,55.10377358490566,1.1877565887255563,1.1877565887255563,30.64636103928676,65.44987013911296,0.5,0.6810867537313433,sisron
177.9742078781128,429,17472,40.72727272727273,2.4104616343835867,98.1715283821679,215,214,5572,11900,25.91627906976744,55.60747663551402,1.2080402130360632,1.2024214213475235,31.30790728854393,66.86362109362398,0.4988344988344988,0.6810897435897436,sisron
176.4398980140686,414,16847,40.693236714975846,2.346408066768375,95.48293889093434,207,207,5373,11474,25.956521739130434,55.429951690821255,1.1732040333841876,1.1732040333841876,30.452295996972175,65.03064289396217,0.5,0.6810708137947409,sisron
179.1012978553772,424,17158,40.466981132075475,2.3673753628651895,95.80053414160595,212,212,5472,11686,25.81132075471698,55.12264150943396,1.1836876814325947,1.1836876814325947,30.552542418863958,65.247991722742,0.5,0.6810817111551463,sisron
178.79321789741516,432,17472,40.44444444444444,2.416199031933445,97.72182751375266,216,216,5572,11900,25.796296296296298,55.092592592592595,1.2080995159667225,1.2080995159667225,31.164493069289712,66.55733444446295,0.5,0.6810897435897436,sisron
179.40901517868042,424,17167,40.488207547169814,2.363314906877572,95.68638444897942,212,212,5475,11692,25.82547169811321,55.15094339622642,1.181657453438786,1.181657453438786,30.516861120647892,65.16952332833154,0.5,0.6810741538999243,sisron
155.14175510406494,371,14941,40.2722371967655,2.391361369807523,96.30547230807062,185,186,4752,10189,25.686486486486487,54.77956989247312,1.1924578259148024,1.1989035438927205,30.630051831065632,65.67542047700499,0.5013477088948787,0.6819489993976307,sisron
178.31381487846375,440,22968,52.2,2.467559792267907,128.80662115638475,220,220,6013,16955,27.331818181818182,77.06818181818181,1.2337798961339534,1.2337798961339534,33.72144779751574,95.085173358869,0.5,0.7382009752699408,sisron
178.710853099823,432,17472,40.44444444444444,2.4173126170389696,97.76686584468722,216,216,5572,11900,25.796296296296298,55.092592592592595,1.2086563085194848,1.2086563085194848,31.17885625495634,66.58800958973087,0.5,0.6810897435897436,sisron
179.0115270614624,424,17179,40.51650943396226,2.368562555496342,95.96588712469732,212,212,5479,11700,25.84433962264151,55.18867924528302,1.184281277748171,1.184281277748171,30.606967550859572,65.35891957383774,0.5,0.6810640898771756,sisron
179.10997796058655,424,17149,40.445754716981135,2.3672606340965654,95.74564295783492,212,212,5469,11680,25.797169811320753,55.094339622641506,1.1836303170482827,1.1836303170482827,30.534312282721974,65.21133067511293,0.5,0.6810892763426439,sisron
179.41458010673523,430,17287,40.20232558139535,2.396683701760411,96.35225849379587,215,215,5572,11715,25.91627906976744,54.48837209302326,1.1983418508802055,1.1983418508802055,31.056561828393047,65.29569666540283,0.5,0.6776768670098918,sisron
178.78818082809448,417,17038,40.858513189448445,2.3323689411043738,95.29712714277295,208,209,5375,11663,25.841346153846153,55.803827751196174,1.1633878651072176,1.1689810759971562,30.063508533419682,65.23361860935326,0.5011990407673861,0.6845287005517079,sisron
179.00532817840576,421,17152,40.74109263657957,2.351885300198495,95.81837688599666,210,211,5470,11682,26.047619047619047,55.36492890995261,1.1731494371536437,1.1787358630448515,30.557749624906815,65.26062726108984,0.501187648456057,0.6810867537313433,sisron
177.0528380870819,424,17149,40.445754716981135,2.3947653400023965,96.85809154646486,212,212,5469,11680,25.797169811320753,55.094339622641506,1.1973826700011982,1.1973826700011982,30.889084067153554,65.9690074793113,0.5,0.6810892763426439,sisron
179.41037106513977,424,17170,40.49528301886792,2.363297046222904,95.70238274445109,212,212,5476,11694,25.830188679245282,55.160377358490564,1.181648523111452,1.181648523111452,30.522204304520336,65.18017843993076,0.5,0.6810716365754222,sisron
178.69369792938232,424,17158,40.466981132075475,2.372775340782079,96.01905494608233,212,212,5472,11686,25.81132075471698,55.12264150943396,1.1863876703910394,1.1863876703910394,30.622232699904565,65.39682224617776,0.5,0.6810817111551463,sisron
176.445543050766,415,16826,40.54457831325301,2.3520004689526126,95.36086720625701,207,208,5366,11460,25.92270531400966,55.09615384615385,1.173166498971544,1.1788339699810684,30.411649437107755,64.94921776914926,0.5012048192771085,0.6810887911565434,sisron
178.60033011436462,429,17487,40.76223776223776,2.4020112377468443,97.9113531806039,215,214,5577,11910,25.93953488372093,55.654205607476634,1.203805165770563,1.1982060719762815,31.22614609070898,66.68520708989492,0.4988344988344988,0.6810773717618802,sisron
178.9419138431549,422,16979,40.2345971563981,2.358307178774722,94.88553930904266,211,211,5474,11505,25.94312796208531,54.5260663507109,1.179153589387361,1.179153589387361,30.5909324564285,64.29460685261417,0.5,0.6776017433299959,sisron
177.87768006324768,418,17011,40.696172248803826,2.3499294563059987,95.63313392636685,209,209,5366,11645,25.67464114832536,55.717703349282296,1.1749647281529993,1.1749647281529993,30.166797757267915,65.46633616909894,0.5,0.6845570513197343,sisron
178.7045121192932,432,17481,40.46527777777778,2.417398390655188,97.82069737741516,216,216,5575,11906,25.810185185185187,55.120370370370374,1.208699195327594,1.208699195327594,31.196750064589523,66.62394731282563,0.5,0.6810823179451977,sisron
176.54484295845032,416,16847,40.49759615384615,2.3563418394379565,95.42618021396936,208,208,5373,11474,25.83173076923077,55.16346153846154,1.1781709197189782,1.1781709197189782,30.434193998317646,64.99198621565172,0.5,0.6810708137947409,sisron
178.38874506950378,424,17149,40.445754716981135,2.376831564316466,96.13274645392237,212,212,5469,11680,25.797169811320753,55.094339622641506,1.188415782158233,1.188415782158233,30.657763738789516,65.47498271513285,0.5,0.6810892763426439,sisron
178.77587294578552,432,17475,40.451388888888886,2.4164334531371896,97.74808933697312,216,216,5573,11902,25.800925925925927,55.101851851851855,1.2082167265685948,1.2082167265685948,31.173110264661016,66.5749790723121,0.5,0.6810872675250358,sisron
151.85497617721558,363,14621,40.27823691460055,2.3904386220203744,96.28265314754792,181,182,4650,9971,25.69060773480663,54.785714285714285,1.191926695828341,1.1985119261920334,30.621321191170086,65.66133195637784,0.5013774104683195,0.6819642979276384,sisron
178.16002798080444,439,22980,52.34624145785877,2.4640768469530063,128.98516160132138,219,220,6017,16963,27.474885844748858,77.10454545454546,1.2292319578193813,1.234844889133625,33.773007717804646,95.21215388351673,0.5011389521640092,0.7381636205395996,sisron
179.81972002983093,424,17149,40.445754716981135,2.3579171401760672,95.36773829452683,212,212,5469,11680,25.797169811320753,55.094339622641506,1.1789585700880336,1.1789585700880336,30.4137944330729,64.95394386145392,0.5,0.6810892763426439,sisron
178.6915988922119,440,17836,40.53636363636364,2.4623429569591084,99.81442950073331,220,220,5698,12138,25.9,55.17272727272727,1.2311714784795542,1.2311714784795542,31.88734129262045,67.92708820811285,0.5,0.6805337519623234,sisron
177.36631894111633,416,16841,40.48317307692308,2.345428390708765,94.9503834805921,208,208,5371,11470,25.822115384615383,55.14423076923077,1.1727141953543825,1.1727141953543825,30.28196126561725,64.66842221497484,0.5,0.6810759456089306,sisron
176.84854292869568,416,16826,40.44711538461539,2.3522953206786035,95.14356025417833,208,208,5366,11460,25.798076923076923,55.09615384615385,1.1761476603393017,1.1761476603393017,30.342347814330257,64.80121243984807,0.5,0.6810887911565434,sisron
179.19340801239014,428,17291,40.399532710280376,2.3884807189470183,96.49350493297405,214,214,5574,11717,26.046728971962615,54.75233644859813,1.1942403594735091,1.1942403594735091,31.106054970585703,65.38744996238835,0.5,0.6776357642704297,sisron
179.51097893714905,418,17037,40.75837320574163,2.328548384477094,94.90784408214412,209,209,5374,11663,25.71291866028708,55.803827751196174,1.164274192238547,1.164274192238547,29.936887603301198,64.97095647884292,0.5,0.6845688794975642,sisron
179.3062071800232,424,17149,40.445754716981135,2.364669950183624,95.64086079174285,212,212,5469,11680,25.797169811320753,55.094339622641506,1.182334975091812,1.182334975091812,30.50089612630717,65.13996466543568,0.5,0.6810892763426439,sisron
178.79656195640564,430,17287,40.20232558139535,2.4049679439856515,96.68530429693013,215,215,5572,11715,25.91627906976744,54.48837209302326,1.2024839719928258,1.2024839719928258,31.163910195088487,65.52139410184164,0.5,0.6776768670098918,sisron
179.10947394371033,418,17041,40.76794258373206,2.3337682301013682,95.14292920851057,209,209,5376,11665,25.72248803827751,55.813397129186605,1.1668841150506841,1.1668841150506841,30.015162691447262,65.12776651706331,0.5,0.6845255560119712,sisron
179.3103210926056,424,17149,40.445754716981135,2.3646156976152164,95.63866650566827,212,212,5469,11680,25.797169811320753,55.094339622641506,1.1823078488076082,1.1823078488076082,30.500196344947213,65.13847016072106,0.5,0.6810892763426439,sisron
179.14540719985962,422,16964,40.199052132701425,2.3556283501547153,94.69402685313885,211,211,5469,11495,25.919431279620852,54.47867298578199,1.1778141750773576,1.1778141750773576,30.5282735710809,64.16575328205795,0.5,0.6776114124027353,sisron
178.59169507026672,426,17364,40.76056338028169,2.385329283270371,97.22736543358386,213,213,5479,11885,25.72300469483568,55.798122065727696,1.1926646416351856,1.1926646416351856,30.678918176146393,66.54844725743747,0.5,0.6844621055056439,sisron
179.2068898677826,424,17149,40.445754716981135,2.3659804615370748,95.69386541249834,212,212,5469,11680,25.797169811320753,55.094339622641506,1.1829902307685374,1.1829902307685374,30.517799868269485,65.17606554422885,0.5,0.6810892763426439,sisron
178.99994707107544,421,16964,40.294536817102134,2.351956002717887,94.7709777437203,211,210,5469,11495,25.919431279620852,54.73809523809524,1.1787712982742855,1.1731847044436017,30.553081660009802,64.21789608371049,0.498812351543943,0.6776114124027353,sisron
179.5816149711609,427,17358,40.65105386416862,2.3777489698406606,96.65800144846415,213,214,5477,11881,25.71361502347418,55.518691588785046,1.1860902355411258,1.1916587342995348,30.498667699806322,66.15933374865783,0.5011709601873536,0.6844682567116027,sisron
179.2058699131012,424,17155,40.45990566037736,2.365993927573924,95.72789110266666,212,212,5471,11684,25.806603773584907,55.113207547169814,1.182996963786962,1.182996963786962,30.5291339098041,65.19875719286257,0.5,0.6810842320023317,sisron
176.4402220249176,416,16826,40.44711538461539,2.35773904173194,95.3637430677443,208,208,5366,11460,25.798076923076923,55.09615384615385,1.17886952086597,1.17886952086597,30.412566581571134,64.95117648617317,0.5,0.6810887911565434,sisron
158.1124861240387,379,15252,40.24274406332454,2.3970276433619278,96.46296996452803,189,190,4851,10401,25.666666666666668,54.742105263157896,1.1953515160828612,1.2016761272790668,30.680688912793435,65.7822810517346,0.5013192612137203,0.6819433516915814,sisron
179.20602297782898,441,22998,52.14965986394558,2.4608547897665227,128.33274026088546,221,220,6023,16975,27.25339366515837,77.1590909090909,1.233217479678915,1.2276373100876077,33.60936144844392,94.72337881244155,0.4988662131519274,0.7381076615357858,sisron
176.86265397071838,416,16826,40.44711538461539,2.3521076420626,95.13596919554162,208,208,5366,11460,25.798076923076923,55.09615384615385,1.1760538210313,1.1760538210313,30.33992694064402,64.7960422548976,0.5,0.6810887911565434,sisron
176.33548188209534,416,16826,40.44711538461539,2.3591394968265864,95.42038743654841,208,208,5366,11460,25.798076923076923,55.09615384615385,1.1795697484132932,1.1795697484132932,30.43063110570063,64.98975633084778,0.5,0.6810887911565434,sisron
179.71502494812012,430,17312,40.26046511627907,2.3926769624528155,96.33028738135614,215,215,5581,11731,25.95813953488372,54.562790697674416,1.1963384812264077,1.1963384812264077,31.05472122662596,65.27556615473019,0.5,0.6776224584103512,sisron
179.40476202964783,418,17016,40.708133971291865,2.3299270056773786,94.84698069044562,209,209,5367,11649,25.679425837320576,55.73684210526316,1.1649635028386893,1.1649635028386893,29.915593874331314,64.93138681611431,0.5,0.6845909732016925,sisron
176.43520402908325,416,16826,40.44711538461539,2.357806098217379,95.36645530914814,208,208,5366,11460,25.798076923076923,55.09615384615385,1.1789030491086896,1.1789030491086896,30.413431545755905,64.95302376339222,0.5,0.6810887911565434,sisron
179.8170449733734,428,17303,40.427570093457945,2.3801970500815233,96.22558307841261,213,215,5578,11725,26.187793427230048,54.53488372093023,1.1845373169798235,1.1956597331016998,31.020418563912937,65.20516451449967,0.5023364485981309,0.677628156967,sisron
179.6112539768219,416,16840,40.48076923076923,2.3161132211330315,93.75804481701984,208,208,5370,11470,25.817307692307693,55.14423076923077,1.1580566105665158,1.1580566105665158,29.897903840106682,63.86014097691316,0.5,0.6811163895486936,sisron
179.4066619873047,418,17011,40.696172248803826,2.3299023312165454,94.81810659407813,209,209,5366,11645,25.67464114832536,55.717703349282296,1.1649511656082727,1.1649511656082727,29.90970313231575,64.90840346176238,0.5,0.6845570513197343,sisron
177.15597796440125,424,17155,40.45990566037736,2.393371112123583,96.83556940679262,212,212,5471,11684,25.806603773584907,55.113207547169814,1.1966855560617915,1.1966855560617915,30.882389986858783,65.95317941993383,0.5,0.6810842320023317,sisron
176.04053115844727,416,16850,40.50480769230769,2.363092165551208,95.7165937248506,208,208,5374,11476,25.83653846153846,55.17307692307692,1.181546082775604,1.181546082775604,30.527060811711994,65.1895329131386,0.5,0.6810682492581602,sisron
179.7147250175476,424,17149,40.445754716981135,2.3592947097607055,95.4234551360527,212,212,5469,11680,25.797169811320753,55.094339622641506,1.1796473548803528,1.1796473548803528,30.43156313132382,64.99189200472887,0.5,0.6810892763426439,sisron
178.99827814102173,422,16964,40.199052132701425,2.3575645776186303,94.77186136190153,211,211,5469,11495,25.919431279620852,54.47867298578199,1.1787822888093151,1.1787822888093151,30.553366528427226,64.2184948334743,0.5,0.6776114124027353,sisron
179.71925806999207,424,17364,40.95283018867924,2.3592352013542826,96.61735857621642,212,212,5479,11885,25.84433962264151,56.06132075471698,1.1796176006771413,1.1796176006771413,30.486437896745553,66.13092067947086,0.5,0.6844621055056439,sisron
177.3711440563202,416,16826,40.44711538461539,2.345364586856973,94.86323206359477,208,208,5366,11460,25.798076923076923,55.09615384615385,1.1726822934284864,1.1726822934284864,30.252948012198356,64.61028405139642,0.5,0.6810887911565434,sisron
179.34772205352783,422,16964,40.199052132701425,2.3529710618462754,94.58720638189624,211,211,5469,11495,25.919431279620852,54.47867298578199,1.1764855309231377,1.1764855309231377,30.49383587023052,64.09337051166571,0.5,0.6776114124027353,sisron
179.72349286079407,422,17361,41.139810426540286,2.3480514054267947,96.59838969102981,211,211,5478,11883,25.96208530805687,56.317535545023695,1.1740257027133973,1.1740257027133973,30.48015544769664,66.11823424333318,0.5,0.6844651805771557,sisron
176.3475260734558,416,16829,40.45432692307692,2.358978372209879,95.4308822738463,208,208,5367,11462,25.802884615384617,55.10576923076923,1.1794891861049395,1.1794891861049395,30.434223374159664,64.99665889968662,0.5,0.6810862202151049,sisron
178.80488204956055,427,17190,40.2576112412178,2.388077971392557,96.13831458603761,213,214,5469,11721,25.676056338028168,54.771028037383175,1.1912426414674817,1.1968353299250754,30.58641317458055,65.55190141145705,0.5011709601873536,0.6818499127399651,sisron
179.72404193878174,448,23312,52.035714285714285,2.4927104641492503,129.70996950948066,224,224,6123,17189,27.334821428571427,76.73660714285714,1.2463552320746252,1.2463552320746252,34.06889770532558,95.64107180415506,0.5,0.7373455730954015,sisron
176.44058203697205,416,16835,40.46875,2.3577342309652423,95.41455715937464,208,208,5369,11466,25.8125,55.125,1.1788671154826211,1.1788671154826211,30.429507418395158,64.98504974097949,0.5,0.6810810810810811,sisron
176.54246497154236,421,17195,40.843230403800476,2.384695376649821,97.3986627113864,211,210,5493,11702,26.033175355450236,55.72380952380952,1.1951798681071548,1.1895155085426659,31.114327087737447,66.28433562364894,0.498812351543943,0.6805466705437627,sisron
179.20440912246704,424,17161,40.47405660377358,2.366013214051231,95.76215275078579,212,212,5473,11688,25.816037735849058,55.132075471698116,1.1830066070256156,1.1830066070256156,30.540543208732046,65.22160954205374,0.5,0.6810791911893246,sisron
179.21371483802795,431,17490,40.580046403712295,2.4049498688732314,97.59297727747753,215,216,5578,11912,25.94418604651163,55.148148148148145,1.199684969391519,1.2052648994817121,31.12485004309718,66.46812723438035,0.5011600928074246,0.6810748999428244,sisron
179.10663294792175,424,17149,40.445754716981135,2.3673048452833405,95.74743111265097,212,212,5469,11680,25.797169811320753,55.094339622641506,1.1836524226416703,1.1836524226416703,30.534882544468374,65.2125485681826,0.5,0.6810892763426439,sisron
179.1383719444275,422,16971,40.21563981042654,2.355720862144004,94.73682168589075,211,211,5472,11499,25.933649289099527,54.497630331753555,1.177860431072002,1.177860431072002,30.54621933092889,64.19060235496185,0.5,0.6775676153438218,sisron
179.00214314460754,426,17357,40.744131455399064,2.3798597743930605,96.9653194932872,213,213,5476,11881,25.708920187793428,55.779342723004696,1.1899298871965303,1.1899298871965303,30.59181249900563,66.37350699428157,0.5,0.6845076914213286,sisron
179.41242694854736,424,17149,40.445754716981135,2.3632699652493776,95.58423734448485,212,212,5469,11680,25.797169811320753,55.094339622641506,1.1816349826246888,1.1816349826246888,30.482838301766144,65.1013990427187,0.5,0.6810892763426439,sisron
177.26354503631592,416,16826,40.44711538461539,2.346788223798493,94.92081407123423,208,208,5366,11460,25.798076923076923,55.09615384615385,1.1733941118992466,1.1733941118992466,30.27131155986229,64.64950251137195,0.5,0.6810887911565434,sisron
179.40712094306946,426,17502,41.08450704225352,2.3744876890097406,97.55465618086497,213,213,5582,11920,26.206572769953052,55.96244131455399,1.1872438445048703,1.1872438445048703,31.113592206695706,66.44106397416927,0.5,0.6810650211404411,sisron
176.8581359386444,416,16826,40.44711538461539,2.352167729192389,95.1383995466133,208,208,5366,11460,25.798076923076923,55.09615384615385,1.1760838645961944,1.1760838645961944,30.340702006842207,64.7976975397711,0.5,0.6810887911565434,sisron
179.40680408477783,419,16964,40.48687350835322,2.335474410446571,94.55605703774614,209,210,5469,11495,26.167464114832537,54.73809523809524,1.16495024291965,1.1705241675269211,30.483793677165387,64.07226336058075,0.5011933174224343,0.6776114124027353,sisron
179.30681800842285,418,17041,40.76794258373206,2.331199698052556,95.03821544142012,209,209,5376,11665,25.72248803827751,55.813397129186605,1.165599849026278,1.165599849026278,29.98212817399651,65.0560872674236,0.5,0.6845255560119712,sisron
179.30648803710938,432,17472,40.44444444444444,2.409282590547382,97.44209588436078,216,216,5572,11900,25.796296296296298,55.092592592592595,1.204641295273691,1.204641295273691,31.075283783634287,66.36681210072649,0.5,0.6810897435897436,sisron
176.7541539669037,416,16826,40.44711538461539,2.353551476237972,95.19436812302914,208,208,5366,11460,25.798076923076923,55.09615384615385,1.176775738118986,1.176775738118986,30.358551013204227,64.8358171098249,0.5,0.6810887911565434,sisron
176.43867993354797,416,16847,40.49759615384615,2.3577596486024373,95.48359807693573,208,208,5373,11474,25.83173076923077,55.16346153846154,1.1788798243012186,1.1788798243012186,30.452506230627154,65.03109184630857,0.5,0.6810708137947409,sisron
179.51398396492004,430,17296,40.223255813953486,2.395356565001805,96.34903987970051,215,215,5575,11721,25.930232558139537,54.51627906976744,1.1976782825009025,1.1976782825009025,31.056076395081543,65.29296348461897,0.5,0.6776711378353376,sisron
162.30620789527893,381,15437,40.51706036745407,2.3474148336077434,95.1103485207421,190,191,4851,10586,25.53157894736842,55.424083769633505,1.1706268199093735,1.1767880136983702,29.887951070423,65.22239745031908,0.5013123359580053,0.6857550042106627,sisron
176.54842901229858,437,22645,51.81922196796339,2.4752415099063727,128.26508922615517,218,219,5910,16735,27.110091743119266,76.41552511415524,1.234788670845742,1.2404528390606306,33.47523414999236,94.78985507616281,0.5011441647597255,0.7390152351512476,sisron
178.89795994758606,432,17502,40.513888888888886,2.414784383939137,97.8323062215342,216,216,5582,11920,25.84259259259259,55.18518518518518,1.2073921919695685,1.2073921919695685,31.202144516546905,66.6301617049873,0.5,0.6810650211404411,sisron
179.30739402770996,424,17149,40.445754716981135,2.3646542982743672,95.64022773846021,212,212,5469,11680,25.797169811320753,55.094339622641506,1.1823271491371836,1.1823271491371836,30.500694238826686,65.13953349963352,0.5,0.6810892763426439,sisron
179.1016399860382,422,16964,40.199052132701425,2.356203996975666,94.71716730970427,211,211,5469,11495,25.919431279620852,54.47867298578199,1.178101998487833,1.178101998487833,30.53573379018938,64.18143351951488,0.5,0.6776114124027353,sisron
179.5032079219818,416,16854,40.51442307692308,2.317507329344263,93.89247242492357,208,208,5376,11478,25.846153846153847,55.18269230769231,1.1587536646721315,1.1587536646721315,29.949325486910475,63.9431469380131,0.5,0.6810252758988964,sisron
179.9116530418396,424,17151,40.450471698113205,2.356712268667756,95.33012292434124,212,212,5469,11682,25.797169811320753,55.10377358490566,1.178356134333878,1.178356134333878,30.398253295622542,64.9318696287187,0.5,0.6811264649291586,sisron
179.40747904777527,416,16826,40.44711538461539,2.318743913062963,93.78650259903226,208,208,5366,11460,25.798076923076923,55.09615384615385,1.1593719565314815,1.1593719565314815,29.909566917057358,63.8769356819749,0.5,0.6810887911565434,sisron
6.756968975067139,49,34463,703.3265306122449,7.251772234090082,5100.363806192786,27,22,7550,26913,279.6296296296296,1223.3181818181818,3.9958744963353516,3.255897737754731,1117.3649054567372,3982.9989007360487,0.4489795918367347,0.7809244697211503,sisron
179.6465299129486,415,16842,40.58313253012048,2.31009193554196,93.75076717686188,207,208,5372,11470,25.95169082125604,55.14423076923077,1.1522627244751462,1.1578292110668136,29.903165970437126,63.84760120642476,0.5012048192771085,0.6810355064719155,sisron
179.5103259086609,424,17163,40.47877358490566,2.361981116427482,95.61009882369073,212,212,5473,11690,25.816037735849058,55.14150943396226,1.180990558213741,1.180990558213741,30.48849681652738,65.12160200716336,0.5,0.6811163549496009,sisron
179.5189549922943,418,17011,40.696172248803826,2.328444926709507,94.7587958092235,209,209,5366,11645,25.67464114832536,55.717703349282296,1.1642224633547535,1.1642224633547535,29.890993963452665,64.86780184577083,0.5,0.6845570513197343,sisron
178.89472818374634,422,16971,40.21563981042654,2.3589292109634186,94.86584748639852,211,211,5472,11499,25.933649289099527,54.497630331753555,1.1794646054817093,1.1794646054817093,30.587821427468786,64.27802605892974,0.5,0.6775676153438218,sisron
179.30409407615662,426,17357,40.744131455399064,2.3758520528765126,96.80202836098034,213,213,5476,11881,25.708920187793428,55.779342723004696,1.1879260264382563,1.1879260264382563,30.540295402703713,66.26173295827662,0.5,0.6845076914213286,sisron
179.45534896850586,422,16964,40.199052132701425,2.3515598862091336,94.53047845889039,211,211,5469,11495,25.919431279620852,54.47867298578199,1.1757799431045668,1.1757799431045668,30.475547435255336,64.05493102363505,0.5,0.6776114124027353,sisron
178.8084909915924,418,17011,40.696172248803826,2.3376965919345207,95.13530317080892,209,209,5366,11645,25.67464114832536,55.717703349282296,1.1688482959672604,1.1688482959672604,30.009760555791,65.12554261501792,0.5,0.6845570513197343,sisron
178.39612793922424,448,18148,40.50892857142857,2.5112652677788168,101.72866535636153,224,224,5788,12360,25.839285714285715,55.17857142857143,1.2556326338894084,1.2556326338894084,32.44465037924953,69.284014977112,0.5,0.6810667842186466,sisron
177.47333812713623,456,18441,40.44078947368421,2.5694000282641674,103.90856561670947,228,228,5881,12560,25.79385964912281,55.08771929824562,1.2847000141320837,1.2847000141320837,33.13737185574906,70.7711937609604,0.5,0.681091047123258,sisron
178.386962890625,448,18142,40.495535714285715,2.511394289921757,101.70025716017973,224,224,5786,12356,25.830357142857142,55.160714285714285,1.2556971449608785,1.2556971449608785,32.43510571760555,69.26515144257418,0.5,0.6810715466872451,sisron
178.08005380630493,448,18124,40.455357142857146,2.515722510322706,101.7744526274302,224,224,5780,12344,25.803571428571427,55.107142857142854,1.257861255161353,1.257861255161353,32.45731274478848,69.3171398826417,0.5,0.68108585301258,sisron
116.64738416671753,307,12345,40.21172638436482,2.631863562077159,105.83177743922647,153,154,3924,8421,25.647058823529413,54.68181818181818,1.3116453582990402,1.320218203778119,33.63984565990479,72.19193177932168,0.501628664495114,0.682138517618469,sisron
177.47155785560608,469,23937,51.03837953091684,2.64267697690233,134.87795052475707,234,235,6322,17615,27.017094017094017,74.95744680851064,1.3185211355973245,1.3241558413050054,35.622609483958485,99.2553410407986,0.5010660980810234,0.7358900447006727,sisron
178.28408002853394,448,18148,40.50892857142857,2.512843546817521,101.79259974920619,224,224,5788,12360,25.839285714285715,55.17857142857143,1.2564217734087606,1.2564217734087606,32.46504118075851,69.32755856844769,0.5,0.6810667842186466,sisron
178.2665572166443,448,18118,40.441964285714285,2.513090548192689,101.63431819677487,224,224,5778,12340,25.794642857142858,55.089285714285715,1.2565452740963445,1.2565452740963445,32.41213657914589,69.22218161762899,0.5,0.6810906281046473,sisron
178.3793478012085,453,18456,40.741721854304636,2.539531653097181,103.4648922506878,227,226,5886,12570,25.929515418502202,55.61946902654867,1.2725688416182341,1.2669628114789468,32.99709339984549,70.4677988508423,0.4988962472406181,0.6810793237971391,sisron
177.56353497505188,448,18133,40.47544642857143,2.523040555950551,102.1211928594896,224,224,5783,12350,25.816964285714285,55.13392857142857,1.2615202779752754,1.2615202779752754,32.56862396219204,69.55256889729756,0.5,0.6810786962995643,sisron
177.6617031097412,446,18118,40.62331838565022,2.5103890832595863,101.98033500111475,223,223,5778,12340,25.91031390134529,55.336322869955154,1.2551945416297932,1.2551945416297932,32.52248458088316,69.4578504202316,0.5,0.6810906281046473,sisron
178.48865699768066,456,18471,40.50657894736842,2.5547841956473762,103.48556771447957,228,228,5891,12580,25.837719298245613,55.175438596491226,1.2773920978236881,1.2773920978236881,33.004898457365556,70.48066925711402,0.5,0.6810676195116669,sisron
178.48740601539612,424,17149,40.445754716981135,2.375517743607223,96.0796079837742,212,212,5469,11680,25.797169811320753,55.094339622641506,1.1877588718036114,1.1877588718036114,30.64081731082052,65.43879067295369,0.5,0.6810892763426439,sisron
178.8935089111328,422,17149,40.63744075829384,2.3589452885606534,95.86149941593992,211,211,5469,11680,25.919431279620852,55.355450236966824,1.1794726442803267,1.1794726442803267,30.57126014961662,65.2902392663233,0.5,0.6810892763426439,sisron
179.2616639137268,432,17502,40.513888888888886,2.4098850282228135,97.63381426841592,216,216,5582,11920,25.84259259259259,55.18518518518518,1.2049425141114067,1.2049425141114067,31.138838489675333,66.4949757787406,0.5,0.6810650211404411,sisron
178.7966549396515,424,17149,40.445754716981135,2.371409018491487,95.91342749554366,212,212,5469,11680,25.797169811320753,55.094339622641506,1.1857045092457434,1.1857045092457434,30.587820571061183,65.32560692448247,0.5,0.6810892763426439,sisron
176.44558095932007,416,16826,40.44711538461539,2.357667433427589,95.3608467183957,208,208,5366,11460,25.798076923076923,55.09615384615385,1.1788337167137946,1.1788337167137946,30.41164290329914,64.94920381509657,0.5,0.6810887911565434,sisron
178.07615494728088,404,16374,40.52970297029703,2.2686922913379584,91.94942469893003,202,202,5305,11069,26.262376237623762,54.7970297029703,1.1343461456689792,1.1343461456689792,29.7906252612571,62.158799437672926,0.5,0.6760107487480151,sisron
179.0122320652008,432,17481,40.46527777777778,2.4132429109238447,97.6525447357864,216,216,5575,11906,25.810185185185187,55.120370370370374,1.2066214554619223,1.2066214554619223,31.143123213889893,66.50942152189651,0.5,0.6810823179451977,sisron
179.22492289543152,424,17149,40.445754716981135,2.365742404293749,95.6842370076262,212,212,5469,11680,25.797169811320753,55.094339622641506,1.1828712021468746,1.1828712021468746,30.514729266704045,65.16950774092216,0.5,0.6810892763426439,sisron
179.10904383659363,422,16980,40.23696682464455,2.3561065983078042,94.80258303143724,211,211,5475,11505,25.9478672985782,54.5260663507109,1.1780532991539021,1.1780532991539021,30.567970677097698,64.23461235433955,0.5,0.6775618374558304,sisron
177.7726240158081,426,17348,40.72300469483568,2.396319469088327,97.58532899001007,213,213,5473,11875,25.694835680751172,55.751173708920184,1.1981597345441635,1.1981597345441635,30.786517498404724,66.79881149160535,0.5,0.6845169471985243,sisron
176.04031014442444,416,16826,40.44711538461539,2.3630951323518534,95.58038148305837,208,208,5366,11460,25.798076923076923,55.09615384615385,1.1815475661759267,1.1815475661759267,30.481655000480878,65.0987264825775,0.5,0.6810887911565434,sisron
82.7531521320343,203,8146,40.12807881773399,2.4530787621975954,98.43733791557445,101,102,2585,5561,25.594059405940595,54.51960784313726,1.2204973151820548,1.2325814470155405,31.23748078956051,67.19985712601392,0.5024630541871922,0.6826663393076357,sisron
178.4899709224701,440,22968,52.2,2.4651244981776643,128.67949880487407,220,220,6013,16955,27.331818181818182,77.06818181818181,1.2325622490888322,1.2325622490888322,33.68816728986886,94.99133151500523,0.5,0.7382009752699408,sisron
179.3079011440277,432,17475,40.451388888888886,2.4092636032418855,97.45805895058321,216,216,5573,11902,25.800925925925927,55.101851851851855,1.2046318016209427,1.2046318016209427,31.08061588163664,66.37744306894658,0.5,0.6810872675250358,sisron
179.00086998939514,424,17176,40.509433962264154,2.3687035712458813,95.95484089556429,212,212,5478,11698,25.839622641509433,55.179245283018865,1.1843517856229406,1.1843517856229406,30.603203215294666,65.35163768026963,0.5,0.6810666045645086,sisron
178.90588903427124,424,17149,40.445754716981135,2.369961113570602,95.85486588826002,212,212,5469,11680,25.797169811320753,55.094339622641506,1.184980556785301,1.184980556785301,30.569144646503826,65.2857212417562,0.5,0.6810892763426439,sisron
179.10118293762207,430,17287,40.20232558139535,2.400877498111008,96.52085886010464,215,215,5572,11715,25.91627906976744,54.48837209302326,1.200438749055504,1.200438749055504,31.110905626684968,65.40995323341967,0.5,0.6776768670098918,sisron
179.3063449859619,418,17041,40.76794258373206,2.331205847917572,95.03846615876398,209,209,5376,11665,25.72248803827751,55.813397129186605,1.165602923958786,1.165602923958786,29.982207268911164,65.05625888985281,0.5,0.6845255560119712,sisron
178.49975204467773,432,17826,41.263888888888886,2.4201714291002054,99.86568494245431,216,216,5692,12134,26.35185185185185,56.175925925925924,1.2100857145501027,1.2100857145501027,31.887999477866593,67.97768546458771,0.5,0.6806911253225626,sisron
178.90200018882751,432,17472,40.44444444444444,2.414729849549097,97.66240724843014,216,216,5572,11900,25.796296296296298,55.092592592592595,1.2073649247745486,1.2073649247745486,31.145543337239744,66.5168639111904,0.5,0.6810897435897436,sisron
179.10465002059937,424,17179,40.51650943396226,2.3673310545049193,95.9159910031604,212,212,5479,11700,25.84433962264151,55.18867924528302,1.1836655272524597,1.1836655272524597,30.591053885925596,65.3249371172348,0.5,0.6810640898771756,sisron
176.54922485351562,416,16826,40.44711538461539,2.3562833557901977,95.30486477049487,208,208,5366,11460,25.798076923076923,55.09615384615385,1.1781416778950988,1.1781416778950988,30.393789632620678,64.9110751378742,0.5,0.6810887911565434,sisron
179.4104518890381,424,17149,40.445754716981135,2.363295981564306,95.5852895939771,212,212,5469,11680,25.797169811320753,55.094339622641506,1.181647990782153,1.181647990782153,30.483173875413186,65.10211571856391,0.5,0.6810892763426439,sisron
179.10292887687683,430,17312,40.26046511627907,2.4008540937686216,96.65950249144738,215,215,5581,11731,25.95813953488372,54.562790697674416,1.2004270468843108,1.2004270468843108,31.16085278447134,65.49864970697604,0.5,0.6776224584103512,sisron
179.10290098190308,418,17016,40.708133971291865,2.3338538779013724,95.00683633102811,209,209,5367,11649,25.679425837320576,55.73684210526316,1.1669269389506862,1.1669269389506862,29.96601378635566,65.04082254467245,0.5,0.6845909732016925,sisron
178.9098460674286,424,17149,40.445754716981135,2.369908696026715,95.85274582113712,212,212,5469,11680,25.797169811320753,55.094339622641506,1.1849543480133575,1.1849543480133575,30.568468534363454,65.28427728677366,0.5,0.6810892763426439,sisron
179.72947192192078,432,17493,40.49305555555556,2.40361247034472,97.32961329569488,216,216,5579,11914,25.828703703703702,55.157407407407405,1.20180623517236,1.20180623517236,31.04109715753054,66.28851613816434,0.5,0.6810724289715886,sisron
176.03118991851807,416,16835,40.46875,2.3632175649812943,95.63646083283675,208,208,5369,11466,25.8125,55.125,1.1816087824906472,1.1816087824906472,30.500276698039826,65.13618413479692,0.5,0.6810810810810811,sisron
178.38565802574158,419,17149,40.92840095465394,2.348843537295678,96.13441007418515,210,209,5469,11680,26.042857142857144,55.88516746411483,1.1772246845634664,1.1716188527322118,30.658294285131415,65.47611578905375,0.4988066825775656,0.6810892763426439,sisron
179.1030671596527,432,17487,40.479166666666664,2.412018994710541,97.63651889005376,216,216,5577,11910,25.819444444444443,55.138888888888886,1.2060094973552704,1.2060094973552704,31.138495216436773,66.498023673617,0.5,0.6810773717618802,sisron
139.77403211593628,339,13643,40.24483775811209,2.4253432119552416,97.60754407287718,169,170,4338,9305,25.668639053254438,54.73529411764706,1.2090944036001057,1.216248808355136,31.035807827321058,66.57173624555612,0.5014749262536873,0.6820347430916954,sisron
177.46641492843628,465,23946,51.49677419354839,2.6202140849439726,134.93257307111477,233,232,6325,17621,27.145922746781117,75.95258620689656,1.312924476971926,1.3072896079720464,35.640546424237904,99.29202664687686,0.4989247311827957,0.735864027394972,sisron
177.97012090682983,448,18118,40.441964285714285,2.5172764828009253,101.80360561470349,224,224,5778,12340,25.794642857142858,55.089285714285715,1.2586382414004627,1.2586382414004627,32.46612392326729,69.3374816914362,0.5,0.6810906281046473,sisron
177.9711630344391,456,18471,40.50657894736842,2.5622128451886317,103.78647689359477,228,228,5891,12580,25.837719298245613,55.175438596491226,1.2811064225943158,1.2811064225943158,33.100868138171556,70.68560875542322,0.5,0.6810676195116669,sisron
177.15783596038818,446,18118,40.62331838565022,2.517529058662265,102.27038449516348,223,223,5778,12340,25.91031390134529,55.336322869955154,1.2587645293311325,1.2587645293311325,32.61498408284881,69.65540041231468,0.5,0.6810906281046473,sisron
177.5640151500702,442,18139,41.03846153846154,2.4892431026998283,102.15470733002756,222,220,5785,12354,26.05855855855856,56.154545454545456,1.2502533230754793,1.2389897796243488,32.57979943239481,69.57490789763276,0.497737556561086,0.6810739291030377,sisron
178.1859278678894,456,18450,40.46052631578947,2.5591246483733974,103.54353018089732,228,228,5884,12566,25.80701754385965,55.1140350877193,1.2795623241866987,1.2795623241866987,33.02168734874796,70.52184283214936,0.5,0.6810840108401084,sisron
177.5716269016266,448,18118,40.441964285714285,2.522925581169501,102.0320662491719,224,224,5778,12340,25.794642857142858,55.089285714285715,1.2614627905847504,1.2614627905847504,32.53898216070843,69.49308408846348,0.5,0.6810906281046473,sisron
168.35733294487,421,17179,40.80522565320665,2.5006335788050285,102.0389174591249,211,210,5479,11700,25.966824644549764,55.714285714285715,1.2532866630115465,1.2473469157934822,32.54387500777376,69.49504245135115,0.498812351543943,0.6810640898771756,sisron
0.05010795593261719,4,63,15.75,79.82764264778653,1257.2853717026378,2,2,0,63,0.0,31.5,39.913821323893266,39.913821323893266,0.0,1257.2853717026378,0.5,1.0,tinba
138.35569500923157,4138,327944,79.25181246979217,29.908418296217576,2370.2963580799365,2071,2067,103343,224601,49.90004828585224,108.66037735849056,14.968664642693716,14.939753653523859,746.9370884451457,1623.3592696347905,0.49951667472208794,0.6848760764032884,tinba
43.883033990859985,4090,323059,78.98753056234719,93.20230686082166,7361.820061650413,2044,2046,103373,219686,50.5738747553816,107.37341153470186,46.57836558032261,46.623941280499054,2355.648427169613,5006.171634480799,0.5002444987775061,0.6800182010097227,tinba
51.94503211975098,4058,323090,79.61803844258256,78.12104130853031,6219.844070077146,2030,2028,103397,219693,50.93448275862069,108.32988165680473,39.07977177336534,39.04126953516498,1990.5079616013084,4229.336108475838,0.49975357318876296,0.6799746200749017,tinba
46.243046045303345,4126,323104,78.30925836160931,89.22422618868671,6987.0829807245345,2060,2066,103403,219701,50.195631067961166,106.34123910939013,44.54723847520471,44.676987713482,2236.0767475978605,4751.0062331266745,0.5007270964614638,0.6799699168069724,tinba
52.61250686645508,4056,323030,79.64250493096647,77.09193576909834,6139.7948746281645,2029,2027,103365,219665,50.94381468703795,108.36951159348791,38.5649747720662,38.526960997032134,1964.6469281984344,4175.14794642973,0.4997534516765286,0.6800142401634524,tinba
44.83732604980469,4084,323043,79.09965719882469,91.08482507327821,7204.778439311217,2042,2042,103360,219683,50.617042115572964,107.58227228207639,45.542412536639105,45.542412536639105,2305.2222134118597,4899.556225899358,0.5,0.68004259494866,tinba
54.060523986816406,4070,323052,79.37395577395577,75.28598873722608,5975.746740427115,2036,2034,103365,219687,50.768664047151276,108.00737463126843,37.66149215454356,37.62449658268252,1912.0236427084455,4063.7230977186696,0.49975429975429975,0.6800360313509899,tinba
45.812649965286255,4125,323043,78.31345454545455,90.04063295019274,7051.393015788876,2062,2063,103360,219683,50.126091173617844,106.48715462918081,45.0094024589812,45.031230491211545,2256.1454113289506,4795.247604459925,0.5001212121212121,0.68004259494866,tinba
54.06121301651001,4056,323052,79.64792899408285,75.02606348772305,5975.670577375717,2029,2027,103365,219687,50.94381468703795,108.38036507153429,37.53152929403108,37.49453419369197,1911.9992732762557,4063.6713040994614,0.4997534516765286,0.6800360313509899,tinba
42.041255950927734,4049,323043,79.78340330945913,96.31015792501913,7683.952172529502,2025,2024,103360,219683,51.04197530864197,108.53903162055336,48.16697204202611,48.14318588299301,2458.537397661145,5225.414774868356,0.4998765127191899,0.68004259494866,tinba
50.54846906661987,4054,323069,79.69141588554514,80.20025284360382,6391.271703485506,2027,2027,103397,219672,51.009866798223975,108.3729649728663,40.10012642180191,40.10012642180191,2045.502107368057,4345.769596117449,0.5,0.6799538179150584,tinba
40.77744197845459,4043,323021,79.8963640860747,99.14795543418793,7921.561145759788,2023,2020,103360,219661,51.09243697478992,108.74306930693069,49.6107627611581,49.537192673029836,2534.7347696457246,5386.826376114062,0.4996289883749691,0.6800208036010043,tinba
52.63395404815674,4058,323081,79.61582060128141,77.09852078160776,6138.261999172651,2031,2027,103376,219705,50.89906450024618,108.38924518993586,38.58725867605849,38.511262105549264,1964.0553682403852,4174.206630932265,0.49950714637752586,0.6800307043744448,tinba
42.34965991973877,4048,323043,79.80311264822134,95.5851831554677,7627.995138856659,2025,2023,103360,219683,51.04197530864197,108.59268413247652,47.81620451823669,47.76897863723102,2440.633530372812,5187.361608483847,0.49975296442687744,0.68004259494866,tinba
53.0288507938385,4059,323068,79.5930032027593,76.54323899607535,6092.3062665641955,2030,2029,103378,219690,50.92512315270936,108.27501232134057,38.28104832767503,38.262190668400315,1949.4671005016696,4142.839166062526,0.4998768169499877,0.6800116384166801,tinba
41.80988693237305,4054,323043,79.68500246669956,96.96271139305621,7726.473896533561,2027,2027,103360,219683,50.99161322150962,108.37839171188949,48.481355696528105,48.481355696528105,2472.142538131793,5254.331358401768,0.5,0.68004259494866,tinba
52.660215854644775,4066,323037,79.44835218888342,77.21198886125279,6134.3652842529555,2034,2032,103364,219673,50.8180924287119,108.10679133858268,38.62498409832469,38.5870047629281,1962.8480119661913,4171.517272286765,0.499754058042302,0.680024269665704,tinba
42.21075201034546,4046,323000,79.83193277310924,95.8523553195253,7652.078786012525,2024,2022,103362,219638,51.06818181818182,108.62413452027695,47.949868306158976,47.902487013366326,2448.7125928168,5203.366193195724,0.49975284231339595,0.6799938080495356,tinba
55.08661603927612,4093,323216,78.96799413633032,74.301169581405,5867.414323826875,2047,2046,103370,219846,50.49829018075232,107.45161290322581,37.15966140560372,37.14150817580128,1876.4993646786795,3990.9149591481955,0.4998778402150012,0.6801829117370427,tinba
41.40633702278137,4048,323077,79.81151185770752,97.76281340155322,7802.597941040912,2026,2022,103366,219711,51.01974333662389,108.66023738872404,48.92970848605406,48.83310491549916,2496.3811684943057,5306.216772546606,0.49950592885375494,0.6800576952243583,tinba
52.606077909469604,4062,323052,79.53028064992614,77.21541238999687,6140.963417876235,2032,2030,103365,219687,50.868602362204726,108.22019704433498,38.62671540533571,38.58869698466116,1964.8870265120695,4176.076391364166,0.499753815854259,0.6800360313509899,tinba
44.42195916175842,4085,323043,79.08029375764994,91.95902380452995,7272.146616128952,2043,2042,103360,219683,50.592266275085656,107.58227228207639,45.99076759673309,45.968256207796856,2326.777160449502,4945.36945567945,0.49987760097919215,0.68004259494866,tinba
52.675930976867676,4054,323057,79.68845584607794,76.96114572289743,6132.914862802682,2029,2025,103369,219688,50.945786101527844,108.4879012345679,38.51854086624541,38.442604856652025,1962.3573439146976,4170.557518887985,0.4995066600888012,0.6800286017637754,tinba
41.96000003814697,4044,323021,79.87660731948566,96.37750229560272,7698.307905298686,2023,2021,103360,219661,51.09243697478992,108.68926274121722,48.2125833689427,48.164918926660015,2463.2983771695094,5235.009528129176,0.4997527200791296,0.6800208036010043,tinba
52.205434799194336,4054,323055,79.68796250616676,77.65475023038336,6188.148824784533,2028,2026,103366,219689,50.96942800788955,108.43484698914116,38.84653020898309,38.80822002140027,1979.9854248430702,4208.163399941463,0.4997533300444006,0.6800359071984646,tinba
44.546607971191406,4086,323234,79.1076847772883,91.72415557751208,7256.085585888775,2044,2042,103379,219855,50.57681017612524,107.66650342801175,45.884526187086315,45.839629390425756,2320.6929709857122,4935.392614903063,0.4997552618697993,0.6801728778531961,tinba
52.815292835235596,4060,323087,79.578078817734,76.87167451036797,6117.300173037255,2032,2028,103387,219700,50.87942913385827,108.33333333333333,38.473705075139826,38.397969435228134,1957.52015088754,4159.780022149715,0.4995073891625616,0.6800025999189073,tinba
45.47180795669556,4117,323043,78.46563031333496,90.53961531331166,7104.247983885873,2057,2060,103360,219683,50.247933884297524,106.64223300970873,45.23682018447464,45.30279512883702,2273.0567497653374,4831.191234120535,0.5003643429681807,0.68004259494866,tinba
52.69840598106384,4061,323052,79.54986456537799,77.06115440112633,6130.204395861281,2032,2029,103365,219687,50.868602362204726,108.27353376047314,38.55904105961307,38.50211334151325,1961.4445271293825,4168.759868731899,0.49963063284905196,0.6800360313509899,tinba
41.93790292739868,4046,323043,79.84256055363322,96.47597322651738,7702.888734308911,2024,2022,103360,219683,51.06719367588933,108.64638971315529,48.26183139161423,48.214141834903145,2464.5962908286792,5238.292443480232,0.49975284231339595,0.68004259494866,tinba
41.389174938201904,4044,323043,79.8820474777448,97.70670727401763,7805.0118293571895,2023,2021,103360,219683,51.09243697478992,108.70014844136566,48.877514543852044,48.82919273016558,2497.271331316138,5307.740498041052,0.4997527200791296,0.68004259494866,tinba
51.90852189064026,4067,323030,79.42709613966068,78.34937023574408,6223.062962196314,2034,2033,103365,219665,50.81858407079646,108.04968027545499,39.184317447628096,39.165052788115986,1991.2915304690648,4231.771431727249,0.4998770592574379,0.6800142401634524,tinba
42.614553928375244,4046,323043,79.84256055363322,94.94408897956194,7580.579173560214,2024,2022,103360,219683,51.06719367588933,108.64638971315529,47.49551065116989,47.44857832839205,2425.4624411585573,5155.116732401657,0.49975284231339595,0.68004259494866,tinba
53.992067098617554,4070,323052,79.37395577395577,75.38144432525738,5983.323428049889,2037,2033,103365,219687,50.74374079528719,108.06050172159371,37.7277646414126,37.65367968384478,1914.447909749442,4068.875518300447,0.4995085995085995,0.6800360313509899,tinba
42.04940605163574,4045,323043,79.86229913473424,96.19636470091467,7682.462853418437,2023,2022,103360,219683,51.09243697478992,108.64638971315529,48.11007312483322,48.08629157608145,2458.0608789830753,5224.401974435361,0.499876390605686,0.68004259494866,tinba
52.071239948272705,4063,323052,79.51070637460005,78.0277174892736,6204.038934369878,2031,2032,103365,219687,50.89364844903988,108.11368110236221,39.00425651506637,39.023460974207225,1985.0689190939613,4218.970015275916,0.500123061777012,0.6800360313509899,tinba
41.69444489479065,4046,323021,79.83712308452793,97.03930608044891,7747.339023581979,2024,2022,103360,219661,51.06719367588933,108.63550939663699,48.54363705062496,48.495669029823944,2478.987314996342,5268.3517085856365,0.49975284231339595,0.6800208036010043,tinba
52.291990995407104,4062,323052,79.53028064992614,77.679199484999,6177.848535703569,2032,2030,103365,219687,50.868602362204726,108.22019704433498,38.85872312986656,38.82047635513244,1976.6889351961895,4201.15960050738,0.499753815854259,0.6800360313509899,tinba
41.877702951431274,4052,323046,79.72507403751234,96.75793356429816,7714.03341713037,2027,2025,103361,219685,50.99210656142082,108.48641975308642,48.40284583781648,48.35508772648168,2468.163072837962,5245.870344292409,0.4997532082922014,0.6800424707317224,tinba
52.791141986846924,4063,323049,79.50996800393797,76.96366941659093,6119.378892778805,2034,2029,103364,219685,50.8180924287119,108.27254805322819,38.52919113791434,38.43447827867659,1957.9799964500382,4161.398896328767,0.4993846911149397,0.6800361555058211,tinba
43.27069711685181,4049,323043,79.78340330945913,93.5737177763913,7465.629664519332,2025,2024,103360,219683,51.04197530864197,108.53903162055336,46.79841405215915,46.77530372423216,2388.683494533911,5076.946169985422,0.4998765127191899,0.68004259494866,tinba
52.59077000617981,4058,323055,79.60941350418926,77.1618289582593,6142.807948277589,2030,2028,103366,219689,50.919211822660095,108.32790927021696,38.599929222589054,38.561899735670245,1965.4779724246996,4177.32997585289,0.49975357318876296,0.6800359071984646,tinba
42.95110106468201,4048,323043,79.80311264822134,94.24671078638784,7521.180877610446,2025,2023,103360,219683,51.04197530864197,108.59268413247652,47.14663768340795,47.10007310297989,2406.457516521998,5114.723361088449,0.49975296442687744,0.68004259494866,tinba
52.47597599029541,4068,323049,79.41224188790561,77.52118799567084,6156.131332550018,2034,2034,103364,219685,50.8180924287119,108.00639134709931,38.76059399783542,38.76059399783542,1969.739448373776,4186.391884176242,0.5,0.6800361555058211,tinba
42.40401101112366,4044,323043,79.8820474777448,95.3683367108634,7618.218001010743,2023,2021,103360,219683,51.09243697478992,108.70014844136566,47.707751030187104,47.66058568067629,2437.5052627188034,5180.71273829194,0.4997527200791296,0.68004259494866,tinba
64.14408493041992,4057,323055,79.6290362336702,63.24823254397996,5036.395800960179,2030,2027,103366,219689,50.919211822660095,108.38135175135669,31.64750112503804,31.600731418941923,1611.4658134436856,3424.9299875164934,0.49963026867143207,0.6800359071984646,tinba
45.42209005355835,4078,323021,79.2106424717999,89.78010468456044,7111.539773249484,2038,2040,103360,219661,50.71638861629048,107.67696078431372,44.86803662264202,44.91206806191841,2275.5447818038665,4835.994991445618,0.5002452182442374,0.6800208036010043,tinba
53.03466510772705,4059,323049,79.58832224685884,76.5348473824644,6091.280096589738,2030,2029,103364,219685,50.91822660098522,108.27254805322819,38.276851487165004,38.2579958952994,1948.9893975957257,4142.290698994011,0.4998768169499877,0.6800361555058211,tinba
42.157320976257324,4044,323043,79.8820474777448,95.92639917222324,7662.797173044637,2023,2021,103360,219683,51.09243697478992,108.70014844136566,47.98692025850831,47.93947891371493,2451.768698922105,5211.028474122531,0.4997527200791296,0.68004259494866,tinba
52.85782599449158,4062,323055,79.53101920236337,76.84765545263457,6111.772361460084,2032,2030,103366,219689,50.86909448818898,108.22118226600985,38.44274640072709,38.40490905190748,1955.5476990440732,4156.224662416011,0.499753815854259,0.6800359071984646,tinba
42.463764905929565,4041,323043,79.94135115070527,95.16348842247197,7607.497844706908,2022,2019,103360,219683,51.117705242334324,108.80782565626548,47.6170684459882,47.54641997648377,2434.0752693260833,5173.422575380824,0.49962880475129917,0.68004259494866,tinba
52.72224807739258,4064,323052,79.49114173228347,77.08320771971506,6127.432190026917,2031,2033,103365,219687,50.89364844903988,108.06050172159371,38.52263653512335,38.56057118459171,1960.5575211487073,4166.874668878209,0.500246062992126,0.6800360313509899,tinba
42.244948863983154,4042,323043,79.921573478476,95.68007794290632,7646.902379740299,2022,2020,103360,219683,51.117705242334324,108.7539603960396,47.86371044051375,47.816367502392566,2446.6830421026216,5200.219337637676,0.4997525977238991,0.68004259494866,tinba
52.442710161209106,4058,323052,79.60867422375554,77.37967750952785,6160.0935383952665,2030,2028,103365,219687,50.91871921182266,108.32692307692308,38.708907181947154,38.6707703275807,1971.0079757940725,4189.085562601194,0.49975357318876296,0.6800360313509899,tinba
42.428417921066284,4045,323043,79.86229913473424,95.33704526822818,7613.835627832938,2024,2021,103360,219683,51.06719367588933,108.70014844136566,47.70387629737795,47.63316897085022,2436.1030899688662,5177.732537864072,0.49962917181705807,0.68004259494866,tinba
52.63707089424133,4057,323052,79.62829677101307,77.07495746013954,6137.347586249199,2030,2027,103365,219687,50.91871921182266,108.38036507153429,38.56597575649082,38.50898170364872,1963.7300906747162,4173.617495574483,0.49963026867143207,0.6800360313509899,tinba
43.859246015548706,4106,323043,78.6758402338042,93.61766042545206,7365.448094695399,2050,2056,103360,219683,50.41951219512195,106.84970817120623,46.74042958406642,46.87723084138564,2356.629659419076,5008.818435276324,0.5007306380905991,0.68004259494866,tinba
53.04926514625549,4058,323052,79.60867422375554,76.49493331928718,6089.660226383037,2030,2028,103365,219687,50.91871921182266,108.32692307692308,38.26631706213726,38.22861625714993,1948.4718537575457,4141.188372625492,0.49975357318876296,0.6800360313509899,tinba
41.82605290412903,4048,323043,79.80311264822134,96.78178357586272,7723.487577000351,2025,2023,103360,219683,51.04197530864197,108.59268413247652,48.414800331304846,48.36698324455788,2471.1870430832932,5252.300533917058,0.49975296442687744,0.68004259494866,tinba
54.051007986068726,4063,323052,79.51070637460005,75.16973598433557,5976.7988061067135,2031,2032,103365,219687,50.89364844903988,108.11368110236221,37.575617470880026,37.59411851345555,1912.3602658185694,4064.4385402881444,0.500123061777012,0.6800360313509899,tinba
42.27400207519531,4045,323043,79.86229913473424,95.6852864984232,7641.64697312982,2024,2021,103360,219683,51.06719367588933,108.70014844136566,47.87812605013808,47.80716044828511,2445.0015358410437,5196.6454372887765,0.49962917181705807,0.68004259494866,tinba
52.5706889629364,4058,323052,79.60867422375554,77.19130336794687,6145.0973227259665,2030,2028,103365,219687,50.91871921182266,108.32692307692308,38.61467369071763,38.57662967722924,1966.2097271138068,4178.88759561216,0.49975357318876296,0.6800360313509899,tinba
43.325973987579346,4082,323107,79.15409113179814,94.21600080289538,7457.581913625948,2040,2042,103424,219683,50.69803921568627,107.58227228207639,47.08491955852684,47.13108124436854,2387.1130982456275,5070.46881538032,0.5002449779519843,0.6799078942888889,tinba
52.22471499443054,4057,323055,79.6290362336702,77.68352590210698,6185.864298818135,2029,2028,103366,219689,50.944307540660425,108.32790927021696,38.85133696213337,38.83218893997362,1979.25445856475,4206.609840253384,0.49987675622381067,0.6800359071984646,tinba
42.38341403007507,4041,323043,79.94135115070527,95.34390026090219,7621.920210834602,2021,2020,103360,219683,51.14299851558634,108.7539603960396,47.683747198040905,47.660153062861276,2438.6898121670006,5183.230398667601,0.4998762682504331,0.68004259494866,tinba
62.619553089141846,4060,323049,79.56871921182265,64.83597853565645,5158.915770927409,2030,2030,103364,219685,50.91822660098522,108.2192118226601,32.417989267828226,32.417989267828226,1650.6665234875845,3508.249247439824,0.5,0.6800361555058211,tinba
41.8820698261261,4044,323043,79.8820474777448,96.55683247720835,7713.157476245008,2023,2021,103360,219683,51.09243697478992,108.70014844136566,48.302292804498634,48.25453967270971,2467.8818508516947,5245.275625393314,0.4997527200791296,0.68004259494866,tinba
52.41349506378174,4056,323055,79.64866863905326,77.38465055734734,6163.584389991087,2029,2027,103366,219689,50.944307540660425,108.38135175135669,38.71140433453101,38.67324622281634,1972.1256877492026,4191.458702241884,0.4997534516765286,0.6800359071984646,tinba
41.994261026382446,4049,323021,79.77796986910349,96.41793666654257,7692.027246224561,2025,2024,103360,219661,51.04197530864197,108.52816205533597,48.22087472209156,48.19706194445102,2461.2886969261153,5230.738549298447,0.4998765127191899,0.6800208036010043,tinba
52.618103981018066,4044,323027,79.87809099901088,76.8556769255477,6139.084755249481,2023,2021,103364,219663,51.094414236282745,108.69025235032163,38.446843328482444,38.40883359706526,1964.4189391029458,4174.665816146535,0.4997527200791296,0.6800143641243611,tinba
43.098965883255005,4053,323021,79.6992351344683,94.03937929690997,7494.866602483878,2026,2027,103360,219661,51.016781836130306,108.36753823384312,47.00808844202803,47.031290854881945,2398.2013925804627,5096.665209903415,0.5001233654083395,0.6800208036010043,tinba
42.64289402961731,4044,323021,79.87660731948566,94.83408882125283,7575.025273276437,2024,2020,103360,219661,51.06719367588933,108.74306930693069,47.46394554258549,47.37014327866734,2423.8504996450774,5151.17477363136,0.49950544015825915,0.6800208036010043,tinba
52.72015190124512,4061,323055,79.55060329967988,77.02936834489829,6127.7327236299225,2030,2031,103366,219689,50.919211822660095,108.16789758739537,38.50520013300752,38.524168211890775,1960.6544418465296,4167.078281783393,0.5001231223836493,0.6800359071984646,tinba
42.14059400558472,4045,323043,79.86229913473424,95.98820556406805,7665.838786163965,2023,2022,103360,219683,51.09243697478992,108.64638971315529,48.00596782598509,47.98223773808297,2452.7418855629357,5213.096900601029,0.499876390605686,0.68004259494866,tinba
52.80212998390198,4063,323027,79.50455328574945,76.94765346092487,6117.688814797484,2031,2032,103364,219663,50.8931560807484,108.10187007874016,38.464357415490625,38.483296045434244,1957.5725454922565,4160.116269305227,0.500123061777012,0.6800143641243611,tinba
43.284509897232056,4077,323024,79.2308069659063,94.19073958974674,7462.808306411172,2038,2039,103361,219663,50.716879293424924,107.73075036782737,47.08381831834777,47.106921271398974,2387.9443303251933,5074.86397608598,0.5001226391954868,0.6800206795779881,tinba
52.24841284751892,4054,323052,79.68722249629995,77.59087365641403,6183.001212740963,2028,2026,103365,219687,50.968934911242606,108.43385982230997,38.81457616556676,38.77629749084726,1978.3376061902406,4204.663606550722,0.4997533300444006,0.6800360313509899,tinba
42.234400033950806,4045,323043,79.86229913473424,95.7750079733194,7648.812336396792,2023,2022,103360,219683,51.09243697478992,108.64638971315529,47.899342677385704,47.87566529593371,2447.2941468781937,5201.518189518598,0.499876390605686,0.68004259494866,tinba
52.816847801208496,4060,323052,79.56945812807882,76.86941135300209,6116.457407982766,2031,2029,103365,219687,50.89364844903988,108.27353376047314,38.45363902905105,38.415772323951046,1957.0459863308033,4159.411421651963,0.49975369458128077,0.6800360313509899,tinba
42.14857506752014,4044,323043,79.8820474777448,95.94630408078308,7664.387217895255,2024,2020,103360,219683,51.06719367588933,108.7539603960396,48.020603229353355,47.92570085142973,2452.277445546424,5212.10977234883,0.49950544015825915,0.68004259494866,tinba
52.96012306213379,4060,323052,79.56945812807882,76.66145328319448,6099.910297054814,2031,2029,103365,219687,50.89364844903988,108.27353376047314,38.34960877294778,38.3118445102467,1951.75150704862,4148.158790006193,0.49975369458128077,0.6800360313509899,tinba
43.3634569644928,4074,323085,79.30412371134021,93.95007421423767,7450.628308175498,2038,2036,103424,219661,50.74779195289499,107.8885068762279,46.99809799916946,46.951976215068214,2385.0496994436226,5065.578608731876,0.4997545409916544,0.679886098085643,tinba
52.63005805015564,4061,323052,79.54986456537799,77.16122973168544,6138.165374853594,2030,2031,103365,219687,50.91871921182266,108.16691285081241,38.57111459131284,38.5901151403726,1963.9917535620943,4174.173621291499,0.5001231223836493,0.6800360313509899,tinba
42.00729703903198,4059,323043,79.58684405025869,96.62606942380732,7690.163918422022,2031,2028,103360,219683,50.89118660758247,108.3249506903353,48.348742793730636,48.27732663007668,2460.524891757754,5229.6390266642675,0.49963045084996305,0.68004259494866,tinba
52.33707094192505,4054,323052,79.68722249629995,77.45943605629847,6172.527315456175,2028,2026,103365,219687,50.968934911242606,108.43385982230997,38.748824943802,38.71061111249647,1974.9863364477778,4197.540979008397,0.4997533300444006,0.6800360313509899,tinba
42.029566049575806,4044,323043,79.8820474777448,96.21798129511772,7686.089350029356,2023,2021,103360,219683,51.09243697478992,108.70014844136566,48.132783422359836,48.085197872757895,2459.221203428133,5226.868146601223,0.4997527200791296,0.68004259494866,tinba
53.629631996154785,4056,323052,79.64792899408285,75.6298309168113,6023.759402696678,2029,2027,103365,219687,50.94381468703795,108.38036507153429,37.83356186642262,37.79626905038869,1927.3859646736196,4096.373438023059,0.4997534516765286,0.6800360313509899,tinba
42.17306089401245,4044,323043,79.8820474777448,95.8905973214325,7659.93724789998,2023,2021,103360,219683,51.09243697478992,108.70014844136566,47.96901048003411,47.92158684139839,2450.85364469418,5209.0836032058005,0.4997527200791296,0.68004259494866,tinba
53.61152005195618,4083,323052,79.12123438648052,76.15900455803285,6025.794450277156,2042,2041,103365,219687,50.61949069539667,107.63694267515923,38.088828632746285,38.07017592528656,1928.0371065738589,4097.757343703297,0.49987754102375703,0.6800360313509899,tinba
42.202841997146606,4049,323043,79.78340330945913,95.94140603786254,7654.531891995363,2026,2023,103360,219683,51.016781836130306,108.59268413247652,48.0062456489774,47.93516038888514,2449.12416104556,5205.407730949803,0.4996295381575698,0.68004259494866,tinba
56.19012498855591,4129,323055,78.24049406635989,73.48266267143813,5749.31983272498,2065,2064,103366,219689,50.05617433414044,106.43846899224806,36.75022969642038,36.73243297501775,1839.5759045037232,3909.743928221257,0.4998789053039477,0.6800359071984646,tinba
41.99841809272766,4046,323021,79.83712308452793,96.33696181286874,7691.265877843468,2023,2023,103360,219661,51.09243697478992,108.58180919426594,48.16848090643437,48.16848090643437,2461.045074883369,5230.220802960099,0.5,0.6800208036010043,tinba
52.852044105529785,4053,323066,79.71033802121885,76.68577570826525,6112.649103125197,2027,2026,103388,219678,51.005426739023186,108.4294175715696,38.35234822616671,38.33342748209855,1956.177887719252,4156.471215405945,0.4998766345916605,0.6799787040418985,tinba
42.13018298149109,4045,323043,79.86229913473424,96.0119257439987,7667.733134269115,2023,2022,103360,219683,51.09243697478992,108.64638971315529,48.01783084798748,47.99409489601121,2453.3479962669235,5214.3851380021915,0.499876390605686,0.68004259494866,tinba
52.58931088447571,4063,323052,79.51070637460005,77.25904621426389,6142.921338323992,2032,2031,103365,219687,50.868602362204726,108.16691285081241,38.63903074264933,38.620015471614565,1965.5134905088328,4177.40784781516,0.49987693822298795,0.6800360313509899,tinba
42.27671694755554,4046,323043,79.84256055363322,95.70279558412923,7641.15625157782,2024,2022,103360,219683,51.06719367588933,108.64638971315529,47.87505147362273,47.8277441105065,2444.8445258466627,5196.311725731157,0.49975284231339595,0.68004259494866,tinba
52.61334991455078,4059,323052,79.58906134515891,77.14772023815652,6140.114638673796,2031,2028,103365,219687,50.89364844903988,108.32692307692308,38.60236999351956,38.545350244636964,1964.6154477499504,4175.499190923846,0.49963045084996305,0.6800360313509899,tinba
45.74212384223938,4099,323043,78.81019760917297,89.61105553684162,7062.264994825061,2048,2051,103360,219683,50.46875,107.11019015114579,44.77273523772911,44.8383202991125,2259.623981529141,4802.64101329592,0.5003659429129056,0.68004259494866,tinba
53.324748039245605,4057,323052,79.62829677101307,76.08099708252077,6058.200214321543,2029,2028,103365,219687,50.94381468703795,108.32692307692308,38.049875050637084,38.03112203188369,1938.4057834446041,4119.794430876938,0.49987675622381067,0.6800360313509899,tinba
42.293128967285156,4047,323043,79.82283172720534,95.68930222993103,7638.191069993479,2025,2022,103360,219683,51.04197530864197,108.64638971315529,47.880117868942506,47.80918436098852,2443.8957940414307,5194.295275952048,0.49962935507783546,0.68004259494866,tinba
56.843624114990234,4142,323055,77.99492998551425,72.86657148427159,5683.223141200231,2069,2073,103366,219689,49.95940067665539,105.97636275928606,36.39810149709269,36.4684699871789,1818.427336562824,3864.795804637407,0.5004828585224529,0.6800359071984646,tinba
41.997737884521484,4046,323043,79.84256055363322,96.33852211576323,7691.914285675358,2024,2022,103360,219683,51.06719367588933,108.64638971315529,48.193071864138595,48.145450251624624,2461.0849347220183,5230.82935095334,0.49975284231339595,0.68004259494866,tinba
52.740386962890625,4058,323049,79.60793494332184,76.94293185325516,6125.267913322382,2030,2028,103364,219685,50.91822660098522,108.3259368836292,38.4904267279714,38.45250512528375,1959.8642701034662,4165.403643218915,0.49975357318876296,0.6800361555058211,tinba
42.14123010635376,4044,323021,79.87660731948566,95.96302694045644,7665.201020112063,2023,2021,103360,219661,51.09243697478992,108.68926274121722,48.005243199936544,47.9577837405199,2452.70486265222,5212.496157459843,0.4997527200791296,0.6800208036010043,tinba
52.58070683479309,4057,323055,79.6290362336702,77.15757821109109,6143.983591073215,2029,2028,103366,219689,50.944307540660425,108.32790927021696,38.588298296845906,38.56927991424519,1965.8541359052606,4178.129455167955,0.49987675622381067,0.6800359071984646,tinba
42.212722063064575,4045,323043,79.86229913473424,95.82419238344517,7652.7403164710195,2023,2022,103360,219683,51.09243697478992,108.64638971315529,47.92394096210372,47.90025142134144,2448.5509331898375,5204.189383281183,0.499876390605686,0.68004259494866,tinba
52.8717520236969,4059,323049,79.58832224685884,76.77067327333457,6110.049083586464,2030,2029,103364,219685,50.91822660098522,108.27254805322819,38.39479348235259,38.37587979098197,1954.9947948324595,4155.054288754004,0.4998768169499877,0.6800361555058211,tinba
44.2535879611969,4091,323043,78.96431190417991,92.44448164490375,7299.8148824284135,2046,2045,103360,219683,50.51808406647116,107.42444987775062,46.2335393413525,46.21094230355125,2335.6298271369474,4964.185055291467,0.4998777804937668,0.68004259494866,tinba
52.67786693572998,4056,323055,79.64866863905326,76.99628394119588,6132.651506070769,2029,2027,103366,219689,50.944307540660425,108.38135175135669,38.51712527531717,38.479158665878714,1962.2282756079028,4170.423230462866,0.4997534516765286,0.6800359071984646,tinba
42.57813000679016,4050,323043,79.7637037037037,95.11925486990916,7587.064061960509,2026,2024,103360,219683,51.016781836130306,108.53903162055336,47.58311367072492,47.53614119918423,2427.537329223163,5159.526732737346,0.4997530864197531,0.68004259494866,tinba
42.090497970581055,4042,323043,79.921573478476,96.03117555950837,7674.962653703677,2022,2020,103360,219683,51.117705242334324,108.7539603960396,48.03934611116426,47.99182944834411,2455.661134544974,5219.301519158703,0.4997525977238991,0.68004259494866,tinba
54.82471799850464,4073,323049,79.3147557083231,74.29130780227803,5892.3969295895195,2037,2036,103364,219685,50.74324987727049,107.90029469548134,37.154773875089695,37.136533927188324,1885.3539748771582,4007.0429547123613,0.4998772403633685,0.6800361555058211,tinba
42.441996812820435,4046,323043,79.84256055363322,95.33010470369355,7611.399657388847,2024,2022,103360,219683,51.06719367588933,108.64638971315529,47.68861391998906,47.64149078370449,2435.323683186793,5176.075974202054,0.49975284231339595,0.68004259494866,tinba
52.845295906066895,4061,323033,79.5451859147993,76.84695355322587,6112.8052073773,2031,2030,103366,219667,50.89414081733136,108.21034482758621,38.4329383567106,38.41401519651527,1956.011376750245,4156.793830627054,0.49987687761635063,0.680014116204846,tinba
42.30830693244934,4044,323043,79.8820474777448,95.5840659484854,7635.450894212801,2023,2021,103360,219683,51.09243697478992,108.70014844136566,47.815668994506915,47.76839695397849,2443.019054509261,5192.43183970354,0.4997527200791296,0.68004259494866,tinba
53.487910985946655,4060,323052,79.56945812807882,75.90500218015093,6039.719892685252,2031,2029,103365,219687,50.89364844903988,108.27353376047314,37.971196903420335,37.9338052767306,1932.4927463919462,4107.227146293305,0.49975369458128077,0.6800360313509899,tinba
44.8507239818573,4090,323043,78.9836185819071,91.19139306768956,7202.626208011159,2045,2045,103360,219683,50.54278728606357,107.42444987775062,45.59569653384478,45.59569653384478,2304.533591070023,4898.092616941136,0.5,0.68004259494866,tinba
52.95606708526611,4059,323052,79.58906134515891,76.64844131012383,6100.377497442258,2030,2029,103365,219687,50.91871921182266,108.27353376047314,38.333662443841185,38.314778866282644,1951.900994338741,4148.476503103517,0.4998768169499877,0.6800360313509899,tinba
42.22469997406006,4046,323076,79.85071675729115,95.82069268664036,7651.350991208359,2023,2023,103378,219698,51.10133465150766,108.60009886307463,47.91034634332018,47.91034634332018,2448.2826417596407,5203.068349448718,0.5,0.6800195619606533,tinba
54.643787145614624,4081,323055,79.16074491546189,74.68369622927052,5912.017026549127,2040,2041,103366,219689,50.66960784313726,107.63792258696718,37.33269794357066,37.35099828569986,1891.633164527022,4020.3838620221054,0.5001225189904435,0.6800359071984646,tinba
42.37020206451416,4044,323043,79.8820474777448,95.4444350735567,7624.296894032388,2023,2021,103360,219683,51.09243697478992,108.70014844136566,47.745819029130864,47.69861604442584,2439.450249555594,5184.846644476795,0.4997527200791296,0.68004259494866,tinba
53.28754806518555,4060,323049,79.56871921182265,76.19040746692805,6062.373138370354,2031,2029,103364,219685,50.8931560807484,108.27254805322819,38.11396984367755,38.07643762325049,1939.7402161112193,4122.632922259135,0.49975369458128077,0.6800361555058211,tinba
44.242262840270996,4055,323043,79.66535141800247,91.65444395644664,7301.683486811934,2028,2027,103360,219683,50.96646942800789,108.37839171188949,45.83852338931536,45.81592056713128,2336.227700946566,4965.455785865368,0.4998766954377312,0.68004259494866,tinba
52.631288051605225,4057,323055,79.6290362336702,77.08342604159891,6138.078925281917,2030,2027,103366,219689,50.919211822660095,108.38135175135669,38.57021317832039,38.51321286327853,1963.9648548720515,4174.114070409865,0.49963026867143207,0.6800359071984646,tinba
42.44776797294617,4049,323043,79.78340330945913,95.38781880311366,7610.364818378425,2025,2024,103360,219683,51.04197530864197,108.53903162055336,47.70568858392323,47.68213021919043,2434.9925787823727,5175.372239596053,0.4998765127191899,0.68004259494866,tinba
54.44009804725647,4053,323030,79.70145571181841,74.4488005235004,5933.677777721769,2028,2025,103365,219665,50.968934911242606,108.47654320987654,37.2519534817811,37.196847041719295,1898.692392329538,4034.9853853922314,0.4996299037749815,0.6800142401634524,tinba
43.38046383857727,4047,323043,79.82283172720534,93.29084204952862,7446.739186608815,2024,2023,103360,219683,51.06719367588933,108.59268413247652,46.65694695039435,46.63389509913427,2382.639346241482,5064.099840367333,0.4998764516926118,0.68004259494866,tinba
53.34784007072449,4057,323052,79.62829677101307,76.04806482552132,6055.577874787852,2028,2029,103365,219687,50.968934911242606,108.27353376047314,38.014659962079676,38.033404863441646,1937.5667292802593,4118.011145507593,0.5001232437761893,0.6800360313509899,tinba
42.95431709289551,4065,323043,79.46937269372694,94.63542375051136,7520.617760058166,2033,2032,103360,219683,50.8411214953271,108.1117125984252,47.32935214877973,47.30607160173164,2406.2773428912315,5114.3404171669345,0.4998769987699877,0.68004259494866,tinba
52.58217096328735,4061,323052,79.54986456537799,77.23150120285777,6143.755460868162,2032,2029,103365,219687,50.868602362204726,108.27353376047314,38.644277380991625,38.58722382186615,1965.7803796684052,4177.975081199757,0.49963063284905196,0.6800360313509899,tinba
42.26230788230896,4047,323043,79.82283172720534,95.75908659011208,7643.761455233402,2025,2022,103360,219683,51.04197530864197,108.64638971315529,47.91503591425178,47.844050675860295,2445.678080047933,5198.083375185469,0.49962935507783546,0.68004259494866,tinba
52.79982304573059,4057,323052,79.62829677101307,76.83737872542075,6118.429596254529,2030,2027,103365,219687,50.91871921182266,108.38036507153429,38.4470985488302,38.39028017659055,1957.6770155171594,4160.7525807373695,0.49963026867143207,0.6800360313509899,tinba
42.10166001319885,4041,323043,79.94135115070527,95.9819636264496,7672.927858396229,2021,2020,103360,219683,51.14299851558634,108.7539603960396,48.00285782951117,47.979105796938434,2455.010086718592,5217.917771677637,0.4998762682504331,0.68004259494866,tinba
52.74371814727783,4052,323052,79.72655478775913,76.82431467355944,6124.937932853585,2027,2025,103365,219687,50.99407992106561,108.4874074074074,38.43111694059847,38.39319773296098,1959.759448724697,4165.178484128888,0.4997532082922014,0.6800360313509899,tinba
45.71176600456238,4109,323043,78.61839863713799,89.88932957851357,7066.955146028658,2054,2055,103360,219683,50.321324245374875,106.90170316301703,44.933726686363315,44.95560289215025,2261.1246301375427,4805.830515891116,0.5001216841080555,0.68004259494866,tinba
50.78347301483154,4056,323052,79.64792899408285,79.8685036530571,6361.360907822338,2029,2027,103365,219687,50.94381468703795,108.38036507153429,39.95394327220238,39.914560380854724,2035.4062820755048,4325.954625746834,0.4997534516765286,0.6800360313509899,tinba
41.98451900482178,4046,323043,79.84256055363322,96.36885442311083,7694.336094761491,2025,2021,103360,219683,51.04197530864197,108.70014844136566,48.232063817795215,48.13679060531562,2461.8598104727475,5232.476284288744,0.4995056846267919,0.68004259494866,tinba
52.20209002494812,4056,323052,79.64792899408285,77.69803848967695,6188.487852605305,2029,2027,103365,219687,50.94381468703795,108.38036507153429,38.86817556596512,38.82986292371183,1980.0931332557834,4208.394719349521,0.4997534516765286,0.6800360313509899,tinba
41.96790885925293,4059,323024,79.58216309435822,96.7167559768727,7696.928648108729,2029,2030,103361,219663,50.941843272548056,108.20837438423645,48.34646412344783,48.37029185342488,2462.8579981585467,5234.070649950182,0.5001231830500124,0.6800206795779881,tinba
52.620097160339355,4059,323049,79.58832224685884,77.13782792212965,6139.270306089199,2031,2028,103364,219685,50.8931560807484,108.3259368836292,38.59742017980914,38.540407742320504,1964.3445295252548,4174.925776563945,0.49963045084996305,0.6800361555058211,tinba
41.89446210861206,4044,323043,79.8820474777448,96.52827119526837,7710.875942565055,2023,2021,103360,219683,51.09243697478992,108.70014844136566,48.28800510089712,48.240266094371265,2467.15185725592,5243.724085309135,0.4997527200791296,0.68004259494866,tinba
53.98875713348389,4092,323055,78.94794721407625,75.79355808993309,5983.745823251059,2046,2046,103366,219689,50.52101661779081,107.37487781036168,37.89677904496654,37.89677904496654,1914.5838038915012,4069.1620193595572,0.5,0.6800359071984646,tinba
42.122543811798096,4044,323043,79.8820474777448,96.00559781167149,7669.123722521215,2023,2021,103360,219683,51.09243697478992,108.70014844136566,48.02653916246574,47.97905864920576,2453.7929252755603,5215.330797245655,0.4997527200791296,0.68004259494866,tinba
52.852306842803955,4056,323027,79.64176528599606,76.74215644103414,6111.880810818031,2029,2027,103364,219663,50.943321833415474,108.36852491366551,38.38999887052719,38.352157570506954,1955.714067645723,4156.166743172308,0.4997534516765286,0.6800143641243611,tinba
43.73815298080444,4075,323293,79.33570552147239,93.16808603665577,7391.555837803326,2038,2037,103425,219868,50.74828263002944,107.93716249386353,46.595474685326245,46.57261135132952,2364.6403186113184,5026.915519192007,0.49987730061349694,0.6800889595506243,tinba
54.16619300842285,4069,323033,79.38879331531089,75.12065688957077,5963.7383035165185,2035,2034,103366,219667,50.794103194103194,107.99754178957718,37.56955929473495,37.55109759483582,1908.3120717737459,4055.4262317427724,0.4998771196854264,0.680014116204846,tinba
42.91558599472046,4057,323043,79.62607838304166,94.53441927832695,7527.405079351386,2028,2029,103360,219683,50.96646942800789,108.27156234598324,47.255558860351755,47.2788604179752,2408.448995959545,5118.956083391841,0.5001232437761893,0.68004259494866,tinba
52.38535499572754,4060,323049,79.56871921182265,77.50257682383038,6166.7807734880735,2031,2029,103364,219685,50.8931560807484,108.27254805322819,38.7703777165516,38.732199107278774,1973.1468844380304,4193.633889050044,0.49975369458128077,0.6800361555058211,tinba
44.81722092628479,4068,323016,79.40412979351032,90.7686803403324,7207.408074929403,2034,2034,103362,219654,50.817109144542776,107.99115044247787,45.3843401701662,45.3843401701662,2306.300967880393,4901.10710704901,0.5,0.6800096589642618,tinba
41.881969928741455,4060,323105,79.58251231527093,96.9390887512631,7714.656224378537,2031,2029,103393,219712,50.90743476120138,108.285855101035,48.49342099847669,48.445667752786406,2468.675665827425,5245.980558551112,0.49975369458128077,0.6800018569814766,tinba
52.56050205230713,4060,323052,79.56945812807882,77.24431543594412,6146.288322712468,2031,2029,103365,219687,50.89364844903988,108.27353376047314,38.64118341142919,38.60313202451493,1966.5908041961486,4179.697518516319,0.49975369458128077,0.6800360313509899,tinba
42.271835803985596,4050,323043,79.7637037037037,95.80847207062027,7642.038578545527,2026,2024,103360,219683,51.016781836130306,108.53903162055336,47.92789244816708,47.88057962245319,2445.126832893657,5196.91174565187,0.4997530864197531,0.68004259494866,tinba
52.554823875427246,4059,323055,79.58980044345898,77.23363338865346,6147.0094689262,2031,2028,103366,219689,50.89414081733136,108.32790927021696,38.64535831789978,38.58827507075369,1966.8223081674191,4180.187160758781,0.49963045084996305,0.6800359071984646,tinba
41.94647812843323,4052,323043,79.72433366238894,96.59928987586136,7701.314017613002,2026,2026,103360,219683,51.016781836130306,108.43188548864758,48.29964493793068,48.29964493793068,2464.0924485609653,5237.221569052036,0.5,0.68004259494866,tinba
52.119471073150635,4057,323049,79.62755730835593,77.84039086478691,6198.240184490644,2029,2028,103364,219685,50.943321833415474,108.3259368836292,38.92978877610368,38.91060208868323,1983.2127585279354,4215.0274259627095,0.49987675622381067,0.6800361555058211,tinba
42.05755686759949,4052,323043,79.72433366238894,96.34416028387042,7680.973980893966,2027,2025,103360,219683,50.99161322150962,108.48543209876543,48.19585708178809,48.148303202082325,2457.5845031936938,5223.389477700272,0.4997532082922014,0.68004259494866,tinba
52.585623025894165,4056,323055,79.64866863905326,77.13134820144182,6143.4091945800765,2029,2027,103366,219689,50.944307540660425,108.38135175135669,38.58469070530707,38.54665749613476,1965.670349652425,4177.738844927651,0.4997534516765286,0.6800359071984646,tinba
42.18997406959534,4045,323043,79.86229913473424,95.87585887887694,7656.866521584436,2024,2021,103360,219683,51.06719367588933,108.70014844136566,47.97348290997452,47.90237596890242,2449.8711430706353,5206.9953785138005,0.49962917181705807,0.68004259494866,tinba
52.82399916648865,4061,323049,79.54912583107608,76.87793548535953,6115.572563558215,2031,2030,103364,219685,50.8931560807484,108.2192118226601,38.44843313734677,38.42950234801277,1956.7621087192078,4158.810454839007,0.49987687761635063,0.6800361555058211,tinba
42.49612903594971,4052,323043,79.72433366238894,95.34986107963387,7601.704139375164,2027,2025,103360,219683,50.99161322150962,108.48543209876543,47.69846209487114,47.651398984762736,2432.2215304025067,5169.4826089726575,0.4997532082922014,0.68004259494866,tinba
52.6533260345459,4056,323033,79.64324457593689,77.0321707186903,6135.092012763975,2029,2027,103366,219667,50.944307540660425,108.3704982733103,38.535077511889206,38.49709320680109,1963.142839868871,4171.949172895104,0.4997534516765286,0.680014116204846,tinba
42.1501829624176,4047,323043,79.82283172720534,96.01381810390787,7664.0948459947385,2025,2022,103360,219683,51.04197530864197,108.64638971315529,48.04249608609178,47.971322017816085,2452.183898991825,5211.910947002913,0.49962935507783546,0.68004259494866,tinba
52.42203211784363,4055,323049,79.66683107274969,77.3529723320234,6162.466179750389,2028,2027,103364,219685,50.968441814595664,108.3793783917119,38.68602414040529,38.666948191618104,1971.76637043829,4190.699809312098,0.4998766954377312,0.6800361555058211,tinba
41.833616971969604,4042,323024,79.91687283523008,96.62085883485334,7721.636888735691,2022,2020,103361,219663,51.118199802176065,108.74405940594059,48.33433363782124,48.2865251970321,2470.7641242031855,5250.872764532506,0.4997525977238991,0.6800206795779881,tinba
52.47751188278198,4059,323052,79.58906134515891,77.34741710061466,6156.008324510413,2031,2028,103365,219687,50.89364844903988,108.32692307692308,38.70229222255441,38.645124878060244,1969.7008545466947,4186.307469963718,0.49963045084996305,0.6800360313509899,tinba
42.301523208618164,4046,323043,79.84256055363322,95.64667399909848,7636.675360526637,2024,2022,103360,219683,51.06719367588933,108.64638971315529,47.84697681022623,47.79969718887225,2443.4108315736084,5193.264528953028,0.49975284231339595,0.68004259494866,tinba
52.591084003448486,4057,323052,79.62829677101307,77.14235363039818,6142.714228495784,2029,2028,103365,219687,50.94381468703795,108.32692307692308,38.580684130164634,38.56166950023355,1965.447222826253,4177.267005669531,0.49987675622381067,0.6800360313509899,tinba
42.04960298538208,4052,323043,79.72433366238894,96.36238423959954,7682.426873621163,2026,2026,103360,219683,51.016781836130306,108.43188548864758,48.18119211979977,48.18119211979977,2458.0493669805055,5224.377506640658,0.5,0.68004259494866,tinba
52.55651593208313,4055,323052,79.66757090012331,77.15503830657514,6146.754484590803,2028,2027,103365,219687,50.968934911242606,108.38036507153429,38.58703272151279,38.56800558506234,1966.739959200774,4180.01452539003,0.4998766954377312,0.6800360313509899,tinba
42.080501079559326,4046,323043,79.84256055363322,96.14904519198683,7676.785962915224,2024,2022,103360,219683,51.06719367588933,108.64638971315529,48.09828657157225,48.05075862041457,2456.244515828907,5220.541447086318,0.49975284231339595,0.68004259494866,tinba
52.47305989265442,4054,323052,79.68722249629995,77.25869252323724,6156.530620872431,2028,2026,103365,219687,50.968934911242606,108.43385982230997,38.648403659873,38.61028886336425,1969.8679705634972,4186.662650308935,0.4997533300444006,0.6800360313509899,tinba
41.934638023376465,4047,323043,79.82283172720534,96.50733118869417,7703.48845791681,2024,2023,103360,219683,51.06719367588933,108.59268413247652,48.265588911766,48.24174227692817,2464.7881768380107,5238.7002810788,0.4998764516926118,0.68004259494866,tinba
52.40726709365845,4058,323052,79.60867422375554,77.43200943387943,6164.259613512474,2030,2028,103365,219687,50.91871921182266,108.32692307692308,38.735086040112186,38.69692339376725,1972.340969722264,4191.91864379021,0.49975357318876296,0.6800360313509899,tinba
43.47697377204895,4068,323021,79.40535889872173,93.5667698798137,7429.702943300713,2033,2035,103360,219661,50.8411214953271,107.94152334152334,46.760384259012106,46.80638562080159,2377.3503772806157,5052.352566020098,0.5002458210422812,0.6800208036010043,tinba
52.11869692802429,4056,323052,79.64792899408285,77.82236009471455,6198.389810975771,2029,2027,103365,219687,50.94381468703795,108.38036507153429,38.93036701976722,38.891993074947344,1983.2614031533951,4215.128407822376,0.4997534516765286,0.6800360313509899,tinba
42.153115034103394,4042,323043,79.921573478476,95.88852441224986,7663.561749556267,2022,2020,103360,219683,51.117705242334324,108.7539603960396,47.967985245316484,47.92053916693338,2452.01333083873,5211.548418717538,0.4997525977238991,0.68004259494866,tinba
1.2283270359039307,23,4766,207.2173913043478,18.72465502078134,3880.0741664801685,13,10,768,3998,59.07692307692308,399.8,10.583500663919889,8.141154356861453,625.2406546069597,3254.833511873209,0.43478260869565216,0.838858581619807,tinba
6.244943141937256,25,5598,223.92,4.003239009834235,896.4052790820821,14,11,742,4856,53.0,441.45454545454544,2.241813845507172,1.7614251643270635,118.8161338118801,777.5891452702019,0.44,0.8674526616648803,tinba
54.05945110321045,4093,323052,78.92792572685072,75.71294041046835,5975.86533727892,2045,2048,103365,219687,50.54523227383863,107.26904296875,37.82872297566767,37.884217434800675,1912.0615894278183,4063.803747851102,0.5003664793549963,0.6800360313509899,tinba
42.092586040496826,4049,323043,79.78340330945913,96.19271184964735,7674.581924931003,2026,2023,103360,219683,51.016781836130306,108.59268413247652,48.13199165408386,48.0607201955635,2455.539317554841,5219.042607376162,0.4996295381575698,0.68004259494866,tinba
52.430068016052246,4060,323055,79.57019704433498,77.43648165317983,6161.636103563549,2031,2029,103366,219689,50.89414081733136,108.2745194677181,38.73731385162764,38.699167801552186,1971.502306049898,4190.133797513651,0.49975369458128077,0.6800359071984646,tinba
44.54618191719055,4100,323043,78.7909756097561,92.03931343929149,7251.867300333913,2050,2050,103360,219683,50.41951219512195,107.16243902439024,46.019656719645745,46.019656719645745,2320.2886431915044,4931.578657142408,0.5,0.68004259494866,tinba
52.326125144958496,4057,323049,79.62755730835593,77.53297208155462,6173.761177711151,2029,2028,103364,219685,50.943321833415474,108.3259368836292,38.77604149703582,38.7569305845188,1975.3803614093692,4198.380816301781,0.49987675622381067,0.6800361555058211,tinba
42.40541410446167,4049,323043,79.78340330945913,95.48309067388605,7617.965932468306,2025,2024,103360,219683,51.04197530864197,108.53903162055336,47.753336284173685,47.72975438971236,2437.4246115220703,5180.541320946236,0.4998765127191899,0.68004259494866,tinba
52.2100670337677,4060,323055,79.57019704433498,77.76278083255725,6187.599793562015,2032,2028,103366,219689,50.86909448818898,108.32790927021696,38.91969720486609,38.84308362769116,1979.8097545660376,4207.790038995978,0.4995073891625616,0.6800359071984646,tinba
43.31541609764099,4095,323228,78.93235653235654,94.53908951882418,7462.193120144201,2047,2048,103360,219868,50.49340498290181,107.357421875,47.258001525038615,47.281087993785576,2386.217409686366,5075.975710457836,0.5001221001221001,0.6802257230190454,tinba
54.20553517341614,4070,323049,79.37321867321867,75.08458291167354,5959.705018435681,2036,2034,103364,219685,50.76817288801572,108.00639134709931,37.56073975630647,37.52384315536707,1906.890129749932,4052.8148886857493,0.49975429975429975,0.6800361555058211,tinba
45.464699029922485,4097,323021,78.84329997559189,90.11387048451743,7104.874922572444,2049,2048,103360,219661,50.44411908247926,107.25634765625,45.06793278564223,45.0459376988752,2273.412168240108,4831.462754332337,0.4998779594825482,0.6800208036010043,tinba
52.50208783149719,4056,323055,79.64866863905326,77.25407060034503,6153.1838702649075,2028,2028,103366,219689,50.96942800788955,108.32790927021696,38.627035300172516,38.627035300172516,1968.7978948903512,4184.385975374556,0.5,0.6800359071984646,tinba
42.61356806755066,4041,323021,79.93590695372433,94.8289519806049,7580.238282040826,2022,2019,103360,219661,51.117705242334324,108.79692917285784,47.44967604671693,47.379275933887975,2425.518554000327,5154.719728040498,0.49962880475129917,0.6800208036010043,tinba
41.949902057647705,4045,323043,79.86229913473424,96.42453978656128,7700.68544036344,2024,2021,103360,219683,51.06719367588933,108.70014844136566,48.2480268301607,48.17651295640058,2463.8913306153213,5236.794109748119,0.49962917181705807,0.68004259494866,tinba
52.60221576690674,4060,323030,79.56403940886699,77.18306046252597,6140.996064337381,2030,2030,103365,219665,50.91871921182266,108.20935960591133,38.591530231262986,38.591530231262986,1965.0312918002458,4175.964772537135,0.5,0.6800142401634524,tinba
41.714763164520264,4051,323043,79.74401382374722,97.11190218252287,7744.092870093492,2025,2026,103360,219683,51.04197530864197,108.43188548864758,48.54396492708191,48.56793725544096,2477.7798591916967,5266.313010901795,0.5001234263144902,0.68004259494866,tinba
54.08511805534363,4068,323052,79.41297935103245,75.21477527029415,5973.029395432416,2035,2033,103365,219687,50.793611793611795,108.06050172159371,37.62587700959897,37.58889826069519,1911.1541902197532,4061.875205212663,0.4997541789577188,0.6800360313509899,tinba
42.1275429725647,4046,323043,79.84256055363322,96.041679967781,7668.213648500217,2024,2022,103360,219683,51.06719367588933,108.64638971315529,48.0445774233289,47.9971025444521,2453.501740353397,5214.71190814682,0.49975284231339595,0.68004259494866,tinba
53.036290884017944,4074,323052,79.2960235640648,76.81532648859626,6091.149939321061,2038,2036,103365,219687,50.718842001962706,107.90127701375246,38.42651825816377,38.388808230432495,1948.9485082213432,4142.2014310997165,0.4997545409916544,0.6800360313509899,tinba
41.98860812187195,4050,323043,79.7637037037037,96.45473334683716,7693.586771496869,2026,2024,103360,219683,51.016781836130306,108.53903162055336,48.251182656961014,48.20355068987615,2461.6200589454543,5231.966712551414,0.4997530864197531,0.68004259494866,tinba
52.34696412086487,4060,323052,79.56945812807882,77.55941663829427,6171.360754638976,2031,2029,103365,219687,50.89364844903988,108.27353376047314,38.79881162373785,38.760605014556425,1974.6130790190364,4196.747675619939,0.49975369458128077,0.6800360313509899,tinba
42.36751890182495,4048,323043,79.80311264822134,95.54489158027225,7624.779745742561,2025,2023,103360,219683,51.04197530864197,108.59268413247652,47.796048777186584,47.74884280308566,2439.6047415358053,5185.175004206756,0.49975296442687744,0.68004259494866,tinba
52.55149292945862,4061,323052,79.54986456537799,77.27658670803505,6147.342006698877,2032,2029,103365,219687,50.868602362204726,108.27353376047314,38.66683678668486,38.60974992135019,1966.9279451061423,4180.414061592735,0.49963063284905196,0.6800360313509899,tinba
42.20988202095032,4050,323043,79.7637037037037,95.94909547460558,7653.255222074818,2027,2023,103360,219683,50.99161322150962,108.59268413247652,48.021930006672974,47.92716546793262,2448.715681050675,5204.539541024144,0.49950617283950616,0.68004259494866,tinba
52.05514693260193,4055,323052,79.66757090012331,77.89815683836578,6205.95693290943,2029,2026,103365,219687,50.94381468703795,108.43385982230997,38.97789401357439,38.92026282479138,1985.6826095185395,4220.2743233908905,0.4996300863131936,0.6800360313509899,tinba
43.703672885894775,4053,323043,79.70466321243524,92.73820098786464,7391.6670766648795,2029,2024,103360,219683,50.94135041892558,108.53903162055336,46.42630392410001,46.311897063764626,2365.0186168531186,5026.648459811761,0.4993831729583025,0.68004259494866,tinba
53.60632801055908,4070,323055,79.37469287469287,75.92387225624395,6026.434042196779,2035,2035,103366,219689,50.794103194103194,107.95528255528255,37.96193612812198,37.96193612812198,1928.242501139782,4098.191541056997,0.5,0.6800359071984646,tinba
43.5126838684082,4074,323043,79.29381443298969,93.62787210094096,7424.111116127705,2035,2039,103360,219683,50.79115479115479,107.74055909759686,46.76797244119167,46.85989965974929,2375.3993275290272,5048.711788598677,0.5004909180166912,0.68004259494866,tinba
52.51528716087341,4056,323049,79.64718934911242,77.2346533605538,6151.523060521092,2030,2026,103364,219685,50.91822660098522,108.43287265547877,38.65541082887678,38.579242531677025,1968.264967938926,4183.258092582166,0.4995069033530572,0.6800361555058211,tinba
46.477007150650024,4107,323021,78.65132700267836,88.36627510647617,6950.124799408093,2052,2055,103360,219661,50.370370370370374,106.89099756690997,44.150863530189696,44.21541157628647,2223.895348187333,4726.22945122076,0.5003652300949598,0.6800208036010043,tinba
52.23644208908081,4057,323033,79.62361350751787,77.66608593061224,6184.05440878074,2030,2027,103366,219667,50.919211822660095,108.3704982733103,38.86175855044191,38.80432738017032,1978.810115431024,4205.244293349716,0.49963026867143207,0.680014116204846,tinba
42.406546115875244,4049,323043,79.78340330945913,95.48054182333475,7617.762576496796,2026,2023,103360,219683,51.016781836130306,108.59268413247652,47.77564280910748,47.704899014227266,2437.359546273124,5180.4030302236715,0.4996295381575698,0.68004259494866,tinba
52.48008990287781,4060,323049,79.56871921182265,77.36267234895429,6155.64875361018,2031,2029,103364,219685,50.8931560807484,108.27254805322819,38.70039101988329,38.662281329071,1969.585040560914,4186.063713049267,0.49975369458128077,0.6800361555058211,tinba
43.479840993881226,4091,323043,78.96431190417991,94.08958051561672,7429.718982768607,2045,2046,103360,219683,50.54278728606357,107.37194525904204,47.033290675736055,47.05628983988067,2377.193605987324,5052.525376781283,0.5001222195062331,0.68004259494866,tinba
52.84056496620178,4055,323055,79.66831072749692,76.74028471485278,6113.768847979473,2028,2027,103366,219689,50.96942800788955,108.38135175135669,38.379604784641536,38.36067993021124,1956.1865030420402,4157.582344937434,0.4998766954377312,0.6800359071984646,tinba
42.34114694595337,4050,323043,79.7637037037037,95.65163657870791,7629.528798838405,2026,2024,103360,219683,51.016781836130306,108.53903162055336,47.84943597739808,47.80220060130983,2441.1242362408025,5188.404562597602,0.4997530864197531,0.68004259494866,tinba
56.07372212409973,4092,323027,78.9411045943304,72.97535895590768,5760.755444147114,2048,2044,103364,219663,50.470703125,107.46722113502935,36.52334680882183,36.45201214708585,1843.3589939194628,3917.3964502276513,0.4995112414467253,0.6800143641243611,tinba
41.95482397079468,4043,323043,79.90180558990848,96.36555745805029,7699.782037576289,2023,2020,103360,219683,51.09243697478992,108.7539603960396,48.218531471094664,48.14702598695562,2463.6022802038283,5236.179757372462,0.4996289883749691,0.68004259494866,tinba
52.58689999580383,4054,323055,79.68796250616676,77.09144293205131,6143.2600139155975,2028,2026,103366,219689,50.96942800788955,108.43484698914116,38.5647376088308,38.526705323220504,1965.6226171964515,4177.637396719146,0.4997533300444006,0.6800359071984646,tinba
42.30146098136902,4049,323043,79.78340330945913,95.71773423578243,7636.686594401053,2026,2023,103360,219683,51.016781836130306,108.59268413247652,47.89432688606945,47.82340734971298,2443.4144259349155,5193.272168466137,0.4996295381575698,0.68004259494866,tinba
52.82863903045654,4059,323052,79.58906134515891,76.8333251526681,6115.092228928242,2031,2028,103365,219687,50.89364844903988,108.32692307692308,38.445056266338725,38.388268886329364,1956.609178222601,4158.48305070564,0.49963045084996305,0.6800360313509899,tinba
41.77511715888977,4045,323043,79.86229913473424,96.82797500279952,7732.904704284145,2023,2022,103360,219683,51.09243697478992,108.64638971315529,48.4259563487425,48.40201865405702,2474.200122692054,5258.704581592091,0.499876390605686,0.68004259494866,tinba
52.284674882888794,4058,323052,79.60867422375554,77.61356476040864,6178.712992355724,2030,2028,103365,219687,50.91871921182266,108.32692307692308,38.82590844347696,38.78765631693167,1976.9655301773382,4201.747462178386,0.49975357318876296,0.6800360313509899,tinba
41.86131811141968,4044,323021,79.87660731948566,96.60469814247931,7716.455538744265,2023,2021,103360,219661,51.09243697478992,108.68926274121722,48.32623747335204,48.27846066912727,2469.1052423359697,5247.350296408295,0.4997527200791296,0.6800208036010043,tinba
52.430222034454346,4056,323052,79.64792899408285,77.35996230064815,6161.560784306949,2029,2027,103365,219687,50.94381468703795,108.38036507153429,38.69905411933311,38.66090818131504,1971.4774416189584,4190.083342687991,0.4997534516765286,0.6800360313509899,tinba
43.108656883239746,4064,323043,79.48892716535433,94.2734080304888,7493.6920645652535,2030,2034,103360,219683,50.916256157635466,108.00540806293019,47.090309621528604,47.18309840896019,2397.662267232117,5096.029797333137,0.500492125984252,0.68004259494866,tinba
52.34262204170227,4058,323052,79.60867422375554,77.52764079657533,6171.8726995109055,2030,2028,103365,219687,50.91871921182266,108.32692307692308,38.782925287591894,38.74471550898343,1974.7768829319884,4197.095816578917,0.49975357318876296,0.6800360313509899,tinba
42.09693503379822,4044,323043,79.8820474777448,96.06400078184333,7673.789071357323,2023,2021,103360,219683,51.09243697478992,108.70014844136566,48.0557550894335,48.00824569240984,2455.2856381828205,5218.503433174503,0.4997527200791296,0.68004259494866,tinba
52.29777002334595,4058,323052,79.60867422375554,77.5941306520047,6177.165868750966,2030,2028,103365,219687,50.91871921182266,108.32692307692308,38.81618660018963,38.77794405181506,1976.470506368769,4200.695362382197,0.49975357318876296,0.6800360313509899,tinba
42.08866095542908,4051,323021,79.73858306590965,96.24920128226259,7674.774931473154,2026,2025,103360,219661,51.016781836130306,108.47456790123456,48.136480325318196,48.1127209569444,2455.768315115937,5219.006616357216,0.49987657368550975,0.6800208036010043,tinba
52.27418303489685,4052,323052,79.72655478775913,77.51436301347823,6179.953109632323,2028,2024,103365,219687,50.968934911242606,108.54100790513834,38.79544131079316,38.71892170268508,1977.3623230227488,4202.590786609574,0.49950641658440276,0.6800360313509899,tinba
41.912286043167114,4046,323043,79.84256055363322,96.53493956003415,7707.596757363349,2024,2022,103360,219683,51.06719367588933,108.64638971315529,48.291329132355195,48.24361042767895,2466.1026576680993,5241.49409969525,0.49975284231339595,0.68004259494866,tinba
46.72431993484497,4111,323043,78.58015081488689,87.98415912168674,6913.808493103151,2056,2055,103360,219683,50.27237354085603,106.90170316301703,44.00278062617075,43.981378495516,2212.124224475199,4701.6842686279515,0.4998783750912187,0.68004259494866,tinba
52.49339008331299,4055,323055,79.66831072749692,77.24782098401823,6154.203405176821,2028,2027,103366,219689,50.96942800788955,108.38135175135669,38.63343550076177,38.61438548325646,1969.1241094535214,4185.079295723301,0.4998766954377312,0.6800359071984646,tinba
41.82885217666626,4050,323043,79.7637037037037,96.82312062723169,7722.9707053784705,2026,2024,103360,219683,51.016781836130306,108.53903162055336,48.435467256980594,48.387653370251094,2471.0216661804116,5251.949039198059,0.4997530864197531,0.68004259494866,tinba
52.21537113189697,4062,323049,79.52954209748893,77.7931844961767,6186.856341286408,2031,2031,103364,219685,50.8931560807484,108.16592811422944,38.89659224808835,38.89659224808835,1979.5703402911886,4207.286000995218,0.5,0.6800361555058211,tinba
42.090025186538696,4047,323043,79.82283172720534,96.15104723896242,7675.048864150268,2025,2022,103360,219683,51.04197530864197,108.64638971315529,48.111161516901134,48.03988572206128,2455.688718215754,5219.360145934515,0.49962935507783546,0.68004259494866,tinba
52.69713997840881,4053,323055,79.70762398223538,76.91119483259631,6130.408597741031,2028,2025,103366,219689,50.96942800788955,108.4883950617284,38.484061959167356,38.427132873428945,1961.5106254789414,4168.89797226209,0.4996299037749815,0.6800359071984646,tinba
43.355494022369385,4077,323043,79.23546725533481,94.03652505715795,7451.028001971909,2038,2039,103360,219683,50.71638861629048,107.74055909759686,47.00672996479958,47.02979509235836,2384.011584475802,5067.016417496107,0.5001226391954868,0.68004259494866,tinba
52.424784898757935,4052,323085,79.73469891411649,77.2916857517903,6162.829291983507,2027,2025,103383,219702,51.00296003946719,108.49481481481482,38.66491782302047,38.62676792876983,1972.0252586567958,4190.804033326711,0.4997532082922014,0.6800129996750082,tinba
41.66158604621887,4049,323043,79.78340330945913,97.18785058994362,7753.977480396928,2024,2025,103360,219683,51.06719367588933,108.48543209876543,48.581923831574684,48.605926758368945,2480.942513454328,5273.0349669426,0.5001234872808101,0.68004259494866,tinba
55.19456219673157,4100,323030,78.78780487804877,74.28267997463685,5852.56929566023,2051,2049,103365,219665,50.39736713798147,107.20595412396291,37.1594577141415,37.12322226049534,1872.7388330678873,3979.8304625923424,0.4997560975609756,0.6800142401634524,tinba
41.777310848236084,4049,323021,79.77796986910349,96.91863640311249,7731.972054722104,2025,2024,103360,219661,51.04197530864197,108.52816205533597,48.471286420425486,48.447349982687,2474.0702046494707,5257.901850072633,0.4998765127191899,0.6800208036010043,tinba
52.447124004364014,4059,323052,79.58906134515891,77.39223221586487,6159.575117467252,2030,2029,103365,219687,50.91871921182266,108.27353376047314,38.705649519144046,38.68658269672082,1970.8420997765143,4188.733017690738,0.4998768169499877,0.6800360313509899,tinba
42.07339096069336,4043,323046,79.90254761315855,96.09398975654545,7678.1545918607435,2022,2021,103361,219685,51.118199802176065,108.70113805047006,48.05887887403782,48.03511088250764,2456.6833725516435,5221.471219309099,0.49987632945832305,0.6800424707317224,tinba
53.614747047424316,4076,323027,79.25098135426889,76.02385956226969,6024.965476648992,2039,2037,103364,219663,50.693477194703284,107.83652430044182,38.0305813659146,37.99327819635509,1927.9024091742995,4097.063067474693,0.49975466143277725,0.6800143641243611,tinba
42.38481402397156,4047,323043,79.82283172720534,95.4823111341515,7621.66845458604,2024,2023,103360,219683,51.06719367588933,108.59268413247652,47.752952245001886,47.72935888914961,2438.6092608910053,5183.059193695034,0.4998764516926118,0.68004259494866,tinba
52.34953498840332,4056,323033,79.64324457593689,77.47919825646018,6170.694736286761,2030,2026,103366,219667,50.919211822660095,108.42398815399802,38.77780386109817,38.701394395362016,1974.5352088208244,4196.159527465937,0.4995069033530572,0.680014116204846,tinba
44.28255009651184,4093,323043,78.92572685072074,92.42918465805354,7295.040581356363,2046,2047,103360,219683,50.51808406647116,107.31949193942354,46.203301199701336,46.225883458352214,2334.102254155,4960.938327201363,0.5001221597849987,0.68004259494866,tinba
53.24100589752197,4063,323049,79.50996800393797,76.3133590642604,6067.672737472375,2032,2031,103364,219685,50.868110236220474,108.16592811422944,38.16607078970641,38.14728827455399,1941.4358962141798,4126.236841258195,0.49987693822298795,0.6800361555058211,tinba
42.2333881855011,4056,323043,79.64571005917159,96.03776003442798,7648.995590434348,2028,2028,103360,219683,50.96646942800789,108.3249506903353,48.01888001721399,48.01888001721399,2447.3527803645156,5201.642810069832,0.5,0.68004259494866,tinba
52.85302996635437,4058,323055,79.60941350418926,76.7789472539848,6112.326960358811,2030,2028,103366,219689,50.919211822660095,108.32790927021696,38.40839401813434,38.37055323585046,1955.7251507775734,4156.601809581239,0.49975357318876296,0.6800359071984646,tinba
42.093491077423096,4044,323043,79.8820474777448,96.07186043471232,7674.416916520962,2023,2021,103360,219683,51.09243697478992,108.70014844136566,48.05968685940233,48.01217357530999,2455.4865218921527,5218.93039462881,0.4997527200791296,0.68004259494866,tinba
52.56049704551697,4061,323049,79.54912583107608,77.26334848932663,6146.231831107726,2031,2030,103364,219685,50.8931560807484,108.2192118226601,38.64118709229805,38.62216139702858,1966.571965833725,4179.659865274001,0.49987687761635063,0.6800361555058211,tinba
45.3039391040802,4086,323043,79.06093979441997,90.1908328680409,7130.572007388776,2046,2040,103360,219683,50.51808406647116,107.68774509803922,45.161635841412554,45.02919702662835,2281.4793160158365,4849.092691372939,0.49926578560939794,0.68004259494866,tinba
52.52685809135437,4054,323055,79.68796250616676,77.17956388994959,6150.282193504604,2028,2026,103366,219689,50.96942800788955,108.43484698914116,38.608819824572706,38.57074406537688,1967.8694625181374,4182.412730986466,0.4997533300444006,0.6800359071984646,tinba
42.71452808380127,4047,323043,79.82283172720534,94.74528179405904,7562.836685593827,2025,2022,103360,219683,51.04197530864197,108.64638971315529,47.407757754625536,47.337524039433504,2419.785600749677,5143.051084844149,0.49962935507783546,0.68004259494866,tinba
54.30667304992676,4083,323030,79.11584619152583,75.18413061772907,5948.256113995841,2041,2042,103365,219665,50.64429201371877,107.57345739471107,37.58285833719937,37.60127228052969,1903.3572523393495,4044.898861656491,0.500122458976243,0.6800142401634524,tinba
53.33208394050598,4055,323021,79.65992601726263,76.03303115857071,6056.785636959968,2027,2028,103360,219661,50.99161322150962,108.31410256410257,38.007140359660376,38.02589079891033,1938.04540087543,4118.740236084538,0.5001233045622688,0.6800208036010043,tinba
54.15023589134216,4052,323052,79.72655478775913,74.82885223493285,5965.846587413506,2027,2025,103365,219687,50.99407992106561,108.4874074074074,37.43289325770209,37.395958977230755,1908.8559504599787,4056.9906369535274,0.4997532082922014,0.6800360313509899,tinba
46.356173038482666,4097,323043,78.84866975835978,88.38089366434257,6968.715897488458,2050,2047,103360,219683,50.41951219512195,107.31949193942354,44.22280498215822,44.158088682184335,2229.6922551004263,4739.0236423880315,0.4996338784476446,0.68004259494866,tinba
52.09841513633728,4064,323052,79.49114173228347,78.00621169309748,6200.8028296945195,2033,2031,103365,219687,50.84358091490408,108.16691285081241,39.022300288402356,38.98391140469512,1984.0334821990702,4216.769347495449,0.499753937007874,0.6800360313509899,tinba
42.3401300907135,4049,323043,79.78340330945913,95.6303155263113,7629.712032246526,2025,2024,103360,219683,51.04197530864197,108.53903162055336,47.826966890783005,47.8033486355283,2441.1828631265835,5188.529169119943,0.4998765127191899,0.68004259494866,tinba
57.16854691505432,4136,323052,78.1073500967118,72.34747467249089,5650.869532857236,2068,2068,103365,219687,49.9830754352031,106.2316247582205,36.173737336245445,36.173737336245445,1808.074642050779,3842.7948908064573,0.5,0.6800360313509899,tinba
43.170358180999756,4045,323076,79.87045735475895,93.69855082138965,7483.746107582517,2024,2021,103378,219698,51.07608695652174,108.70757050964869,46.88402147404021,46.81452934734944,2394.6523576795103,5089.093749903007,0.49962917181705807,0.6800195619606533,tinba
53.10342502593994,4056,323055,79.64866863905326,76.37925421983095,6083.505910253326,2030,2026,103366,219689,50.919211822660095,108.43484698914116,38.22728946406727,38.151964755763686,1946.5034496269839,4137.002460626341,0.4995069033530572,0.6800359071984646,tinba
44.97221612930298,4096,323043,78.867919921875,91.0784558231083,7183.168360464935,2049,2047,103360,219683,50.44411908247926,107.31949193942354,45.56146386268284,45.516991960425464,2298.307908661249,4884.860451803687,0.499755859375,0.68004259494866,tinba
52.32503700256348,4063,323049,79.50996800393797,77.64925230346131,6173.889566177915,2032,2031,103364,219685,50.868110236220474,108.16592811422944,38.83418180670277,38.81507049675853,1975.4214410767843,4198.468125101132,0.49987693822298795,0.6800361555058211,tinba
42.54183101654053,4058,323046,79.60719566288812,95.38846596476358,7593.608274039679,2030,2028,103361,219685,50.91674876847291,108.3259368836292,47.717739257878286,47.670726706885304,2429.6321415928855,5163.976132446794,0.49975357318876296,0.6800424707317224,tinba
53.90088391304016,4062,323052,79.53028064992614,75.36054522878216,5993.4453119764985,2032,2030,103365,219687,50.868602362204726,108.22019704433498,37.6988251858408,37.661720042941354,1917.6865479008047,4075.7587640756938,0.499753815854259,0.6800360313509899,tinba
42.83599495887756,4041,323043,79.94135115070527,94.3365504613433,7541.3913067764715,2021,2020,103360,219683,51.14299851558634,108.7539603960396,47.179947657108336,47.15660280423495,2412.923992992933,5128.467313783538,0.4998762682504331,0.68004259494866,tinba
42.22143793106079,4046,323043,79.84256055363322,95.82809582672938,7651.160543785007,2024,2022,103360,219683,51.06719367588933,108.64638971315529,47.937732563840896,47.890363262888485,2448.0454732206495,5203.115070564358,0.49975284231339595,0.68004259494866,tinba
55.39860701560974,4102,323030,78.74939054119942,74.04518310079844,5831.013041699395,2052,2050,103365,219665,50.37280701754386,107.15365853658537,37.040642545791904,37.00454055500653,1865.841138765,3965.171902934395,0.499756216479766,0.6800142401634524,tinba
42.85554814338684,4046,323043,79.84256055363322,94.41017966828525,7537.950487044457,2024,2022,103360,219683,51.06719367588933,108.64638971315529,47.22842403574131,47.18175563254394,2411.823077240228,5126.127409804229,0.49975284231339595,0.68004259494866,tinba
52.81200289726257,4058,323052,79.60867422375554,76.83859307313527,6117.018523770946,2030,2028,103365,219687,50.91871921182266,108.32692307692308,38.43823162603859,38.400361447096685,1957.2255231652607,4159.793000605685,0.49975357318876296,0.6800360313509899,tinba
43.53450679779053,4047,323043,79.82283172720534,92.96074074750732,7420.389565924636,2025,2022,103360,219683,51.04197530864197,108.64638971315529,46.51482580027238,46.44591494723494,2374.2085899832855,5046.180975941352,0.49962935507783546,0.68004259494866,tinba
54.283355951309204,4086,323052,79.06314243759178,75.27169108087271,5951.2164334454465,2044,2042,103365,219687,50.56996086105675,107.58423114593536,37.654267393368535,37.617423687504186,1904.1748283344123,4047.041605111034,0.4997552618697993,0.6800360313509899,tinba
42.2903778553009,4051,323043,79.74401382374722,95.79011126031416,7638.687956520777,2025,2026,103360,219683,51.04197530864197,108.43188548864758,47.88323260975961,47.90687865055455,2444.0547765653105,5194.633179955467,0.5001234263144902,0.68004259494866,tinba
52.52273201942444,4057,323052,79.62829677101307,77.24274507463936,6150.7082282110905,2029,2028,103365,219687,50.94381468703795,108.32692307692308,38.63089222490591,38.61185284973345,1968.0050147005416,4182.703213510549,0.49987675622381067,0.6800360313509899,tinba
42.12832713127136,4045,323043,79.86229913473424,96.01615529132758,7668.0709156430985,2023,2022,103360,219683,51.09243697478992,108.64638971315529,48.01994614446371,47.99620914686387,2453.456071918818,5214.614843724281,0.499876390605686,0.68004259494866,tinba
52.344075202941895,4060,323052,79.56945812807882,77.56369721423249,6171.701357746855,2031,2029,103365,219687,50.89364844903988,108.27353376047314,38.80095296603601,38.76274424819648,1974.7220597411676,4196.979298005688,0.49975369458128077,0.6800360313509899,tinba
42.211188077926636,4047,323046,79.82357301704967,95.87505550729298,7653.089493800091,2025,2022,103361,219685,51.04246913580247,108.64737883283877,47.97306335613251,47.90199215116047,2448.66360570529,5204.425888094801,0.49962935507783546,0.6800424707317224,tinba
55.1032509803772,4084,323049,79.1011263467189,74.11540929689161,5862.612355032208,2043,2041,103364,219685,50.59422418012726,107.6359627633513,37.075852398028786,37.03955689886283,1875.8239878951774,3986.788367137031,0.49975514201762977,0.6800361555058211,tinba
42.07825708389282,4041,323043,79.94135115070527,96.03534651977918,7677.195359017329,2021,2020,103360,219683,51.14299851558634,108.7539603960396,48.029555881334744,48.00579063844443,2456.3755051433745,5220.819853873954,0.4998762682504331,0.68004259494866,tinba
52.570626974105835,4060,323055,79.57019704433498,77.22943844667844,6145.161634825543,2031,2029,103366,219689,50.89414081733136,108.2745194677181,38.63374125251328,38.59569719416516,1966.2310676057546,4178.930567219788,0.49975369458128077,0.6800359071984646,tinba
42.023547887802124,4044,323021,79.87660731948566,96.23176060234131,7686.666553295968,2023,2021,103360,219661,51.09243697478992,108.68926274121722,48.13967648331763,48.09208411902369,2459.573386710682,5227.093166585286,0.4997527200791296,0.6800208036010043,tinba
52.490901947021484,4061,323049,79.54912583107608,77.36578815313032,6154.380816813739,2032,2029,103364,219685,50.868110236220474,108.27254805322819,38.71147045731613,38.654317695814186,1969.1793466289491,4185.20147018479,0.49963063284905196,0.6800361555058211,tinba
42.25496697425842,4044,323043,79.8820474777448,95.70472513831547,7645.089397343433,2023,2021,103360,219683,51.09243697478992,108.70014844136566,47.876028426016866,47.82869671229861,2446.102964959517,5198.9864323839165,0.4997527200791296,0.68004259494866,tinba
52.421194076538086,4057,323055,79.6290362336702,77.39236145740092,6162.67915470068,2030,2027,103366,219689,50.919211822660095,108.38135175135669,38.72479510932312,38.66756634807781,1971.8360449607355,4190.843109739944,0.49963026867143207,0.6800359071984646,tinba
42.02377700805664,4044,323043,79.8820474777448,96.23123593161795,7687.1481575315665,2023,2021,103360,219683,51.09243697478992,108.70014844136566,48.139414018215405,48.09182191340253,2459.5599767289887,5227.588180802578,0.4997527200791296,0.68004259494866,tinba
54.057612895965576,4062,323049,79.52954209748893,75.1420527542968,5976.01304781458,2032,2030,103364,219685,50.868110236220474,108.2192118226601,37.589525159214936,37.552527595081855,1912.1081095261284,4063.904938288452,0.499753815854259,0.6800361555058211,tinba
42.27257490158081,4051,323043,79.74401382374722,95.83045294571139,7641.904964438767,2026,2025,103360,219683,51.016781836130306,108.48543209876543,47.927054472478716,47.90339847323267,2445.08408207078,5196.820882367987,0.49987657368550975,0.68004259494866,tinba
54.02544689178467,4081,323055,79.16074491546189,75.53847741739965,5979.682142141152,2040,2041,103366,219689,50.66960784313726,107.63792258696718,37.759983810707006,37.77849360669264,1913.2835718517354,4066.398570289417,0.5001225189904435,0.6800359071984646,tinba
42.44321918487549,4043,323043,79.90180558990848,95.25667651149116,7611.180447761969,2023,2020,103360,219683,51.09243697478992,108.7539603960396,47.66367959009315,47.59299692139801,2435.253545443415,5175.926902318553,0.4996289883749691,0.68004259494866,tinba
53.570579051971436,4054,323052,79.68722249629995,75.67586671159587,6030.399628247279,2028,2026,103365,219687,50.968934911242606,108.43385982230997,37.85660031847963,37.81926639311624,1929.5105975935141,4100.889030653764,0.4997533300444006,0.6800360313509899,tinba
47.339109897613525,4134,323043,78.14296081277213,87.32737072879362,6824.019308742545,2067,2067,103360,219683,50.00483792936623,106.28108369617803,43.66368536439681,43.66368536439681,2183.3955100455028,4640.623798697042,0.5,0.68004259494866,tinba
52.257570028305054,4054,323030,79.68179575727676,77.57727727875925,6181.496763531722,2029,2025,103365,219665,50.94381468703795,108.47654320987654,38.82691060646337,38.750366672295876,1977.9909388058584,4203.505824725864,0.4995066600888012,0.6800142401634524,tinba
42.0026969909668,4054,323043,79.68500246669956,96.51761173507175,7691.0061291891425,2027,2027,103360,219683,50.99161322150962,108.37839171188949,48.25880586753588,48.25880586753588,2460.7943633293085,5230.2117658598345,0.5,0.68004259494866,tinba
55.54568099975586,4100,323052,78.79317073170732,73.81311969184465,5815.969742119462,2052,2048,103365,219687,50.37280701754386,107.26904296875,36.942566245772,36.87055344607264,1860.9007602311028,3955.0689818883593,0.4995121951219512,0.6800360313509899,tinba
42.42617893218994,4048,323021,79.79767786561264,95.41278762034985,7613.718890788791,2024,2024,103360,219661,51.06719367588933,108.52816205533597,47.70639381017492,47.70639381017492,2436.231652282451,5177.487238506341,0.5,0.6800208036010043,tinba
53.019773960113525,4064,323052,79.49114173228347,76.65064741802415,6093.047477777445,2032,2032,103365,219687,50.868602362204726,108.11368110236221,38.325323709012075,38.325323709012075,1949.5556521565125,4143.491825620933,0.5,0.6800360313509899,tinba
44.18977499008179,4066,323043,79.44982784062961,92.01223588290723,7310.356300128382,2034,2032,103360,219683,50.816125860373646,108.1117125984252,46.028747610878824,45.9834882720284,2339.0026317897914,4971.353668338591,0.499754058042302,0.68004259494866,tinba
52.42322301864624,4058,323052,79.60867422375554,77.40844164725667,6162.383413265047,2030,2028,103365,219687,50.91871921182266,108.32692307692308,38.723296339066295,38.68514530819037,1971.740653245117,4190.6427600199295,0.49975357318876296,0.6800360313509899,tinba
42.15804386138916,4050,323043,79.7637037037037,96.06707591357744,7662.665778851802,2025,2025,103360,219683,51.04197530864197,108.48543209876543,48.03353795678872,48.03353795678872,2451.726658377127,5210.939120474675,0.5,0.68004259494866,tinba
52.576598167419434,4056,323052,79.64792899408285,77.14458792264378,6144.406661140512,2029,2027,103365,219687,50.94381468703795,108.38036507153429,38.59131383013911,38.553274092504665,1965.9887402919314,4178.41792084858,0.4997534516765286,0.6800360313509899,tinba
43.67821288108826,4051,323043,79.74401382374722,92.746468611906,7395.975675091569,2025,2026,103360,219683,51.04197530864197,108.43188548864758,46.36178695115024,46.384681660755746,2366.3971848251304,5029.578490266439,0.5001234263144902,0.68004259494866,tinba
7.430882930755615,80,44957,561.9625,10.765880817323701,6050.02129880527,42,38,15522,29435,369.57142857142856,774.6052631578947,5.6520874290949426,5.113793388228758,2088.850025581231,3961.171273224039,0.475,0.6547367484485175,tinba
53.22061204910278,4055,323033,79.66288532675709,76.19228422737316,6069.697201188911,2029,2026,103366,219667,50.944307540660425,108.42398815399802,38.12432668245133,38.06795754492183,1942.2174232914067,4127.479777897504,0.4996300863131936,0.680014116204846,tinba
42.45372200012207,4046,323043,79.84256055363322,95.30377572049787,7609.29748395373,2024,2022,103360,219683,51.06719367588933,108.64638971315529,47.67544292098064,47.628332799517224,2434.6510772295255,5174.646406724205,0.49975284231339595,0.68004259494866,tinba
52.615010023117065,4053,323049,79.70614359733531,77.03125017403329,6139.863887853759,2027,2026,103364,219685,50.99358658115442,108.43287265547877,38.52512807864927,38.50612209538402,1964.5344542286646,4175.329433625094,0.4998766345916605,0.6800361555058211,tinba
41.86388611793518,4043,323043,79.90180558990848,96.5748852987614,7716.507710009345,2023,2020,103360,219683,51.09243697478992,108.7539603960396,48.32327305451257,48.25161224424883,2468.9537829532474,5247.553927056098,0.4996289883749691,0.68004259494866,tinba
44.7681360244751,4090,323043,78.9836185819071,91.35962233861969,7215.913564580616,2045,2045,103360,219683,50.54278728606357,107.42444987775062,45.67981116930984,45.67981116930984,2308.7849791979784,4907.1285853826375,0.5,0.68004259494866,tinba
53.79068899154663,4069,323055,79.39420004915213,75.64506192957401,6005.779179567101,2036,2033,103366,219689,50.76915520628684,108.0614854894245,37.850416831804544,37.79464509776947,1921.6336867565367,4084.145492810564,0.4996313590562792,0.6800359071984646,tinba
41.774791955947876,4048,323043,79.80311264822134,96.90054241966483,7732.964902390263,2025,2023,103360,219683,51.04197530864197,108.59268413247652,48.47420909086494,48.426333328799885,2474.2193835218764,5258.745518868386,0.49975296442687744,0.68004259494866,tinba
52.52286195755005,4058,323049,79.60793494332184,77.26159330920983,6150.635893776965,2030,2028,103364,219685,50.91822660098522,108.3259368836292,38.64983598267519,38.61175732653463,1967.981106656768,4182.654787120197,0.49975357318876296,0.6800361555058211,tinba
43.42367887496948,4077,323107,79.25116507235713,93.88886675721267,7440.802077832404,2039,2038,103424,219683,50.72290338401177,107.79342492639843,46.95594783369061,46.93291892352205,2381.742005272986,5059.060072559419,0.4998773608045131,0.6799078942888889,tinba
52.57521200180054,4058,323055,79.60941350418926,77.18466260984408,6144.625721888413,2030,2028,103366,219689,50.919211822660095,108.32790927021696,38.6113516752054,38.57331093463869,1966.0595947090053,4178.566127179408,0.49975357318876296,0.6800359071984646,tinba
41.89633297920227,4046,323043,79.84256055363322,96.57169762347631,7710.531615269564,2024,2022,103360,219683,51.06719367588933,108.64638971315529,48.3097172491142,48.26198037436211,2467.041687187966,5243.489928081598,0.49975284231339595,0.68004259494866,tinba
56.40689206123352,4132,323027,78.1769119070668,73.25345979910456,5726.7292736024565,2065,2067,103364,219663,50.055205811138016,106.27140783744558,36.60900156949442,36.644458229610144,1832.4711081013174,3894.2581655011386,0.500242013552759,0.6800143641243611,tinba
41.641282081604004,4049,323046,79.78414423314399,97.23523862846527,7757.830303277646,2026,2023,103361,219685,51.0172754195459,108.59367276322294,48.653641259884076,48.581597368581185,2482.1762163192884,5275.654086958358,0.4996295381575698,0.6800424707317224,tinba
52.67352080345154,4058,323052,79.60867422375554,77.04060670525922,6133.100561199459,2030,2028,103365,219687,50.91871921182266,108.32692307692308,38.53928822367576,38.50131848158347,1962.3711956848497,4170.7293655146095,0.49975357318876296,0.6800360313509899,tinba
43.1965229511261,4067,323043,79.4302925989673,94.15109648064802,7478.449141971472,2034,2033,103360,219683,50.816125860373646,108.05853418593212,47.087123246038374,47.06397323460965,2392.785181273612,5085.663960697861,0.4998770592574379,0.68004259494866,tinba
52.82474112510681,4065,323052,79.47158671586716,76.95257777738482,6115.543457844949,2032,2033,103365,219687,50.868602362204726,108.06050172159371,38.466823626973174,38.485754150411644,1956.75355521756,4158.789902627389,0.5001230012300123,0.6800360313509899,tinba
42.254595041275024,4044,323043,79.8820474777448,95.70556754951149,7645.156690874589,2023,2021,103360,219683,51.09243697478992,108.70014844136566,47.876449839926245,47.82911770958524,2446.1244960231224,5199.032194851467,0.4997527200791296,0.68004259494866,tinba
51.95160102844238,4056,323052,79.64792899408285,78.07266609126113,6218.326165215505,2030,2026,103365,219687,50.91871921182266,108.43385982230997,39.07483041549805,38.99783567576308,1989.6403181763328,4228.685847039172,0.4995069033530572,0.6800360313509899,tinba
41.752723932266235,4046,323043,79.84256055363322,96.90385725644303,7737.052090878183,2024,2022,103360,219683,51.06719367588933,108.64638971315529,48.47587916140402,48.427978095039,2475.527109744427,5261.524981133755,0.49975284231339595,0.68004259494866,tinba
52.16633605957031,4064,323052,79.49114173228347,77.90464707659737,6192.729342369324,2033,2031,103365,219687,50.84358091490408,108.16691285081241,38.97149298885887,38.933154087738494,1981.450257153663,4211.27908521566,0.499753937007874,0.6800360313509899,tinba
45.276365995407104,4072,323043,79.33276031434184,89.93654659503966,7134.914494523919,2038,2034,103360,219683,50.71638861629048,108.00540806293019,45.01244645400069,44.92410014103896,2282.8687269310653,4852.045767592853,0.4995088408644401,0.68004259494866,tinba
52.50704002380371,4064,323052,79.49114173228347,77.39914491766463,6152.546398607626,2033,2031,103365,219687,50.84358091490408,108.16691285081241,38.71861752401875,38.68052739364588,1968.5931629956704,4183.953235611956,0.499753937007874,0.6800360313509899,tinba
42.272862911224365,4051,323043,79.74401382374722,95.8298000423428,7641.852899303516,2025,2026,103360,219683,51.04197530864197,108.43188548864758,47.903072102133834,47.92672794020896,2445.0674234452113,5196.785475858305,0.5001234263144902,0.68004259494866,tinba
52.42213797569275,4057,323052,79.62829677101307,77.39096795100501,6162.510963398588,2030,2027,103365,219687,50.91871921182266,108.38036507153429,38.72409784090218,38.66687011010282,1971.7814646920465,4190.729498706541,0.49963026867143207,0.6800360313509899,tinba
42.133389949798584,4045,323043,79.86229913473424,96.00461782969677,7667.149507431084,2024,2021,103360,219683,51.06719367588933,108.70014844136566,48.0379101328322,47.96670769686457,2453.161260538309,5213.988246892775,0.49962917181705807,0.68004259494866,tinba
53.23348808288574,4062,323052,79.53028064992614,76.30535112926236,6068.585990401394,2033,2029,103365,219687,50.84358091490408,108.27353376047314,38.190245899997635,38.11510522926473,1941.7288575766136,4126.857132824781,0.499507631708518,0.6800360313509899,tinba
42.12208700180054,4043,323043,79.90180558990848,95.98289846909009,7669.20689343316,2022,2021,103360,219683,51.117705242334324,108.70014844136566,48.00331949159044,47.97957897749964,2453.819536424722,5215.387357008439,0.49987632945832305,0.68004259494866,tinba
52.31718707084656,4057,323055,79.6290362336702,77.54621811960412,6174.930612430049,2030,2027,103366,219689,50.919211822660095,108.38135175135669,38.80178032605284,38.744437793551285,1975.7560715186098,4199.17454091144,0.49963026867143207,0.6800359071984646,tinba
41.96816086769104,4044,323043,79.8820474777448,96.35876141318481,7697.335154104713,2023,2021,103360,219683,51.09243697478992,108.70014844136566,48.20320829348983,48.15555311969498,2462.8193817178,5234.515772386913,0.4997527200791296,0.68004259494866,tinba
52.624757051467896,4058,323049,79.60793494332184,77.11199495004239,6138.7266773327365,2030,2028,103364,219685,50.91822660098522,108.3259368836292,38.57499993804486,38.536995011997526,1964.1705879783592,4174.556089354377,0.49975357318876296,0.6800361555058211,tinba
42.202605962753296,4048,323043,79.80311264822134,95.91824740805434,7654.574702924925,2024,2024,103360,219683,51.06719367588933,108.53903162055336,47.95912370402717,47.95912370402717,2449.1378587194904,5205.436844205436,0.5,0.68004259494866,tinba
52.604012966156006,4068,323055,79.41371681415929,77.33250318026575,6141.261508087697,2034,2034,103366,219689,50.81907571288102,108.00835791543756,38.66625159013287,38.66625159013287,1964.9831670922688,4176.278340995428,0.5,0.6800359071984646,tinba
42.06046199798584,4046,323043,79.84256055363322,96.19485397458905,7680.443453414032,2024,2022,103360,219683,51.06719367588933,108.64638971315529,48.1212022848661,48.07365168972295,2457.4147569979054,5223.028696416126,0.49975284231339595,0.68004259494866,tinba
53.11952495574951,4057,323049,79.62755730835593,76.37492999757863,6081.549115303865,2030,2027,103364,219685,50.91822660098522,108.3793783917119,38.2157032031266,38.15922679445203,1945.875835412797,4135.673279891068,0.49963026867143207,0.6800361555058211,tinba
45.37261986732483,4043,323043,79.90180558990848,89.1066024360558,7119.778424622996,2023,2020,103360,219683,51.09243697478992,108.7539603960396,44.586360803398684,44.52024163265711,2278.0258292828908,4841.752595340105,0.4996289883749691,0.68004259494866,tinba
55.84406399726868,4060,323055,79.57019704433498,72.70244515511217,5784.947886597232,2030,2030,103366,219689,50.919211822660095,108.22118226600985,36.351222577556086,36.351222577556086,1850.9756024392425,3933.9722841579896,0.5,0.6800359071984646,tinba
47.458786964416504,4085,323043,79.08029375764994,86.07468208285303,6806.8111442083455,2042,2043,103360,219683,50.617042115572964,107.52961331375428,43.026805584623226,43.0478764982298,2177.889630375444,4628.921513832901,0.5001223990208078,0.68004259494866,tinba
54.44224691390991,4059,323052,79.58906134515891,74.55607051668052,5933.847670006079,2031,2028,103365,219687,50.89364844903988,108.32692307692308,37.3055873908298,37.25048312585073,1898.6174498538267,4035.230220152253,0.49963045084996305,0.6800360313509899,tinba
43.31584310531616,4042,323021,79.91613062840179,93.31458677076805,7457.340705908032,2022,2020,103360,219661,51.117705242334324,108.74306930693069,46.68037962654453,46.63420714422352,2386.1938863499718,5071.14681955806,0.4997525977238991,0.6800208036010043,tinba
53.65719819068909,4058,323052,79.60867422375554,75.62825001742577,6020.664717749983,2030,2028,103365,219687,50.91871921182266,108.32692307692308,37.83276183720412,37.79548818022165,1926.3957769963565,4094.2689407536263,0.49975357318876296,0.6800360313509899,tinba
42.5208740234375,4045,323043,79.86229913473424,95.1297472806038,7597.280333935251,2024,2021,103360,219683,51.06719367588933,108.70014844136566,47.600150431629686,47.52959684897411,2430.8061010935003,5166.4742328417515,0.49962917181705807,0.68004259494866,tinba
52.65243411064148,4062,323052,79.53028064992614,77.14743047708477,6135.556797263217,2032,2030,103365,219687,50.868602362204726,108.22019704433498,38.5927077128105,38.55472276427427,1963.1571027237485,4172.399694539468,0.499753815854259,0.6800360313509899,tinba
42.433727979660034,4043,323043,79.90180558990848,95.2779826919273,7612.882850049041,2022,2021,103360,219683,51.117705242334324,108.70014844136566,47.65077442569305,47.62720826623425,2435.79824166154,5177.0846083875,0.49987632945832305,0.68004259494866,tinba
52.651098012924194,4054,323052,79.68722249629995,76.99744455481004,6135.7124958856675,2028,2026,103365,219687,50.968934911242606,108.43385982230997,38.517715233634625,38.47972932117542,1963.2069206729009,4172.505575212766,0.4997533300444006,0.6800360313509899,tinba
42.118155002593994,4044,323021,79.87660731948566,96.01560181710087,7669.40052288866,2023,2021,103360,219661,51.09243697478992,108.68926274121722,48.03154363897009,47.98405817813077,2454.048616175951,5215.351906712709,0.4997527200791296,0.6800208036010043,tinba
42.02530908584595,4046,323043,79.84256055363322,96.27531808832516,7686.867914287401,2024,2022,103360,219683,51.06719367588933,108.64638971315529,48.16145422905836,48.1138638592668,2459.470310827802,5227.397603459599,0.49975284231339595,0.68004259494866,tinba
52.543996810913086,4058,323052,79.60867422375554,77.23051625865615,6148.219008967813,2030,2028,103365,219687,50.91871921182266,108.32692307692308,38.63428979917989,38.59622645947626,1967.2085542326251,4181.010454735188,0.49975357318876296,0.6800360313509899,tinba
41.9202241897583,4044,323043,79.8820474777448,96.4689497292337,7706.137222398824,2023,2021,103360,219683,51.09243697478992,108.70014844136566,48.258329698872345,48.210620030361355,2465.6356686482677,5240.501553750556,0.4997527200791296,0.68004259494866,tinba
52.651865005493164,4056,323052,79.64792899408285,77.03430827335058,6135.6231154641155,2029,2027,103365,219687,50.94381468703795,108.38036507153429,38.536146816229866,38.498161457120716,1963.1783221585017,4172.4447933056135,0.4997534516765286,0.6800360313509899,tinba
42.1657350063324,4044,323043,79.8820474777448,95.9072573831021,7661.268087737254,2023,2021,103360,219683,51.09243697478992,108.70014844136566,47.97734463056765,47.92991275253446,2451.279456755053,5209.988630982201,0.4997527200791296,0.68004259494866,tinba
52.57190012931824,4055,323055,79.66831072749692,77.13246030722432,6145.012814932269,2029,2026,103366,219689,50.944307540660425,108.43484698914116,38.59476250637685,38.53769780084747,1966.1834505836125,4178.829364348657,0.4996300863131936,0.6800359071984646,tinba
42.28636407852173,4042,323043,79.921573478476,95.58636898869794,7639.413012670942,2022,2020,103360,219683,51.117705242334324,108.7539603960396,47.816832779601,47.76953620909694,2444.2867636496335,5195.1262490213085,0.4997525977238991,0.68004259494866,tinba
57.13953876495361,4136,323049,78.1066247582205,72.38420346747364,5653.685818656647,2066,2070,103364,219685,50.030977734753144,106.1280193236715,36.157099701112315,36.227103766361324,1808.9750500996,3844.7107685570472,0.5004835589941973,0.6800361555058211,tinba
41.95620894432068,4047,323043,79.82283172720534,96.45771393146364,7699.527867942132,2025,2022,103360,219683,51.04197530864197,108.64638971315529,48.26460852760412,48.19310540385952,2463.5209567472402,5236.0069111948915,0.49962935507783546,0.68004259494866,tinba
52.42338013648987,4057,323033,79.62361350751787,77.38913418854655,6162.002510310268,2029,2028,103366,219667,50.944307540660425,108.31706114398422,38.70410482340669,38.685029365139854,1971.753819209589,4190.248691100679,0.49987675622381067,0.680014116204846,tinba
43.69892597198486,4080,323043,79.17720588235294,93.36613908121369,7392.470016473656,2042,2038,103360,219683,50.617042115572964,107.79342492639843,46.728837255842734,46.637301825370955,2365.275523390747,5027.194493082909,0.49950980392156863,0.68004259494866,tinba
52.82721495628357,4063,323049,79.50996800393797,76.91111491230949,6115.200285824924,2031,2032,103364,219685,50.8931560807484,108.1126968503937,38.44609263768166,38.465022274627835,1956.6429933044444,4158.55729252048,0.500123061777012,0.6800361555058211,tinba
42.7990460395813,4056,323021,79.64028599605523,94.76846741511343,7547.387848347475,2027,2029,103360,219661,50.99161322150962,108.26071956628881,47.36086870079757,47.40759871431587,2415.00709862577,5132.380749721704,0.5002465483234714,0.6800208036010043,tinba
54.26682996749878,4103,323090,78.74482086278333,75.60788058667418,5953.729012612373,2053,2050,103366,219724,50.34875791524598,107.18243902439025,37.83158148779968,37.7762990988745,1904.7731378801277,4048.9558747322444,0.49963441384352913,0.6800705685722245,tinba
42.101487159729004,4054,323043,79.68500246669956,96.2911353848265,7672.959360661201,2027,2027,103360,219683,50.99161322150962,108.37839171188949,48.14556769241325,48.14556769241325,2455.020166101546,5217.939194559654,0.5,0.68004259494866,tinba
52.57937002182007,4063,323049,79.50996800393797,77.27365311364292,6144.025686613151,2033,2030,103364,219685,50.843089030988686,108.2192118226601,38.6653548560266,38.608298257616326,1965.8660793597312,4178.15960725342,0.4996308146689638,0.6800361555058211,tinba
43.082337856292725,4060,323043,79.56724137931035,94.23815424183127,7498.269965700468,2032,2028,103360,219683,50.86614173228347,108.3249506903353,47.16549985699535,47.072654384835914,2399.1270005999213,5099.1429651005465,0.4995073891625616,0.68004259494866,tinba
54.197246074676514,4062,323055,79.53101920236337,74.94845760987764,5960.727221358696,2031,2031,103366,219689,50.89414081733136,108.16789758739537,37.47422880493882,37.47422880493882,1907.2186778194516,4053.508543539244,0.5,0.6800359071984646,tinba
41.87865591049194,4043,323043,79.90180558990848,96.5408252032057,7713.786246875879,2023,2020,103360,219683,51.09243697478992,108.7539603960396,48.306230370043316,48.23459483316238,2468.083030671121,5245.703216204758,0.4996289883749691,0.68004259494866,tinba
52.24929189682007,4058,323052,79.60867422375554,77.66612431826991,6182.897189074847,2030,2028,103365,219687,50.91871921182266,108.32692307692308,38.852201174491846,38.81392314377806,1978.3043223651969,4204.5928667096505,0.49975357318876296,0.6800360313509899,tinba
42.56989288330078,4048,323043,79.80311264822134,95.09067854826434,7588.532131982944,2026,2022,103360,219683,51.016781836130306,108.64638971315529,47.592320834679725,47.4983577135846,2428.0070490979747,5160.5250828849685,0.49950592885375494,0.68004259494866,tinba
52.50262117385864,4063,323052,79.51070637460005,77.38661249970109,6153.064223788687,2033,2030,103365,219687,50.84358091490408,108.22019704433498,38.721876252004016,38.66473624769707,1968.7588483956688,4184.305375393018,0.4996308146689638,0.6800360313509899,tinba
42.621108055114746,4048,323043,79.80311264822134,94.97641391128074,7579.413458286034,2025,2023,103360,219683,51.04197530864197,108.59268413247652,47.51166950848407,47.464744402796676,2425.089461924402,5154.323996361632,0.49975296442687744,0.68004259494866,tinba
52.526326179504395,4054,323052,79.68722249629995,77.18034545469236,6150.287360589362,2028,2026,103365,219687,50.968934911242606,108.43385982230997,38.60921079973263,38.57113465495972,1967.8703522260175,4182.417008363344,0.4997533300444006,0.6800360313509899,tinba
6.418576002120972,62,34485,556.2096774193549,9.659463404267948,5372.687024131938,31,31,7550,26935,243.5483870967742,868.8709677419355,4.829731702133974,4.829731702133974,1176.2733661648872,4196.413657967051,0.5,0.7810642308249964,tinba
41.93369007110596,4046,323043,79.84256055363322,96.48566565783489,7703.662602843291,2024,2022,103360,219683,51.06719367588933,108.64638971315529,48.26668000283189,48.218985655003,2464.8438957967905,5238.818707046501,0.49975284231339595,0.68004259494866,tinba
49.311893939971924,4064,323052,79.49114173228347,82.41419412823943,6551.198386199805,2033,2031,103365,219687,50.84358091490408,108.16691285081241,41.22737614732056,41.186817980918875,2096.1474350554795,4455.050951144325,0.499753937007874,0.6800360313509899,tinba
41.034239053726196,4049,323043,79.78340330945913,98.67369526942214,7872.523225714976,2024,2025,103360,219683,51.06719367588933,108.48543209876543,49.32466268839477,49.34903258102737,2518.8721025061677,5353.651123208809,0.5001234872808101,0.68004259494866,tinba
52.580435037612915,4056,323052,79.64792899408285,77.13895857077978,6143.958294922965,2029,2027,103365,219687,50.94381468703795,108.38036507153429,38.588497766299845,38.55046080447993,1965.8452792575572,4178.113015665408,0.4997534516765286,0.6800360313509899,tinba
42.047688007354736,4042,323043,79.921573478476,96.12894766753875,7682.776754419772,2022,2020,103360,219683,51.117705242334324,108.7539603960396,48.088256354221514,48.04069131331723,2458.1613139329056,5224.615440486867,0.4997525977238991,0.68004259494866,tinba
54.59715819358826,4072,323052,79.33497053045187,74.5826364361617,5917.011263746294,2038,2034,103365,219687,50.718842001962706,108.00737463126843,37.327950161320615,37.254686274841085,1893.2304064891587,4023.7808572571357,0.4995088408644401,0.6800360313509899,tinba
42.59636187553406,4047,323043,79.82283172720534,95.00811388130457,7583.816687066536,2025,2022,103360,219683,51.04197530864197,108.64638971315529,47.539271215626826,47.46884266567775,2426.4983075788587,5157.318379487678,0.49962935507783546,0.68004259494866,tinba
52.03185701370239,4053,323055,79.70762398223538,77.89458675158677,6208.792431047093,2028,2025,103366,219689,50.96942800788955,108.4883950617284,38.97612186829953,38.91846488328725,1986.5906375930222,4222.201793454071,0.4996299037749815,0.6800359071984646,tinba
42.155818939208984,4047,323043,79.82283172720534,96.00098163994862,7663.0702030921475,2025,2022,103360,219683,51.04197530864197,108.64638971315529,48.03607309634197,47.96490854360665,2451.856056907608,5211.2141461845395,0.49962935507783546,0.68004259494866,tinba
52.572421073913574,4054,323049,79.68648248643315,77.11267461508623,6144.837795197088,2029,2025,103364,219685,50.943321833415474,108.48641975308642,38.59438006759003,38.51829454749621,1966.125924744394,4178.711870452694,0.4995066600888012,0.6800361555058211,tinba
41.73077201843262,4046,323043,79.84256055363322,96.95483223298311,7741.122063529303,2024,2022,103360,219683,51.06719367588933,108.64638971315529,48.501379248531336,48.453452984451765,2476.8293276325094,5264.292735896794,0.49975284231339595,0.68004259494866,tinba
52.545056104660034,4056,323055,79.64866863905326,77.1908967405268,6148.152156437595,2029,2027,103366,219689,50.944307540660425,108.38135175135669,38.61447965644203,38.57641708408477,1967.1879271403582,4180.964229297237,0.4997534516765286,0.6800359071984646,tinba
42.197975158691406,4045,323043,79.86229913473424,95.8576800139867,7655.414715638641,2023,2022,103360,219683,51.09243697478992,108.64638971315529,47.940688916760216,47.91699109722647,2449.406627007581,5206.00808863106,0.499876390605686,0.68004259494866,tinba
52.865885972976685,4060,323049,79.56871921182265,76.79810761282502,6110.727060644214,2032,2028,103364,219685,50.868110236220474,108.3259368836292,38.436885386517346,38.36122222630767,1955.2117229783362,4155.515337665878,0.4995073891625616,0.6800361555058211,tinba
42.24537897109985,4045,323043,79.86229913473424,95.75011749254735,7646.824525375766,2023,2022,103360,219683,51.09243697478992,108.64638971315529,47.88689436030242,47.86322313224493,2446.658132022174,5200.166393353592,0.499876390605686,0.68004259494866,tinba
43.92925810813904,4046,323043,79.84256055363322,92.10262531727967,7353.709439043494,2024,2022,103360,219683,51.06719367588933,108.64638971315529,46.07407653044341,46.02854878683626,2352.873789617901,5000.835649425593,0.49975284231339595,0.68004259494866,tinba
52.93386101722717,4057,323033,79.62361350751787,76.64281278631198,6102.577703426354,2030,2027,103366,219667,50.919211822660095,108.3704982733103,38.34974364215265,38.293069144159325,1952.7387198594834,4149.83898356687,0.49963026867143207,0.680014116204846,tinba
42.54471707344055,4052,323043,79.72433366238894,95.2409671218509,7593.022641151056,2026,2026,103360,219683,51.016781836130306,108.43188548864758,47.62048356092545,47.62048356092545,2429.443820758763,5163.578820392293,0.5,0.68004259494866,tinba
52.758142948150635,4057,323049,79.62755730835593,76.89808195082068,6123.206427441625,2030,2027,103364,219685,50.91822660098522,108.3793783917119,38.47747260541434,38.42060934540634,1959.2046691556889,4164.001758285936,0.49963026867143207,0.6800361555058211,tinba
42.37246489524841,4047,323046,79.82357301704967,95.51013871873724,7623.960531883665,2024,2023,103361,219685,51.06768774703557,108.59367276322294,47.76686947534573,47.74326924339151,2439.3435750203607,5184.616956863304,0.4998764516926118,0.6800424707317224,tinba
52.636290073394775,4058,323052,79.60867422375554,77.09509911016947,6137.438629309628,2029,2029,103365,219687,50.94381468703795,108.27353376047314,38.547549555084736,38.547549555084736,1963.7592211736492,4173.6794081359785,0.5,0.6800360313509899,tinba
43.99679088592529,4075,323043,79.27435582822086,92.62039157732309,7342.42187884986,2036,2039,103360,219683,50.76620825147348,107.74055909759686,46.27610239298891,46.34428918433417,2349.262251148985,4993.159627700876,0.5003680981595092,0.68004259494866,tinba
52.68226480484009,4056,323052,79.64792899408285,76.98985635916249,6132.082612559211,2029,2027,103365,219687,50.94381468703795,108.38036507153429,38.5139098995909,38.47594645957159,1962.0454887980352,4170.037123761176,0.4997534516765286,0.6800360313509899,tinba
42.301684856414795,4042,323043,79.921573478476,95.5517496222625,7636.646178432595,2022,2020,103360,219683,51.117705242334324,108.7539603960396,47.79951453147323,47.75223509078928,2443.4014945465246,5193.24468388607,0.4997525977238991,0.68004259494866,tinba
55.31366491317749,4103,323052,78.7355593468194,74.17696886366562,5840.365134132319,2053,2050,103365,219687,50.34827082318558,107.16439024390245,37.11560250477834,37.061366358887284,1868.7064066762848,3971.6587274560343,0.49963441384352913,0.6800360313509899,tinba
42.074214935302734,4049,323043,79.78340330945913,96.2347130237872,7677.932921546873,2025,2024,103360,219683,51.04197530864197,108.53903162055336,48.12924027492445,48.10547274886275,2456.6114937363905,5221.321427810482,0.4998765127191899,0.68004259494866,tinba
52.969897985458374,4061,323052,79.54986456537799,76.66618503050263,6098.784635920693,2031,2030,103365,219687,50.89364844903988,108.22019704433498,38.34253183869757,38.32365319180506,1951.391336044793,4147.3932998759,0.49987687761635063,0.6800360313509899,tinba
43.536673069000244,4057,323043,79.62607838304166,93.185806677744,7420.02034670901,2030,2027,103360,219683,50.916256157635466,108.37839171188949,46.62735705097863,46.55844962676536,2374.0904555611583,5045.929891147852,0.49963026867143207,0.68004259494866,tinba
52.69842982292175,4054,323052,79.68722249629995,76.92828825493143,6130.20162243022,2028,2026,103365,219687,50.968934911242606,108.43385982230997,38.4831200249139,38.445168230017536,1961.4436397313734,4168.757982698846,0.4997533300444006,0.6800360313509899,tinba
42.20809888839722,4046,323043,79.84256055363322,95.85838041884004,7653.578543164445,2024,2022,103360,219683,51.06719367588933,108.64638971315529,47.95288234496596,47.90549807387409,2448.8191300275103,5204.759413136934,0.49975284231339595,0.68004259494866,tinba
55.7744882106781,4109,323052,78.620588951083,73.67167556032054,5792.110521565508,2054,2055,103365,219687,50.32375851996105,106.9036496350365,36.82687310803076,36.844802452289784,1853.2666693337874,3938.84385223172,0.5001216841080555,0.6800360313509899,tinba
43.485342025756836,4049,323046,79.78414423314399,93.11183519268938,7428.848088826262,2024,2025,103361,219685,51.06768774703557,108.48641975308642,46.54441946900551,46.56741572368387,2376.9158798102167,5051.932209016045,0.5001234872808101,0.6800424707317224,tinba
52.6181960105896,4054,323049,79.68648248643315,77.04559082915192,6139.4921242641085,2028,2026,103364,219685,50.968441814595664,108.43287265547877,38.54180024704492,38.503790582107,1964.4155033212774,4175.076620942831,0.4997533300444006,0.6800361555058211,tinba
53.11871409416199,4068,323043,79.41076696165192,76.58317919347174,6081.528996115214,2034,2034,103360,219683,50.816125860373646,108.00540806293019,38.29158959673587,38.29158959673587,1945.830236341504,4135.69875977371,0.5,0.68004259494866,tinba
52.58938694000244,4058,323055,79.60941350418926,77.16385826344853,6142.9695000735255,2030,2028,103366,219689,50.919211822660095,108.32790927021696,38.60094437525888,38.562913888189655,1965.5296631985268,4177.439836874999,0.49975357318876296,0.6800359071984646,tinba
42.04106593132019,4043,323043,79.90180558990848,96.16787563390498,7683.986902894773,2023,2020,103360,219683,51.09243697478992,108.7539603960396,48.1196172167672,48.04825841713779,2458.5485098986937,5225.4383929960795,0.4996289883749691,0.68004259494866,tinba
54.03589606285095,4066,323049,79.4513034923758,75.24627694284369,5978.414786057234,2033,2033,103364,219685,50.843089030988686,108.0595179537629,37.623138471421846,37.623138471421846,1912.8765789277165,4065.538207129517,0.5,0.6800361555058211,tinba
46.31013107299805,4120,323021,78.40315533980582,88.96541436053589,6975.169201979288,2058,2062,103360,219661,50.223517978620016,106.52812803103782,44.439520085918176,44.52589427461772,2231.909035996357,4743.260165982931,0.5004854368932039,0.6800208036010043,tinba
53.49830508232117,4056,323055,79.64866863905326,75.81548600014114,6038.602522134022,2029,2027,103366,219689,50.944307540660425,108.38135175135669,37.92643518103707,37.889050819104064,1932.1359777836758,4106.466544350347,0.4997534516765286,0.6800359071984646,tinba
42.187073945999146,4045,323043,79.86229913473424,95.88244980388387,7657.392888008913,2023,2022,103360,219683,51.09243697478992,108.64638971315529,47.95307687348753,47.92937293039633,2450.0395579059177,5207.353330102997,0.499876390605686,0.68004259494866,tinba
54.20348405838013,4060,323049,79.56871921182265,74.9029342030331,5959.930539742768,2031,2029,103364,219685,50.8931560807484,108.27254805322819,37.469916100088724,37.433018102944374,1906.9622884143628,4052.9682513284056,0.49975369458128077,0.6800361555058211,tinba
42.98015999794006,4048,323043,79.80311264822134,94.18299048198078,7516.095798979871,2025,2023,103360,219683,51.04197530864197,108.59268413247652,47.1147617900225,47.06822869195828,2404.8305079588768,5111.265291020994,0.49975296442687744,0.68004259494866,tinba
53.01432704925537,4061,323033,79.5451859147993,76.60193434553915,6093.315108949162,2031,2030,103366,219667,50.89414081733136,108.21034482758621,38.31039858551835,38.2915357600208,1949.774820379463,4143.540288569699,0.49987687761635063,0.680014116204846,tinba
41.75680899620056,4043,323043,79.90180558990848,96.82253259265744,7736.295175941092,2023,2020,103360,219683,51.09243697478992,108.7539603960396,48.44718858148553,48.375344011171904,2475.284929205311,5261.010246735781,0.4996289883749691,0.68004259494866,tinba
52.11416697502136,4058,323052,79.60867422375554,77.86750197782158,6198.928597570039,2030,2028,103365,219687,50.91871921182266,108.32692307692308,38.95293962912218,38.9145623486994,1983.433795450352,4215.494802119687,0.49975357318876296,0.6800360313509899,tinba
41.905816078186035,4043,323043,79.90180558990848,96.47825477152736,7708.78675640824,2022,2021,103360,219683,51.117705242334324,108.70014844136566,48.251058903791325,48.227195867736036,2466.483406674516,5242.303349733724,0.49987632945832305,0.68004259494866,tinba
56.18437600135803,4122,323052,78.372634643377,73.36559188448346,5749.854728157727,2060,2062,103365,219687,50.17718446601942,106.54073714839961,36.66499739981464,36.70059448466883,1839.7463379766211,3910.1083901811057,0.500242600679282,0.6800360313509899,tinba
41.54604983329773,4049,323043,79.78340330945913,97.45812216195019,7775.540666229408,2025,2024,103360,219683,51.04197530864197,108.53903162055336,48.74109591947372,48.71702624247646,2487.841814437928,5287.69885179148,0.4998765127191899,0.68004259494866,tinba
52.32791090011597,4056,323052,79.64792899408285,77.51121591194673,6173.607821199758,2029,2027,103365,219687,50.94381468703795,108.38036507153429,38.77471821630669,38.73649769564005,1975.3320593536428,4198.2757618461155,0.4997534516765286,0.6800360313509899,tinba
41.614063024520874,4046,323043,79.84256055363322,97.22674754483634,7762.832478281406,2024,2022,103360,219683,51.06719367588933,108.64638971315529,48.63740411041739,48.58934343441896,2483.7757355991807,5279.056742682225,0.49975284231339595,0.68004259494866,tinba
52.08534097671509,4064,323052,79.49114173228347,78.02579235905979,6202.359319187742,2033,2031,103365,219687,50.84358091490408,108.16691285081241,39.03209543946077,38.993696919599024,1984.531502754482,4217.82781643326,0.499753937007874,0.6800360313509899,tinba
41.931113958358765,4054,323043,79.68500246669956,96.6823825387986,7704.135891090557,2027,2027,103360,219683,50.99161322150962,108.37839171188949,48.3411912693993,48.3411912693993,2464.995327876227,5239.1405632143305,0.5,0.68004259494866,tinba
53.86378788948059,4101,323052,78.77395757132406,76.13649467829036,5997.573001416986,2051,2050,103365,219687,50.39736713798147,107.16439024390245,38.07753001345368,38.05896466483669,1919.0072597955336,4078.565741621452,0.49987807851743477,0.6800360313509899,tinba
41.76316499710083,4045,323043,79.86229913473424,96.85568611193143,7735.117777170994,2023,2022,103360,219683,51.09243697478992,108.64638971315529,48.43981532866188,48.41587078326956,2474.9082117501193,5260.209565420873,0.499876390605686,0.68004259494866,tinba
41.660622119903564,4046,323043,79.84256055363322,97.11808883590828,7754.156888734137,2024,2022,103360,219683,51.06719367588933,108.64638971315529,48.58304790011823,48.53504093579005,2480.999916480346,5273.1569722537915,0.49975284231339595,0.68004259494866,tinba
52.08553504943848,4060,323052,79.56945812807882,77.948704878357,6202.336208956402,2031,2029,103365,219687,50.89364844903988,108.27353376047314,38.99355162757219,38.95515325078482,1984.524108313146,4217.812100643256,0.49975369458128077,0.6800360313509899,tinba
41.63125514984131,4044,323043,79.8820474777448,97.13855576644595,7759.6267236547965,2023,2021,103360,219683,51.09243697478992,108.70014844136566,48.59329829760637,48.54525746883958,2482.7500306676193,5276.876692987177,0.4997527200791296,0.68004259494866,tinba
52.726640939712524,4061,323055,79.55060329967988,77.0198883832432,6126.978586961002,2033,2028,103366,219689,50.844072798819475,108.32790927021696,38.55735855285236,38.46252983039084,1960.4131451914102,4166.565441769592,0.4993843880817533,0.6800359071984646,tinba
41.646328926086426,4046,323021,79.83712308452793,97.15142016912964,7756.289889879492,2024,2022,103360,219661,51.06719367588933,108.63550939663699,48.59972180482412,48.55169836430552,2481.851406001295,5274.438483878197,0.49975284231339595,0.6800208036010043,tinba
53.69750213623047,4080,323049,79.17867647058823,75.98118790794118,6016.089895213845,2040,2040,103364,219685,50.668627450980395,107.68872549019608,37.99059395397059,37.99059395397059,1924.9312516952039,4091.1586435186414,0.5,0.6800361555058211,tinba
42.003360986709595,4047,323021,79.81739560168026,96.34943263898627,7690.360780943411,2024,2023,103360,219661,51.06719367588933,108.58180919426594,48.186620128813495,48.16281251017278,2460.755462704626,5229.605318238785,0.4998764516926118,0.6800208036010043,tinba
52.435176849365234,4060,323055,79.57019704433498,77.42893690744077,6161.035766658443,2031,2029,103366,219689,50.89414081733136,108.2745194677181,38.73353962044636,38.69539728699442,1971.3102197966807,4189.725546861763,0.49975369458128077,0.6800359071984646,tinba
42.02964997291565,4043,323021,79.8963640860747,96.19399644311461,7685.550562713659,2022,2021,103360,219661,51.117705242334324,108.68926274121722,48.108894585203494,48.08510185791111,2459.216292940966,5226.334269772693,0.49987632945832305,0.6800208036010043,tinba
52.277981996536255,4063,323049,79.50996800393797,77.71914379306376,6179.446636279955,2031,2032,103364,219685,50.8931560807484,108.1126968503937,38.850007640588856,38.869136152474915,1977.1995025907563,4202.247133689199,0.500123061777012,0.6800361555058211,tinba
42.849989891052246,4052,323080,79.73346495557749,94.56244937985672,7539.791743742376,2026,2026,103379,219701,51.026159921026654,108.44076999012833,47.28122468992836,47.28122468992836,2412.579332290278,5127.2124114520975,0.5,0.6800204283768726,tinba
53.15034890174866,4060,323027,79.56330049261084,76.38708087326262,6077.6082692727605,2032,2028,103364,219663,50.868110236220474,108.31508875739645,38.23116954050977,38.15591133275286,1944.7473466462852,4132.860922626475,0.4995073891625616,0.6800143641243611,tinba
41.95972800254822,4048,323043,79.80311264822134,96.47345663809271,7698.88212765301,2025,2023,103360,219683,51.04197530864197,108.59268413247652,48.26056069469806,48.212895943394656,2463.3143473599957,5235.567780293014,0.49975296442687744,0.68004259494866,tinba
52.494335889816284,4056,323033,79.64324457593689,77.26547886067932,6153.673430177964,2029,2027,103366,219667,50.944307540660425,108.3704982733103,38.65178910461498,38.613689756064346,1969.0886311422532,4184.5847990357115,0.4997534516765286,0.680014116204846,tinba
41.60897207260132,4047,323043,79.82283172720534,97.26267673564733,7763.782278407147,2025,2022,103360,219683,51.04197530864197,108.64638971315529,48.66738828507187,48.59528845057547,2484.0796311827303,5279.702647224417,0.49962935507783546,0.68004259494866,tinba
56.12446188926697,4124,323052,78.33462657613967,73.47954637207236,5755.992826040427,2063,2061,103365,219687,50.10421715947649,106.59243085880641,36.757590728803414,36.72195564326895,1841.7103081351258,3914.2825179053007,0.4997575169738118,0.6800360313509899,tinba
52.25746703147888,4055,323043,79.66535141800247,77.59656620090956,6181.757715225753,2028,2027,103360,219683,50.96646942800789,108.37839171188949,38.80785111108375,38.788715089825814,1977.8991572197317,4203.858558006021,0.4998766954377312,0.68004259494866,tinba
64.06597089767456,4070,323052,79.37395577395577,63.528265364159665,5042.4897254109355,2035,2035,103365,219687,50.793611793611795,107.95429975429975,31.764132682079833,31.764132682079833,1613.41502441434,3429.0747009965958,0.5,0.6800360313509899,tinba
42.787513971328735,4052,323043,79.72433366238894,94.70052414625407,7549.93618503908,2026,2026,103360,219683,51.016781836130306,108.43188548864758,47.350262073127034,47.350262073127034,2415.657990068317,5134.278194970763,0.5,0.68004259494866,tinba
53.35095191001892,4058,323052,79.60867422375554,76.06237292343302,6055.224666747384,2030,2028,103365,219687,50.91871921182266,108.32692307692308,38.049930269731156,38.01244265370186,1937.4537154338723,4117.770951313511,0.49975357318876296,0.6800360313509899,tinba
44.06426382064819,4074,323043,79.29381443298969,92.45587346204462,7331.178873539342,2039,2035,103360,219683,50.691515448749385,107.95233415233415,46.27332498505375,46.18254847699087,2345.664968344853,4985.513905194489,0.4995090819833088,0.68004259494866,tinba
52.18120813369751,4050,323052,79.76592592592593,77.61414779096685,6190.964363498129,2026,2024,103365,219687,51.01924975320829,108.54100790513834,38.8262378825923,38.787909908374544,1980.885527509454,4210.078835988676,0.4997530864197531,0.6800360313509899,tinba
41.66299080848694,4044,323043,79.8820474777448,97.06456309363703,7753.716037452469,2023,2021,103360,219683,51.09243697478992,108.70014844136566,48.55628366429963,48.5082794293374,2480.85886284825,5272.857174604219,0.4997527200791296,0.68004259494866,tinba
56.88387203216553,4130,323117,78.2365617433414,72.60405897940021,5680.291943159045,2064,2066,103430,219687,50.111434108527135,106.33446272991287,36.28444981440243,36.31960916499778,1818.2658160385868,3862.0261271204586,0.5002421307506053,0.6798992315477056,tinba
41.82070994377136,4044,323021,79.87660731948566,96.69850190102524,7723.94826473073,2023,2021,103360,219661,51.09243697478992,108.68926274121722,48.37316254841099,48.32533935261424,2471.5027587759564,5252.445505954774,0.4997527200791296,0.6800208036010043,tinba
51.84896397590637,4059,323052,79.58906134515891,78.28507435338865,6230.635585122175,2031,2028,103365,219687,50.89364844903988,108.32692307692308,39.1714673593822,39.11360699400645,1993.5788890214383,4237.056696100737,0.49963045084996305,0.6800360313509899,tinba
41.81541895866394,4055,323043,79.66535141800247,96.97379820607597,7725.451712425499,2027,2028,103360,219683,50.99161322150962,108.3249506903353,48.47494179129864,48.49885641477732,2471.815482757093,5253.636229668406,0.5001233045622688,0.68004259494866,tinba
52.852827072143555,4073,323238,79.3611588509698,77.06304895366141,6115.812869551585,2038,2035,103366,219872,50.71933267909716,108.04520884520885,38.5599051724925,38.50314378116891,1955.7326585180863,4160.080211033499,0.49963172109010556,0.6802170536879946,tinba
41.93389296531677,4044,323043,79.8820474777448,96.43750470162081,7703.625329210112,2023,2021,103360,219683,51.09243697478992,108.70014844136566,48.24259940934196,48.19490529227885,2464.8319698218415,5238.79335938827,0.4997527200791296,0.68004259494866,tinba
52.030498027801514,4055,323049,79.66683107274969,77.93506027624966,6208.839281672546,2029,2026,103364,219685,50.943321833415474,108.43287265547877,38.9963593836031,38.938700892646565,1986.604086410424,4222.235195262122,0.4996300863131936,0.6800361555058211,tinba
43.169453859329224,4077,323043,79.23546725533481,94.44177851508611,7483.138449067688,2038,2039,103360,219683,50.71638861629048,107.74055909759686,47.20930699380562,47.232471521280495,2394.285559803606,5088.8528892640825,0.5001226391954868,0.68004259494866,tinba
52.26019597053528,4056,323055,79.64866863905326,77.61164926145332,6181.664534555917,2029,2027,103366,219689,50.944307540660425,108.38135175135669,38.824959652733924,38.7866896087194,1977.9106848026095,4203.753849753308,0.4997534516765286,0.6800359071984646,tinba
41.70163702964783,4044,323043,79.8820474777448,96.97461030426489,7746.530424461088,2023,2021,103360,219683,51.09243697478992,108.70014844136566,48.51128502609492,48.46332527816996,2478.559772761824,5267.970651699264,0.4997527200791296,0.68004259494866,tinba
52.051854848861694,4058,323049,79.60793494332184,77.96071843708262,6206.291801473903,2030,2028,103364,219685,50.91822660098522,108.3259368836292,38.99957082978751,38.9611476072951,1985.7889848522937,4220.50281662161,0.49975357318876296,0.6800361555058211,tinba
42.05703401565552,4052,323043,79.72433366238894,96.34535803194451,7681.0694705610695,2026,2026,103360,219683,51.016781836130306,108.43188548864758,48.17267901597226,48.17267901597226,2457.615055819789,5223.45441474128,0.5,0.68004259494866,tinba
62.37876009941101,4068,322905,79.3768436578171,65.21450560281994,5176.521615456876,2036,2032,103401,219504,50.78634577603143,108.02362204724409,32.639314996888245,32.57519060593169,1657.6315373247749,3518.8900781321013,0.4995083579154376,0.6797788823338133,tinba
42.0094780921936,4048,323043,79.80311264822134,96.35920710836487,7689.764659562133,2026,2022,103360,219683,51.016781836130306,108.64638971315529,48.22721185808973,48.13199525027514,2460.397145929,5229.367513633132,0.49950592885375494,0.68004259494866,tinba
52.3900830745697,4055,323049,79.66683107274969,77.40014449353505,6166.224236372874,2029,2026,103364,219685,50.943321833415474,108.43287265547877,38.72870361957648,38.67144087395857,1972.9688126830474,4193.255423689827,0.4996300863131936,0.6800361555058211,tinba
43.41461992263794,4062,323043,79.52806499261447,93.5629520018423,7440.880527703383,2032,2030,103360,219683,50.86614173228347,108.21822660098522,46.80450971633273,46.75844228550957,2380.764824941019,5060.115702762364,0.499753815854259,0.68004259494866,tinba
44.03430795669556,4086,323043,79.06093979441997,92.79128455971818,7336.166162022771,2043,2043,103360,219683,50.592266275085656,107.52961331375428,46.39564227985909,46.39564227985909,2347.2606882262535,4988.905473796517,0.5,0.68004259494866,tinba
52.15684390068054,4058,323033,79.60399211434203,77.80378750921797,6193.49208734973,2030,2028,103366,219667,50.919211822660095,108.31706114398422,38.92106669386705,38.88272081535092,1981.8300393488971,4211.662048000833,0.49975357318876296,0.680014116204846,tinba
41.71457505226135,4041,323043,79.94135115070527,96.87261574491184,7744.127792151338,2021,2020,103360,219683,51.14299851558634,108.7539603960396,48.44829409068716,48.42432165422468,2477.791032762704,5266.336759388634,0.4998762682504331,0.68004259494866,tinba
53.68057298660278,4078,323052,79.21824423737127,75.96789253754349,6018.0430652374935,2040,2038,103365,219687,50.669117647058826,107.79538763493622,38.002574981998215,37.965317555545276,1925.5569426540417,4092.4861225834516,0.49975478175576266,0.6800360313509899,tinba
41.44349980354309,4049,323043,79.78340330945913,97.69927779250541,7794.780883162343,2025,2024,103360,219683,51.04197530864197,108.53903162055336,48.86170351440441,48.837574278101,2493.997864320415,5300.783018841928,0.4998765127191899,0.68004259494866,tinba
52.51643896102905,4056,323052,79.64792899408285,77.23295943599378,6151.445269160912,2029,2027,103365,219687,50.94381468703795,108.38036507153429,38.63552137466257,38.59743806133121,1968.2408412479035,4183.204427913009,0.4997534516765286,0.6800360313509899,tinba
43.199979066848755,4053,323021,79.6992351344683,93.81948990596231,7477.341586211165,2027,2026,103360,219661,50.99161322150962,108.42102665350444,46.92131903266361,46.8981708732987,2392.5937519566405,5084.747834254525,0.4998766345916605,0.6800208036010043,tinba
52.796749114990234,4053,323052,79.70688378978535,76.76609010855289,6118.785823278615,2028,2025,103365,219687,50.968934911242606,108.4874074074074,38.41145589443505,38.35463421411784,1957.790995329526,4160.994827949089,0.4996299037749815,0.6800360313509899,tinba
42.93926405906677,4048,323043,79.80311264822134,94.27269164258652,7523.254230804368,2025,2023,103360,219683,51.04197530864197,108.59268413247652,47.15963452970299,47.11305711288353,2407.1209012296795,5116.133329574687,0.49975296442687744,0.68004259494866,tinba
53.80759787559509,4097,323052,78.85086648767391,76.14166329209486,6003.8361263943925,2046,2051,103365,219687,50.52052785923754,107.11214041930765,38.02436980610839,38.117293485986465,1921.0112341194495,4082.824892274943,0.500610202587259,0.6800360313509899,tinba
41.763591051101685,4053,323043,79.70466321243524,97.04625244128967,7735.0388668619635,2027,2026,103360,219683,50.99161322150962,108.43188548864758,48.535098371205066,48.511154070084594,2474.8829638124103,5260.155903049553,0.4998766345916605,0.68004259494866,tinba
52.60195779800415,4059,323052,79.58906134515891,77.16442828205928,6141.44441620493,2031,2028,103365,219687,50.89364844903988,108.32692307692308,38.610730189914364,38.55369809214491,1965.0409286462323,4176.4034875586985,0.49963045084996305,0.6800360313509899,tinba
43.33924913406372,4048,323021,79.79767786561264,93.4026334299908,7453.313254246309,2025,2023,103360,219661,51.04197530864197,108.58180919426594,46.72439048807593,46.67824294191487,2384.9051856037177,5068.408068642591,0.49975296442687744,0.6800208036010043,tinba
52.776976108551025,4055,323052,79.66757090012331,76.8327460000688,6121.078239411646,2029,2026,103365,219687,50.94381468703795,108.43385982230997,38.44479448437474,38.38795151569405,1958.5244858932456,4162.5537535184,0.4996300863131936,0.6800360313509899,tinba
42.092199087142944,4051,323043,79.74401382374722,96.24111089119545,7674.652477320279,2025,2026,103360,219683,51.04197530864197,108.43188548864758,48.108676759977975,48.13243413121747,2455.561891314234,5219.090586006046,0.5001234263144902,0.68004259494866,tinba
53.18717098236084,4062,323055,79.53101920236337,76.37180028520665,6073.927115001829,2032,2030,103366,219689,50.86909448818898,108.22118226600985,38.204701669015236,38.1670986161914,1943.4385790942072,4130.4885359076225,0.499753815854259,0.6800359071984646,tinba
42.103052854537964,4055,323043,79.66535141800247,96.31130583356125,7672.674024757368,2027,2028,103360,219683,50.99161322150962,108.3249506903353,48.14377729337328,48.16752854018797,2454.9288707661876,5217.745153991181,0.5001233045622688,0.68004259494866,tinba
52.878820180892944,4053,323049,79.70614359733531,76.64694458263457,6109.232371200473,2027,2026,103364,219685,50.99358658115442,108.43287265547877,38.332927872933695,38.31401670970087,1954.7334763975919,4154.49889480288,0.4998766345916605,0.6800361555058211,tinba
42.30809187889099,4050,323043,79.7637037037037,95.72636864818497,7635.489705485338,2026,2024,103360,219683,51.016781836130306,108.53903162055336,47.88682046449945,47.83954818368553,2443.0314724633085,5192.45823302203,0.4997530864197531,0.68004259494866,tinba
53.06612515449524,4059,323055,79.58980044345898,76.48947399461974,6087.78197125693,2030,2029,103366,219689,50.919211822660095,108.2745194677181,38.254159204010364,38.23531479060937,1947.8716356067662,4139.910335650164,0.4998768169499877,0.6800359071984646,tinba
42.41815495491028,4045,323043,79.86229913473424,95.36011182711178,7615.67777625851,2024,2021,103360,219683,51.06719367588933,108.70014844136566,47.71541813054988,47.64469369656191,2436.6924989988315,5178.985277259678,0.49962917181705807,0.68004259494866,tinba
52.855470180511475,4058,323049,79.60793494332184,76.7754025485188,6111.93125132983,2030,2028,103364,219685,50.91822660098522,108.3259368836292,38.40662079189087,38.368781756627925,1955.59702045961,4156.3342308702195,0.49975357318876296,0.6800361555058211,tinba
41.54764485359192,4042,323021,79.91613062840179,97.28589945936628,7774.712649496278,2022,2020,103360,219661,51.117705242334324,108.74306930693069,48.667018482641915,48.61888097672436,2487.746305818926,5286.966343677352,0.4997525977238991,0.6800208036010043,tinba
52.57256007194519,4074,323055,79.29675994108983,77.49289732941973,6144.935676670519,2037,2037,103366,219689,50.744231713303876,107.8492881688758,38.74644866470987,38.74644866470987,1966.158769109671,4178.776907560848,0.5,0.6800359071984646,tinba
41.95713710784912,4047,323043,79.82283172720534,96.45558012209818,7699.357541236216,2025,2022,103360,219683,51.04197530864197,108.64638971315529,48.26354083203579,48.192039290062404,2463.4664594564047,5235.891081779811,0.49962935507783546,0.68004259494866,tinba
52.217902183532715,4056,323049,79.64718934911242,77.67451066387513,6186.556458445314,2029,2027,103364,219685,50.943321833415474,108.3793783917119,38.856405852318204,38.81810481155692,1979.4743886244548,4207.08206982086,0.4997534516765286,0.6800361555058211,tinba
41.380857944488525,4046,323046,79.84330202669302,97.77467652864077,7806.653028638479,2025,2021,103361,219685,51.04246913580247,108.70113805047006,48.93566979003894,48.839006738601825,2497.7974148978838,5308.855613740595,0.4995056846267919,0.6800424707317224,tinba
52.968727827072144,4053,323052,79.70688378978535,76.51684618954592,6098.919367191016,2027,2026,103365,219687,50.99407992106561,108.43385982230997,38.267862626747984,38.24898356279793,1951.4344451967465,4147.48492199427,0.4998766345916605,0.6800360313509899,tinba
44.19846796989441,4052,323043,79.72433366238894,91.67738580350799,7308.91849509443,2026,2026,103360,219683,51.016781836130306,108.43188548864758,45.838692901753994,45.838692901753994,2338.5425954221582,4970.375899672272,0.5,0.68004259494866,tinba
56.61056613922119,4070,323052,79.37395577395577,71.894705839732,5706.567201704447,2035,2035,103365,219687,50.793611793611795,107.95429975429975,35.947352919866,35.947352919866,1825.8958892196308,3880.671312484816,0.5,0.6800360313509899,tinba
42.99023199081421,4048,323043,79.80311264822134,94.16092476227955,7514.33488586489,2025,2023,103360,219683,51.04197530864197,108.59268413247652,47.10372347915417,47.05720128312537,2404.2670907680863,5110.067795096803,0.49975296442687744,0.68004259494866,tinba
52.01898407936096,4059,323052,79.58906134515891,78.0292055263426,6210.271225350093,2031,2028,103365,219687,50.89364844903988,108.32692307692308,39.04343838975162,38.98576713659098,1987.0630276497666,4223.208197700327,0.49963045084996305,0.6800360313509899,tinba
44.09857702255249,4093,323043,78.92572685072074,92.81478624371022,7325.474466779105,2046,2047,103360,219683,50.51808406647116,107.31949193942354,46.396054887522865,46.418731356187344,2343.8398011604904,4981.634665618615,0.5001221597849987,0.68004259494866,tinba
52.20109009742737,4056,323052,79.64792899408285,77.69952681888327,6188.6063949442505,2029,2027,103365,219687,50.94381468703795,108.38036507153429,38.86892009751335,38.83060672136992,1980.1310625330054,4208.475332411245,0.4997534516765286,0.6800360313509899,tinba
42.06672406196594,4046,323043,79.84256055363322,96.18053438247492,7679.300140513555,2024,2022,103360,219683,51.06719367588933,108.64638971315529,48.11403894961177,48.06649543286314,2457.0489455691068,5222.251194944448,0.49975284231339595,0.68004259494866,tinba
54.17007398605347,4104,323052,78.71637426900585,75.76138812467948,5963.661782761685,2052,2052,103365,219687,50.37280701754386,107.05994152046783,37.88069406233974,37.88069406233974,1908.1568916928593,4055.5048910688256,0.5,0.6800360313509899,tinba
41.95431208610535,4045,323043,79.86229913473424,96.41440411889496,7699.875982640342,2023,2022,103360,219683,51.09243697478992,108.64638971315529,48.21911978554376,48.1952843333512,2463.63233862274,5236.2436440176025,0.499876390605686,0.68004259494866,tinba
52.11081409454346,4061,323052,79.54986456537799,77.93008170304576,6199.327445046131,2030,2031,103365,219687,50.91871921182266,108.16691285081241,38.95544591410561,38.97463578894015,1983.561412271688,4215.766032774443,0.5001231223836493,0.6800360313509899,tinba
43.996477127075195,4069,323024,79.38658146964856,92.48467754014695,7342.0423882350515,2034,2035,103361,219663,50.81661750245821,107.94250614250615,46.2309742238041,46.25370331634284,2349.3017338970576,4992.740654337994,0.5001228803145736,0.6800206795779881,tinba
52.006393909454346,4050,323049,79.76518518518519,77.87503988550421,6211.716977770925,2026,2024,103364,219685,51.018756169792695,108.54001976284584,38.9567483476621,38.9182915378421,1987.5248451173472,4224.192132653578,0.4997530864197531,0.6800361555058211,tinba
41.630293130874634,4045,323021,79.85686032138443,97.16482147467926,7759.277576655715,2024,2021,103360,219661,51.06719367588933,108.68926274121722,48.61844219153296,48.5463792831463,2482.807403615043,5276.470173040672,0.49962917181705807,0.6800208036010043,tinba
42.646183013916016,4071,323043,79.35224760501106,95.4598914203313,7574.9569403336,2037,2034,103360,219683,50.74128620520373,108.00540806293019,47.765118846282206,47.6947725740491,2423.663566004776,5151.293374328824,0.49963154016212236,0.68004259494866,tinba
52.3339729309082,4056,323055,79.64866863905326,77.50223751127722,6172.950034320922,2030,2026,103366,219689,50.919211822660095,108.43484698914116,38.78933484908598,38.71290266219123,1975.1223576407003,4197.827676680222,0.4995069033530572,0.6800359071984646,tinba
41.435534954071045,4052,323043,79.72433366238894,97.79045943274085,7796.279216814141,2026,2026,103360,219683,51.016781836130306,108.43188548864758,48.89522971637042,48.89522971637042,2494.4772672675454,5301.801949546596,0.5,0.68004259494866,tinba
52.247480154037476,4064,323049,79.49040354330708,77.78365555656276,6183.054169264775,2032,2032,103364,219685,50.868110236220474,108.1126968503937,38.89182777828138,38.89182777828138,1978.353782713719,4204.700386551056,0.5,0.6800361555058211,tinba
44.6071240901947,4061,323043,79.5476483624723,91.03926968680474,7241.959812222227,2033,2028,103360,219683,50.8411214953271,108.3249506903353,45.575679702850046,45.46358998395469,2317.1186690047125,4924.841143217514,0.4993843880817533,0.68004259494866,tinba
52.47950005531311,4058,323055,79.60941350418926,77.32543175378747,6155.832270877233,2030,2028,103366,219689,50.919211822660095,108.32790927021696,38.681770936468354,38.64366081731912,1969.6452879896492,4186.186982887584,0.49975357318876296,0.6800359071984646,tinba
42.00162482261658,4045,323043,79.86229913473424,96.30579809907479,7691.20245619763,2024,2021,103360,219683,51.06719367588933,108.70014844136566,48.18861195365324,48.11718614542154,2460.8571796094857,5230.345276588145,0.49962917181705807,0.68004259494866,tinba
52.71673607826233,4055,323049,79.66683107274969,76.9205436766802,6128.0159591141455,2029,2026,103364,219685,50.943321833415474,108.43287265547877,38.48872580024269,38.4318178764375,1960.743545399845,4167.2724137143005,0.4996300863131936,0.6800361555058211,tinba
42.283109188079834,4044,323043,79.8820474777448,95.64102729560051,7640.001083247446,2023,2021,103360,219683,51.09243697478992,108.70014844136566,47.84416375346188,47.79686354213863,2444.474921185279,5195.526162062168,0.4997527200791296,0.68004259494866,tinba
52.631664991378784,4066,323055,79.45277914412199,77.25387370257091,6138.034965318261,2033,2033,103366,219689,50.844072798819475,108.0614854894245,38.62693685128546,38.62693685128546,1963.9507892621607,4174.0841760561,0.5,0.6800359071984646,tinba
42.14252996444702,4049,323043,79.78340330945913,96.07871201410747,7665.486630074912,2026,2023,103360,219683,51.016781836130306,108.59268413247652,48.0749495037248,48.003762510382664,2452.6292106145092,5212.8574194604025,0.4996295381575698,0.68004259494866,tinba
52.90039587020874,4055,323052,79.66757090012331,76.65349064587254,6106.7974007719895,2028,2027,103365,219687,50.968934911242606,108.38036507153429,38.336197048046735,38.3172935978258,1953.9551320864648,4152.842268685524,0.4998766954377312,0.6800360313509899,tinba
42.70551609992981,4046,323043,79.84256055363322,94.74185935447927,7564.432642473813,2024,2022,103360,219683,51.06719367588933,108.64638971315529,47.394345856022255,47.34751349845701,2420.2962389715713,5144.136403502242,0.49975284231339595,0.68004259494866,tinba
52.49797582626343,4062,323052,79.53028064992614,77.37441179528074,6153.608685201633,2031,2031,103365,219687,50.89364844903988,108.16691285081241,38.68720589764037,38.68720589764037,1968.9330564301313,4184.675628771502,0.5,0.6800360313509899,tinba
42.07858896255493,4045,323043,79.86229913473424,96.12964929978003,7677.134808096128,2023,2022,103360,219683,51.09243697478992,108.64638971315529,48.07670717761557,48.05294212216445,2456.3561314277536,5220.778676668374,0.499876390605686,0.68004259494866,tinba
52.86567711830139,4063,323052,79.51070637460005,76.85515861090605,6110.807949685065,2031,2032,103365,219687,50.89364844903988,108.11368110236221,38.41812137306182,38.43703723784422,1955.2383632331537,4155.569586451911,0.500123061777012,0.6800360313509899,tinba
42.39413285255432,4048,323043,79.80311264822134,95.4849109446073,7619.993104317879,2025,2023,103360,219683,51.04197530864197,108.59268413247652,47.7660436420034,47.7188673026039,2438.073220166653,5181.919884151227,0.49975296442687744,0.68004259494866,tinba
52.55230498313904,4061,323052,79.54986456537799,77.27539260747815,6147.247016161298,2031,2030,103365,219687,50.89364844903988,108.22019704433498,38.64721063427435,38.62818197320381,1966.8975515567545,4180.349464604545,0.49987687761635063,0.6800360313509899,tinba
41.91153001785278,4043,323043,79.90180558990848,96.46510156698716,7707.7357916161845,2023,2020,103360,219683,51.09243697478992,108.7539603960396,48.26834045758472,48.19676110940244,2466.1471427068495,5241.588648909335,0.4996289883749691,0.68004259494866,tinba
52.52273988723755,4056,323052,79.64792899408285,77.223694131493,6150.707306845927,2029,2027,103365,219687,50.94381468703795,108.38036507153429,38.630886438066895,38.59280769342612,1968.0047198968873,4182.70258694904,0.4997534516765286,0.6800360313509899,tinba
42.332162857055664,4043,323043,79.90180558990848,95.50657767362665,7631.148001835611,2022,2021,103360,219683,51.117705242334324,108.70014844136566,47.76510018700794,47.74147748661871,2441.64231223004,5189.505689605571,0.49987632945832305,0.68004259494866,tinba
52.902414083480835,4050,323030,79.76049382716049,76.55605268994033,6106.1485680077585,2026,2024,103365,219665,51.01924975320829,108.53013833992095,38.29692907402941,38.259123615910916,1953.8805892088103,4152.267978798948,0.4997530864197531,0.6800142401634524,tinba
42.17224192619324,4046,323043,79.84256055363322,95.93988403749111,7660.086000771933,2024,2022,103360,219683,51.06719367588933,108.64638971315529,47.99365429853732,47.94622973895379,2450.9012392770837,5209.184761494849,0.49975284231339595,0.68004259494866,tinba
53.08640003204346,4069,323055,79.39420004915213,76.6486331253186,6085.456911845613,2035,2034,103366,219689,50.794103194103194,108.00835791543756,38.33373517080937,38.31489795450922,1947.1277000815141,4138.3292117640985,0.4998771196854264,0.6800359071984646,tinba
42.00464701652527,4047,323043,79.82283172720534,96.34648276910525,7690.649081586377,2025,2022,103360,219683,51.04197530864197,108.64638971315529,48.20895171915941,48.13753104994584,2460.6801233048477,5229.968958281529,0.49962935507783546,0.68004259494866,tinba
52.90849709510803,4057,323049,79.62755730835593,76.6795547548281,6105.805640619291,2029,2028,103364,219685,50.943321833415474,108.3259368836292,38.34922765529855,38.330327099529555,1953.6370465067912,4152.1685941125,0.49987675622381067,0.6800361555058211,tinba
43.28589487075806,4080,323043,79.17720588235294,94.25703250867198,7463.0084687987555,2039,2041,103360,219683,50.691515448749385,107.63498285154336,47.105414040485826,47.15161846818616,2387.8448235530236,5075.163645245732,0.5002450980392157,0.68004259494866,tinba
52.80768918991089,4056,323055,79.64866863905326,76.80699652305397,6117.5750152256405,2029,2027,103366,219689,50.944307540660425,108.38135175135669,38.42243489775061,38.38456162530335,1957.4043398920107,4160.170675333629,0.4997534516765286,0.6800359071984646,tinba
42.39918303489685,4048,323043,79.80311264822134,95.47353770161737,7619.085484126378,2025,2023,103360,219683,51.04197530864197,108.59268413247652,47.76035421091284,47.71318349070453,2437.782820365408,5181.30266376097,0.49975296442687744,0.68004259494866,tinba
56.100085973739624,4135,323049,78.12551390568319,73.70755192666884,5758.440373000833,2068,2067,103364,219685,49.9825918762089,106.28205128205128,36.8626886056472,36.84486332102165,1842.4927200358402,3915.947652964993,0.4998790810157195,0.6800361555058211,tinba
42.97572183609009,4060,323043,79.56724137931035,94.47194431043853,7516.871996521428,2029,2031,103360,219683,50.94135041892558,108.16494337764648,47.21270320341866,47.25924110701987,2405.0788581100805,5111.793138411347,0.5002463054187192,0.68004259494866,tinba
53.072447061538696,4059,323055,79.58980044345898,76.48036268788394,6087.056804172049,2031,2028,103366,219689,50.89414081733136,108.32790927021696,38.2684445969678,38.21191809091615,1947.6396081783228,4139.417195993727,0.49963045084996305,0.6800359071984646,tinba
41.98889207839966,4042,323021,79.91613062840179,96.26355447657372,7693.010794304136,2022,2020,103360,219661,51.117705242334324,108.74306930693069,48.15559306076993,48.107961415803786,2461.603411850237,5231.407382453899,0.4997525977238991,0.6800208036010043,tinba
52.70457601547241,4057,323049,79.62755730835593,76.97623824559355,6129.42982228266,2030,2027,103364,219685,50.91822660098522,108.3793783917119,38.51657964963148,38.459658595962075,1961.1959304948316,4168.233891787828,0.49963026867143207,0.6800361555058211,tinba
42.41183519363403,4045,323043,79.86229913473424,95.37432137827297,7616.812583683914,2023,2022,103360,219683,51.09243697478992,108.64638971315529,47.698949851235156,47.67537152703781,2437.055589037897,5179.756994646017,0.499876390605686,0.68004259494866,tinba
54.63383412361145,4083,323055,79.12196914033798,74.73390922485933,5913.09405942614,2043,2040,103366,219689,50.59520313264807,107.6906862745098,37.39441012647259,37.33949909838673,1891.9777763744328,4021.1162830517073,0.4996326230712711,0.6800359071984646,tinba
42.290095806121826,4044,323043,79.8820474777448,95.62522673251071,7638.738901916533,2023,2021,103360,219683,51.09243697478992,108.70014844136566,47.83625956475499,47.78896716775572,2444.0710769219354,5194.667824994597,0.4997527200791296,0.68004259494866,tinba
52.247353076934814,4063,323052,79.51070637460005,77.76470501801664,6183.126626994908,2032,2031,103365,219687,50.868602362204726,108.16691285081241,38.89192237179666,38.87278264621999,1978.3777342326582,4204.74889276225,0.49987693822298795,0.6800360313509899,tinba
42.08633494377136,4043,323043,79.90180558990848,96.06443529477139,7675.721833027166,2022,2021,103360,219683,51.117705242334324,108.70014844136566,48.04409798813449,48.0203373066369,2455.904039591286,5219.81779343588,0.49987632945832305,0.68004259494866,tinba
42.23463702201843,4050,323043,79.7637037037037,95.89285680112722,7648.769417186801,2026,2024,103360,219683,51.016781836130306,108.53903162055336,47.97010564915649,47.92275115197074,2447.280414559138,5201.489002627663,0.4997530864197531,0.68004259494866,tinba
52.55657386779785,4060,323052,79.56945812807882,77.25008883213407,6146.747708718861,2031,2029,103365,219687,50.89364844903988,108.27353376047314,38.64407153154293,38.60601730059114,1966.737791165896,4180.009917552965,0.49975369458128077,0.6800360313509899,tinba
42.25350904464722,4046,323043,79.84256055363322,95.75536071394188,7645.353186137896,2024,2022,103360,219683,51.06719367588933,108.64638971315529,47.901347030404935,47.85401368353695,2446.187366137675,5199.165820000221,0.49975284231339595,0.68004259494866,tinba
63.166622161865234,4072,323052,79.33497053045187,64.4644253663818,5114.2832867044135,2037,2035,103365,219687,50.74374079528719,107.95429975429975,32.24804382890956,32.21638153747224,1636.3863772092473,3477.8969094951667,0.49975442043222,0.6800360313509899,tinba
42.025140047073364,4045,323043,79.86229913473424,96.25191005833886,7686.898833368594,2024,2021,103360,219683,51.06719367588933,108.70014844136566,48.161647950081054,48.09026210825781,2459.480203616787,5227.418629751806,0.49962917181705807,0.68004259494866,tinba
54.30104994773865,4077,323052,79.23767476085357,75.08142114975414,5949.27722964689,2038,2039,103365,219687,50.718842001962706,107.74252084355076,37.53150264979125,37.549918499962885,1903.5543529910071,4045.7228766558833,0.5001226391954868,0.6800360313509899,tinba
42.41435098648071,4042,323021,79.91613062840179,95.29793350576931,7615.842102663807,2022,2020,103360,219661,51.117705242334324,108.74306930693069,47.6725436785417,47.625389827227615,2436.911035912003,5178.931066751804,0.4997525977238991,0.6800208036010043,tinba
63.79739594459534,4069,323052,79.39346276726468,63.78003270750598,5063.7176520583,2035,2034,103365,219687,50.793611793611795,108.00737463126843,31.897853664235605,31.882179043270376,1620.2071960706207,3443.510455987679,0.4998771196854264,0.6800360313509899,tinba
43.0086190700531,4043,323043,79.90180558990848,94.00441324132494,7511.122351401764,2023,2020,103360,219683,51.09243697478992,108.7539603960396,47.03708335077921,46.96732989054573,2403.239216577627,5107.883134824137,0.4996289883749691,0.68004259494866,tinba
56.54639196395874,4087,323052,79.04379740641058,72.27693683099979,5713.043552025481,2044,2043,103365,219687,50.56996086105675,107.53157121879589,36.14731071264095,36.129626118358836,1827.9680879707103,3885.0754640547716,0.49987766087594815,0.6800360313509899,tinba
42.96968197822571,4040,323021,79.95569306930693,94.01977892336309,7517.416586040512,2022,2018,103360,219661,51.117705242334324,108.85084241823587,47.05643390669311,46.963345016669976,2405.416918197725,5111.999667842787,0.4995049504950495,0.6800208036010043,tinba
54.23908495903015,4083,323055,79.12196914033798,75.2778186262567,5956.1292422986435,2040,2043,103366,219689,50.66960784313726,107.53255017131669,37.61125397932003,37.66656464693668,1905.7474896207816,4050.3817526778616,0.5003673769287289,0.6800359071984646,tinba
43.10109210014343,4047,323043,79.82283172720534,93.89553263747887,7495.007301657792,2024,2023,103360,219683,51.06719367588933,108.59268413247652,46.9593669528681,46.936165684610756,2398.0830870792724,5096.924214578519,0.4998764516926118,0.68004259494866,tinba
53.83153510093689,4054,323049,79.68648248643315,75.30901714763553,6001.110676005553,2028,2026,103364,219685,50.968441814595664,108.43287265547877,37.67308504573381,37.63593210190172,1920.1384431297975,4080.972232875755,0.4997533300444006,0.6800361555058211,tinba
43.21523904800415,4041,323021,79.93590695372433,93.50868094264607,7474.7012191968515,2021,2020,103360,219661,51.14299851558634,108.74306930693069,46.76591046401577,46.742770478630305,2391.748889441202,5082.952329755649,0.4998762682504331,0.6800208036010043,tinba
53.942224979400635,4058,323055,79.60941350418926,75.22863585159237,5988.907578865494,2030,2028,103366,219689,50.919211822660095,108.32790927021696,37.632856278642805,37.59577957294956,1916.235380343937,4072.6721985215563,0.49975357318876296,0.6800359071984646,tinba
43.484493017196655,4048,323043,79.80311264822134,93.09065644157681,7428.924142504026,2025,2023,103360,219683,51.04197530864197,108.59268413247652,46.56832492445481,46.52233151712201,2376.939290958839,5051.984851545188,0.49975296442687744,0.68004259494866,tinba
54.11988401412964,4063,323049,79.50996800393797,75.07407072304942,5969.136961115036,2031,2032,103364,219685,50.8931560807484,108.1126968503937,37.527796612974,37.546274110075416,1909.908010390667,4059.228950724369,0.500123061777012,0.6800361555058211,tinba
44.47923994064331,4073,323043,79.31328259268352,91.57080933566625,7262.781478080441,2036,2037,103360,219683,50.76620825147348,107.84634266077565,45.774163468553034,45.79664586711323,2323.7807151815528,4939.000762898888,0.5001227596366314,0.68004259494866,tinba
53.07310199737549,4057,323033,79.62361350751787,76.4417350280491,6086.567165717472,2029,2028,103366,219667,50.944307540660425,108.31706114398422,38.230288482107866,38.21144654594123,1947.615573800671,4138.951591916801,0.49987675622381067,0.680014116204846,tinba
41.76785898208618,4048,323021,79.79767786561264,96.9166267712249,7733.721762912015,2024,2024,103360,219661,51.06719367588933,108.52816205533597,48.45831338561245,48.45831338561245,2474.6300748700114,5259.0916880420045,0.5,0.6800208036010043,tinba
56.73389196395874,4094,323030,78.90327308255985,72.16145161697685,5693.774722968254,2048,2046,103365,219665,50.47119140625,107.36314760508309,36.09835195690488,36.06309966007196,1821.9268310671255,3871.847891901128,0.49975574010747437,0.6800142401634524,tinba
43.4201500415802,4052,323043,79.72433366238894,93.32072772939995,7439.932835115635,2026,2026,103360,219683,51.016781836130306,108.43188548864758,46.660363864699974,46.660363864699974,2380.4616036798566,5059.471231435778,0.5,0.68004259494866,tinba
53.10367202758789,4063,323052,79.51070637460005,76.5107165826354,6083.421120712165,2032,2031,103365,219687,50.868602362204726,108.16691285081241,38.26477383606082,38.24594274657457,1946.475564746273,4136.945555965893,0.49987693822298795,0.6800360313509899,tinba
42.50845503807068,4051,323043,79.74401382374722,95.29868814032207,7599.499904446819,2025,2026,103360,219683,51.04197530864197,108.43188548864758,47.63758170430812,47.66110643601395,2431.5162691147098,5167.983635332109,0.5001234263144902,0.68004259494866,tinba
52.433144092559814,4059,323052,79.58906134515891,77.41286680872464,6161.217405344201,2030,2029,103365,219687,50.91871921182266,108.27353376047314,38.71596935740602,38.69689745131862,1971.3675727232871,4189.849832620914,0.4998768169499877,0.6800360313509899,tinba
42.52631211280823,4047,323043,79.82283172720534,95.1646121879708,7596.308825065147,2024,2023,103360,219683,51.06719367588933,108.59268413247652,47.59406352074448,47.57054866722632,2430.4952596364374,5165.81356542871,0.4998764516926118,0.68004259494866,tinba
52.97568202018738,4056,323052,79.64792899408285,76.56343147133784,6098.118753372443,2030,2026,103365,219687,50.91871921182266,108.43385982230997,38.31946890700587,38.243962564331966,1951.1782776220007,4146.940475750443,0.4995069033530572,0.6800360313509899,tinba
45.26665496826172,4115,323043,78.5037667071689,90.90576723385443,7136.445143262707,2055,2060,103360,219683,50.29683698296837,106.64223300970873,45.39765532577663,45.508111908077794,2283.3584693295734,4853.086673933133,0.5006075334143378,0.68004259494866,tinba
52.86172008514404,4057,323052,79.62829677101307,76.74740801974312,6111.265382202133,2030,2027,103365,219687,50.91871921182266,108.38036507153429,38.402079931002845,38.34532808874028,1955.384725156704,4155.88065704543,0.49963026867143207,0.6800360313509899,tinba
42.11854290962219,4045,323021,79.85686032138443,96.03846003599283,7669.329888575139,2023,2022,103360,219661,51.09243697478992,108.63550939663699,48.03110127387231,48.00735876212052,2454.0260146650726,5215.303873910067,0.499876390605686,0.6800208036010043,tinba
52.29343008995056,4059,323052,79.58906134515891,77.6196932008106,6177.678523751729,2030,2029,103365,219687,50.91871921182266,108.27353376047314,38.8194080309548,38.800285169855805,1976.6345374973607,4201.043986254367,0.4998768169499877,0.6800360313509899,tinba
42.422425985336304,4044,323043,79.8820474777448,95.32693866677604,7614.911040487471,2023,2021,103360,219683,51.09243697478992,108.70014844136566,47.68704177123836,47.63989689553768,2436.4471762111702,5178.463864276301,0.4997527200791296,0.68004259494866,tinba
52.76879096031189,4058,323055,79.60941350418926,76.90151557673694,6122.084552647302,2030,2028,103366,219689,50.919211822660095,108.32790927021696,38.46970838363134,38.4318071931056,1958.8472299420873,4163.237322705215,0.49975357318876296,0.6800359071984646,tinba
42.17152690887451,4051,323043,79.74401382374722,96.0600741052967,7660.2158773629635,2026,2025,103360,219683,51.016781836130306,108.48543209876543,48.041893393564834,48.01818071173188,2450.942794254127,5209.2730831088365,0.49987657368550975,0.68004259494866,tinba
52.65099906921387,4061,323049,79.54912583107608,77.13054019471686,6135.6670473684035,2031,2030,103364,219685,50.8931560807484,108.2192118226601,38.57476659331937,38.55577360139749,1963.1916170122415,4172.475430356161,0.49987687761635063,0.6800361555058211,tinba
42.51094698905945,4044,323043,79.8820474777448,95.12843835355532,7599.054429042427,2023,2021,103360,219683,51.09243697478992,108.70014844136566,47.587742529486256,47.54069582406907,2431.373735960306,5167.68069308212,0.4997527200791296,0.68004259494866,tinba
52.44194483757019,4059,323033,79.58438038925844,77.3998754731932,6159.821131739843,2031,2028,103366,219667,50.89414081733136,108.31706114398422,38.72854079479069,38.671334678402516,1971.0558088598395,4188.765322880003,0.49963045084996305,0.680014116204846,tinba
42.139549016952515,4049,323043,79.78340330945913,96.08550861261256,7666.028885834577,2025,2024,103360,219683,51.04197530864197,108.53903162055336,48.0546196444901,48.030888968122454,2452.8027093602454,5213.226176474331,0.4998765127191899,0.68004259494866,tinba
42.40306305885315,4053,323043,79.70466321243524,95.58271755921632,7618.388311986657,2026,2027,103360,219683,51.016781836130306,108.37839171188949,47.77956717862627,47.803150380590054,2437.5597549767085,5180.828557009948,0.5001233654083395,0.68004259494866,tinba
52.79820704460144,4056,323027,79.64176528599606,76.82079045929878,6118.143362844158,2029,2027,103364,219663,50.943321833415474,108.36852491366551,38.42933526674488,38.391455192553906,1957.7179943380077,4160.425368506151,0.4997534516765286,0.6800143641243611,tinba
42.254497051239014,4043,323043,79.90180558990848,95.68212337487634,7645.174420329008,2022,2021,103360,219683,51.117705242334324,108.70014844136566,47.852894747464745,47.829228627411595,2446.130168693351,5199.044251635657,0.49987632945832305,0.68004259494866,tinba
52.91558504104614,4057,323055,79.6290362336702,76.66928366856422,6105.101167253639,2030,2027,103366,219689,50.919211822660095,108.38135175135669,38.36298887039324,38.30629479817098,1953.4131564419051,4151.688010811734,0.49963026867143207,0.6800359071984646,tinba
43.45811200141907,4078,323021,79.2106424717999,93.83748654029974,7432.9275967960175,2038,2040,103360,219661,50.71638861629048,107.67696078431372,46.895732606456804,46.941753933842925,2378.3821993147085,5054.545397481309,0.5002452182442374,0.6800208036010043,tinba
53.25329113006592,4062,323049,79.52954209748893,76.276975822564,6066.272959749748,2031,2031,103364,219685,50.8931560807484,108.16592811422944,38.138487911282,38.138487911282,1940.9880179526108,4125.284941797137,0.5,0.6800361555058211,tinba
42.7730770111084,4046,323043,79.84256055363322,94.59221273581117,7552.484473261159,2025,2021,103360,219683,51.04197530864197,108.70014844136566,47.34286475284667,47.2493479829645,2416.473333755176,5136.011139505983,0.4995056846267919,0.68004259494866,tinba
52.69246292114258,4055,323033,79.66288532675709,76.95597767120034,6130.535224429312,2029,2026,103366,219667,50.944307540660425,108.42398815399802,38.506455905022314,38.44952176617802,1961.6847319263363,4168.850492502976,0.4996300863131936,0.680014116204846,tinba
42.43164896965027,4051,323043,79.74401382374722,95.47118950992277,7613.255856048872,2026,2025,103360,219683,51.016781836130306,108.48543209876543,47.74737841202259,47.723811097900175,2435.9175876933145,5177.338268355557,0.49987657368550975,0.68004259494866,tinba
52.84835505485535,4060,323052,79.56945812807882,76.82358317086342,6112.810884362997,2031,2029,103365,219687,50.89364844903988,108.27353376047314,38.43071365025212,38.3928695206113,1955.8792301616497,4156.931654201348,0.49975369458128077,0.6800360313509899,tinba
43.860158920288086,4074,323043,79.29381443298969,92.88612034908789,7365.294790360923,2037,2037,103360,219683,50.74128620520373,107.84634266077565,46.443060174543945,46.443060174543945,2356.5806085620334,5008.7141817988895,0.5,0.68004259494866,tinba
55.12152099609375,4063,323052,79.51070637460005,73.70986733635179,5860.72361869139,2032,2031,103365,219687,50.868602362204726,108.16691285081241,36.86400453543363,36.84586280091816,1875.2203881914847,3985.5032304999054,0.49987693822298795,0.6800360313509899,tinba
43.22546601295471,4047,323043,79.82283172720534,93.62536424216017,7473.441695300259,2025,2022,103360,219683,51.04197530864197,108.64638971315529,46.84738388692225,46.77798035523792,2391.1830116307574,5082.258683669502,0.49962935507783546,0.68004259494866,tinba
54.09257197380066,4058,323052,79.60867422375554,75.01954246075529,5972.206316173464,2030,2028,103365,219687,50.91871921182266,108.32692307692308,37.52825805700671,37.49128440374858,1910.8908345135462,4061.315481659918,0.49975357318876296,0.6800360313509899,tinba
47.298635959625244,4111,323021,78.57479931890052,86.91582572294908,6829.393563817254,2055,2056,103360,219661,50.29683698296837,106.83900778210116,43.44734173209933,43.46848399084975,2185.263864442719,4644.129699374536,0.5001216249087813,0.6800208036010043,tinba
53.52999687194824,4056,323052,79.64792899408285,75.77060035520941,6034.971396930747,2029,2027,103365,219687,50.94381468703795,108.38036507153429,37.903981292090705,37.866619063118705,1930.973398845222,4103.997998085525,0.4997534516765286,0.6800360313509899,tinba
44.95110607147217,4082,323043,79.13841254287114,90.80977881855962,7186.541739070053,2040,2042,103360,219683,50.666666666666664,107.58227228207639,45.38264301564469,45.42713580291493,2299.3872461259975,4887.154492944055,0.5002449779519843,0.68004259494866,tinba
53.73001003265381,4056,323052,79.64792899408285,75.4885397850291,6012.505856664996,2029,2027,103365,219687,50.94381468703795,108.38036507153429,37.762881465439854,37.72565831958925,1923.785235423948,4088.7206212410474,0.4997534516765286,0.6800360313509899,tinba
43.07177686691284,4040,323021,79.95569306930693,93.79691979003248,7499.597729578238,2021,2019,103360,219661,51.14299851558634,108.79692917285784,46.921676954370206,46.87524283566227,2399.7152548261774,5099.88247475206,0.49975247524752475,0.6800208036010043,tinba
53.61751198768616,4059,323052,79.58906134515891,75.70287858437358,6025.121047656825,2031,2028,103365,219687,50.89364844903988,108.32692307692308,37.879415226622996,37.82346335775058,1927.8216419989592,4097.299405657866,0.49963045084996305,0.6800360313509899,tinba
45.22676110267639,4093,323021,78.9203518201808,90.49951622022714,7142.253659656484,2045,2048,103360,219661,50.54278728606357,107.25634765625,45.2165919057817,45.28292431444544,2285.372586494668,4856.881073161816,0.5003664793549963,0.6800208036010043,tinba
52.624277114868164,4061,323055,79.55060329967988,77.16970612509617,6138.896678710402,2031,2030,103366,219689,50.89414081733136,108.22118226600985,38.59435438071173,38.57535174438444,1964.2265066059322,4174.67017210447,0.49987687761635063,0.6800359071984646,tinba
42.42177486419678,4043,323043,79.90180558990848,95.30482901629418,7615.027919839406,2022,2021,103360,219683,51.117705242334324,108.70014844136566,47.66420090797597,47.64062810831821,2436.4845726253193,5178.543347214087,0.49987632945832305,0.68004259494866,tinba
52.499711990356445,4056,323049,79.64718934911242,77.25756668427128,6153.348042353835,2029,2027,103364,219685,50.943321833415474,108.3793783917119,38.64783106567713,38.60973561859416,1968.8488961422627,4184.499146211572,0.4997534516765286,0.6800361555058211,tinba
43.00901818275452,4046,323043,79.84256055363322,94.07329371732413,7511.052650105175,2024,2022,103360,219683,51.06719367588933,108.64638971315529,47.05989779630846,47.01339592101567,2403.2169151316416,5107.835734973534,0.49975284231339595,0.68004259494866,tinba
53.4474937915802,4054,323055,79.68796250616676,75.85014211907992,6044.3432812726605,2028,2026,103366,219689,50.96942800788955,108.43484698914116,37.943781010728685,37.90636110835124,1933.972814573462,4110.370466699198,0.4997533300444006,0.6800359071984646,tinba
45.545674085617065,4124,323043,78.33244422890398,90.54646973162977,7092.726290377031,2060,2064,103360,219683,50.1747572815534,106.43556201550388,45.229322901832525,45.317146829797245,2269.3702986084513,4823.35599176858,0.5004849660523764,0.68004259494866,tinba
53.15700888633728,4063,323049,79.50996800393797,76.43394700194081,6077.260680539004,2031,2032,103364,219685,50.8931560807484,108.1126968503937,38.207567403628296,38.226379598312505,1944.5036913385698,4132.756989200435,0.500123061777012,0.6800361555058211,tinba
42.733388900756836,4045,323043,79.86229913473424,94.65666318657823,7559.498750502296,2024,2021,103360,219683,51.06719367588933,108.70014844136566,47.36343295170193,47.29323023487629,2418.717603699561,5140.781146802735,0.49962917181705807,0.68004259494866,tinba
54.47577500343323,4100,323055,78.7939024390244,75.26281176801258,5930.25064773544,2049,2051,103366,219689,50.44704734016594,107.1131155533886,37.61304910064824,37.64976266736434,1897.4672685883875,4032.7833791470525,0.5002439024390244,0.6800359071984646,tinba
42.159773111343384,4043,323043,79.90180558990848,95.89710052097512,7662.351482462865,2022,2021,103360,219683,51.117705242334324,108.70014844136566,47.96040990685423,47.93669061412088,2451.6260969201057,5210.725385542759,0.49987632945832305,0.68004259494866,tinba
53.034584045410156,4059,323049,79.58832224685884,76.53496436447084,6091.289406991363,2030,2029,103364,219685,50.91822660098522,108.27254805322819,38.27690999257842,38.25805437189242,1948.9923765876235,4142.297030403739,0.4998768169499877,0.6800361555058211,tinba
41.5368390083313,4045,323046,79.86304079110012,97.38343351521452,7777.337123202964,2023,2022,103361,219685,51.09293129016312,108.64737883283877,48.70375426484029,48.67967925037423,2488.4175702264743,5288.91955297649,0.499876390605686,0.6800424707317224,tinba
52.644707918167114,4056,323030,79.64250493096647,77.04478114504495,6136.039362249475,2029,2027,103365,219665,50.94381468703795,108.36951159348791,38.541385834146006,38.50339531089894,1963.4452177163637,4172.594144533111,0.4997534516765286,0.6800142401634524,tinba
42.07118797302246,4052,323043,79.72433366238894,96.3129446831472,7678.485337926437,2027,2025,103360,219683,50.99161322150962,108.48543209876543,48.18024157767507,48.13270310547213,2456.7882434477033,5221.697094478733,0.4997532082922014,0.68004259494866,tinba
54.47740983963013,4108,323052,78.63972736124634,75.40740303353401,5930.017615576735,2052,2056,103365,219687,50.37280701754386,106.85165369649805,37.66698905180423,37.74041398172977,1897.3919704384718,4032.625645138263,0.5004868549172347,0.6800360313509899,tinba
42.051969051361084,4052,323043,79.72433366238894,96.35696238268895,7681.994619691754,2027,2025,103360,219683,50.99161322150962,108.48543209876543,48.20226129064919,48.154701092039765,2457.9110641349284,5224.083555556826,0.4997532082922014,0.68004259494866,tinba
52.78010892868042,4056,323052,79.64792899408285,76.8471320413663,6120.71491622965,2029,2027,103365,219687,50.94381468703795,108.38036507153429,38.44251255225153,38.40461948911476,1958.408235566032,4162.306680663618,0.4997534516765286,0.6800360313509899,tinba
42.39837312698364,4044,323043,79.8820474777448,95.38101822652891,7619.231026447224,2023,2021,103360,219683,51.09243697478992,108.70014844136566,47.71409492390405,47.66692330262485,2437.829387708711,5181.401638738514,0.4997527200791296,0.68004259494866,tinba
42.287248849868774,4042,323046,79.9223156853043,95.58436904586057,7639.324117463898,2022,2020,103362,219684,51.118694362017806,108.75445544554455,47.8158323133919,47.76853673246867,2444.2829176937753,5195.041199770122,0.4997525977238991,0.6800393751973404,tinba
42.453341007232666,4058,323049,79.60793494332184,95.58729427935128,7609.5071043987555,2030,2028,103363,219686,50.91773399014778,108.32642998027613,47.81720241179968,47.7700918675516,2434.743592557069,5174.7635118416865,0.49975357318876296,0.6800392510114565,tinba
42.20114302635193,4049,323043,79.78340330945913,95.94526853151008,7654.840054883826,2025,2024,103360,219683,51.04197530864197,108.53903162055336,47.98448228607259,47.9607862454375,2449.2227600436854,5205.617294840141,0.4998765127191899,0.68004259494866,tinba
52.79395508766174,4064,323052,79.49114173228347,76.97851000653256,6119.10964926928,2034,2030,103365,219687,50.81858407079646,108.22019704433498,38.52713812826949,38.45137187826307,1957.894607978651,4161.215041290629,0.49950787401574803,0.6800360313509899,tinba
41.76997494697571,4054,323043,79.68500246669956,97.05536106129563,7733.856685575758,2027,2027,103360,219683,50.99161322150962,108.37839171188949,48.527680530647814,48.527680530647814,2474.504716155776,5259.351969419982,0.5,0.68004259494866,tinba
52.95295310020447,4056,323055,79.64866863905326,76.59629468303135,6100.792894188041,2030,2026,103366,219689,50.919211822660095,108.43484698914116,38.33591671759212,38.26037796543923,1952.0346637589296,4148.758230429111,0.4995069033530572,0.6800359071984646,tinba
44.1826229095459,4084,323043,79.09965719882469,92.43453038904192,7311.539667107559,2042,2042,103360,219683,50.617042115572964,107.58227228207639,46.21726519452096,46.21726519452096,2339.381258817672,4972.158408289886,0.5,0.68004259494866,tinba
54.855229139328,4086,323049,79.06240822320117,74.48697351389926,5889.119507266677,2044,2042,103364,219685,50.56947162426614,107.58325171400588,37.26171655957173,37.225256954327534,1884.3053182307106,4004.8141890359666,0.4997552618697993,0.6800361555058211,tinba
42.25311589241028,4043,323043,79.90180558990848,95.68525100716239,7645.424323795884,2022,2021,103360,219683,51.117705242334324,108.70014844136566,47.85445895040375,47.830792056758646,2446.2101271581264,5199.2141966377585,0.49987632945832305,0.68004259494866,tinba
52.754189014434814,4056,323055,79.64866863905326,76.88488963199076,6123.779097648613,2029,2027,103366,219689,50.944307540660425,108.38135175135669,38.46140065663443,38.42348897535633,1959.389423496143,4164.3896741524695,0.4997534516765286,0.6800359071984646,tinba
42.069517850875854,4044,323043,79.8820474777448,96.12660678296334,7678.790166911183,2023,2021,103360,219683,51.09243697478992,108.70014844136566,48.0870735712005,48.03953321176284,2456.885775738647,5221.904391172536,0.4997527200791296,0.68004259494866,tinba
52.47338080406189,4055,323049,79.66683107274969,77.27727731402639,6156.435797538573,2028,2027,103364,219685,50.968441814595664,108.3793783917119,38.648167297865726,38.629110016160666,1969.8368661620282,4186.598931376545,0.4998766954377312,0.6800361555058211,tinba
42.05960392951965,4048,323043,79.80311264822134,96.24436803502326,7680.600144055835,2025,2023,103360,219683,51.04197530864197,108.59268413247652,48.14595980012898,48.09840823489428,2457.4648913290525,5223.135252726783,0.49975296442687744,0.68004259494866,tinba
55.21532893180847,4107,323055,78.65960555149745,74.3815183111956,5850.82089068013,2053,2054,103366,219689,50.34875791524598,106.95666991236611,37.18170369926578,37.19981461192982,1872.0525984307387,3978.7682922493914,0.5001217433649866,0.6800359071984646,tinba
41.995715856552124,4046,323043,79.84256055363322,96.34316066477403,7692.284639305635,2024,2022,103360,219683,51.06719367588933,108.64638971315529,48.19539228509705,48.14776837967699,2461.2034321085134,5231.081207197122,0.49975284231339595,0.68004259494866,tinba
56.752448081970215,4127,323084,78.28543736370244,72.71932999329265,5692.86455332032,2065,2062,103364,219720,50.055205811138016,106.55674102812803,36.38609557454551,36.33323441874713,1821.3135026476134,3871.5510506727064,0.4996365398594621,0.6800708174963787,tinba
41.81541681289673,4045,323043,79.86229913473424,96.73465693524881,7725.452108858734,2024,2021,103360,219683,51.06719367588933,108.70014844136566,48.40320040468321,48.331456530565596,2471.815609598842,5253.636499259892,0.49962917181705807,0.68004259494866,tinba
52.67362308502197,4058,323055,79.60941350418926,77.04045710791279,6133.145606455585,2030,2028,103366,219689,50.919211822660095,108.32790927021696,38.53921338813774,38.50124371977505,1962.3863699892836,4170.759236466301,0.49975357318876296,0.6800359071984646,tinba
42.466262102127075,4052,323043,79.72433366238894,95.41692156129373,7607.050491590576,2029,2023,103360,219683,50.94135041892558,108.59268413247652,47.77910509572186,47.63781646557187,2433.9321353838404,5173.118356206735,0.49925962487660414,0.68004259494866,tinba
52.47989010810852,4057,323052,79.62829677101307,77.30580212044241,6155.7293533677985,2029,2028,103365,219687,50.94381468703795,108.32692307692308,38.66242851919587,38.64337360124654,1969.6115938327653,4186.117759535034,0.49987675622381067,0.6800360313509899,tinba
42.14293098449707,4044,323043,79.8820474777448,95.95915389671515,7665.413687501621,2023,2021,103360,219683,51.09243697478992,108.70014844136566,48.00330572033995,47.955848176375206,2452.6058720980413,5212.807815403579,0.4997527200791296,0.68004259494866,tinba
54.59608721733093,4098,323094,78.84187408491947,75.06032407939912,5917.896619841235,2048,2050,103429,219665,50.50244140625,107.15365853658537,37.51184570878707,37.54847837061206,1894.4397899483095,4023.4568298929257,0.5002440214738897,0.6798795397005206,tinba
42.10102295875549,4048,323043,79.80311264822134,96.1496827277961,7673.043961817054,2026,2022,103360,219683,51.016781836130306,108.64638971315529,48.12234614785447,48.027336579941625,2455.0472348678372,5217.996726949217,0.49950592885375494,0.68004259494866,tinba
52.18904399871826,4060,323052,79.56945812807882,77.79410560001274,6190.034828151556,2031,2029,103365,219687,50.89364844903988,108.27353376047314,38.916213909760074,38.877891690252675,1980.588109690965,4209.446718460591,0.49975369458128077,0.6800360313509899,tinba
41.781371116638184,4050,323043,79.7637037037037,96.93315206659669,7731.747220506073,2026,2024,103360,219683,51.016781836130306,108.53903162055336,48.49051014491973,48.442641921676966,2473.829777186033,5257.91744332004,0.4997530864197531,0.68004259494866,tinba
52.1359748840332,4058,323052,79.60867422375554,77.8349308519936,6196.335653424899,2030,2028,103365,219687,50.91871921182266,108.32692307692308,38.93664603980952,38.898284812184095,1982.6041467511877,4213.731506673711,0.49975357318876296,0.6800360313509899,tinba
42.030521869659424,4048,323043,79.80311264822134,96.31096212778957,7685.914559942571,2025,2023,103360,219683,51.04197530864197,108.59268413247652,48.179273297622004,48.13168883016756,2459.165278045536,5226.749281897035,0.49975296442687744,0.68004259494866,tinba
52.243139028549194,4057,323052,79.62829677101307,77.65613007639108,6183.625371811263,2029,2028,103365,219687,50.94381468703795,108.32692307692308,38.8376356729104,38.81849440348068,1978.5373146034422,4205.08805720782,0.49987675622381067,0.6800360313509899,tinba
42.66673398017883,4062,323043,79.52806499261447,95.20297480203276,7571.3083675462985,2030,2032,103360,219683,50.916256157635466,108.1117125984252,47.57804993799273,47.62492486404002,2422.49617812361,5148.812189422689,0.5002461841457411,0.68004259494866,tinba
52.33762001991272,4060,323030,79.56403940886699,77.57326371461494,6172.042211264055,2031,2029,103365,219665,50.89364844903988,108.26269098077871,38.80573857250812,38.76752514210683,1974.9656167145747,4197.07659454948,0.49975369458128077,0.6800142401634524,tinba
41.468749046325684,4049,323043,79.78340330945913,97.63979124320268,7790.0348438078345,2025,2024,103360,219683,51.04197530864197,108.53903162055336,48.83195289392083,48.80783834928185,2492.479333884275,5297.55550992356,0.4998765127191899,0.68004259494866,tinba
52.382899045944214,4058,323033,79.60399211434203,77.46803009968563,6166.764457168987,2030,2028,103366,219667,50.919211822660095,108.31706114398422,38.753105249473094,38.71492485021253,1973.2775749837617,4193.486882185225,0.49975357318876296,0.680014116204846,tinba
41.48971390724182,4046,323021,79.83712308452793,97.5181465229094,7785.568266924547,2024,2022,103360,219661,51.06719367588933,108.63550939663699,48.78317562095122,48.734970901958185,2491.2198775600386,5294.348389364509,0.49975284231339595,0.6800208036010043,tinba
52.27806806564331,4062,323049,79.52954209748893,77.69988735810823,6179.436462616815,2032,2030,103364,219685,50.868110236220474,108.2192118226601,38.86907215944754,38.83081519866069,1977.1962473863857,4202.240215230429,0.499753815854259,0.6800361555058211,tinba
42.236605167388916,4046,323043,79.84256055363322,95.79368379549443,7648.412999097357,2025,2021,103360,219683,51.04197530864197,108.70014844136566,47.94419418830356,47.84948960719087,2447.1663759521266,5201.246623145231,0.4995056846267919,0.68004259494866,tinba
52.12306809425354,4057,323033,79.62361350751787,77.83501908720672,6197.5054771500245,2029,2028,103366,219667,50.944307540660425,108.31706114398422,38.92710222527543,38.907916861931284,1983.1142674311584,4214.391209718866,0.49987675622381067,0.680014116204846,tinba
42.83919095993042,4059,323226,79.63192904656319,94.7496885222828,7545.100473590386,2030,2029,103360,219866,50.916256157635466,108.36175455889601,47.38651581676129,47.36317270552151,2412.7439777440622,5132.356495846324,0.4998768169499877,0.6802237443769994,tinba
52.716695070266724,4057,323049,79.62755730835593,76.95854215808437,6128.020726060388,2030,2027,103364,219685,50.91822660098522,108.3793783917119,38.507725063078944,38.450817095005426,1960.7450706502914,4167.275655410097,0.49963026867143207,0.6800361555058211,tinba
42.23969602584839,4047,323043,79.82283172720534,95.81034857645417,7647.853332143189,2024,2023,103360,219683,51.06719367588933,108.59268413247652,47.91701149462398,47.89333708183019,2446.987306365778,5200.866025777411,0.4998764516926118,0.68004259494866,tinba
52.16227698326111,4057,323055,79.6290362336702,77.77651273355825,6193.268750589022,2029,2028,103366,219689,50.944307540660425,108.32790927021696,38.897841837907244,38.878670895651005,1981.6236172583144,4211.645133330707,0.49987675622381067,0.6800359071984646,tinba
41.99244284629822,4050,323043,79.7637037037037,96.44592515905566,7692.884197816498,2026,2024,103360,219683,51.016781836130306,108.53903162055336,48.24677638820908,48.19914877084658,2461.3952652938256,5231.488932522672,0.4997530864197531,0.68004259494866,tinba
42.24874520301819,4044,323043,79.8820474777448,95.71881911681255,7646.215253202888,2023,2021,103360,219683,51.09243697478992,108.70014844136566,47.88307890042329,47.83574021638926,2446.46319087877,5199.752062324118,0.4997527200791296,0.68004259494866,tinba
52.9678909778595,4058,323049,79.60793494332184,76.61245190404576,6098.959087025648,2030,2028,103364,219685,50.91822660098522,108.3259368836292,38.32510531424665,38.287346589799114,1951.4463968974337,4147.512690128214,0.49975357318876296,0.6800361555058211,tinba
41.572657108306885,4045,323046,79.86304079110012,97.2995300603902,7770.636338167815,2023,2022,103361,219685,51.09293129016312,108.64737883283877,48.661792166172894,48.6377378942173,2486.27360360247,5284.362734565345,0.499876390605686,0.6800424707317224,tinba
52.67591118812561,4056,323052,79.64792899408285,76.99914265392562,6132.822246705123,2029,2027,103365,219687,50.94381468703795,108.38036507153429,38.51855533649287,38.48058731743274,1962.2821450747092,4170.540101630413,0.4997534516765286,0.6800360313509899,tinba
42.60758090019226,4046,323043,79.84256055363322,94.959627242807,7581.819788284256,2024,2022,103360,219683,51.06719367588933,108.64638971315529,47.50328362319361,47.456343619613385,2425.85938502633,5155.960403257926,0.49975284231339595,0.68004259494866,tinba
53.4328088760376,4059,323052,79.58906134515891,75.96456344671586,6045.948300218884,2031,2028,103365,219687,50.89364844903988,108.32692307692308,38.010354363212585,37.954209083503265,1934.4856123847705,4111.462687834113,0.49963045084996305,0.6800360313509899,tinba
42.128021001815796,4045,323043,79.86229913473424,96.01685300683013,7668.126636807275,2024,2021,103360,219683,51.06719367588933,108.70014844136566,48.04403225854739,47.97282074828274,2453.4739003179143,5214.652736489361,0.49962917181705807,0.68004259494866,tinba
53.07004380226135,4061,323052,79.54986456537799,76.52151211955393,6087.275925448445,2031,2030,103365,219687,50.89364844903988,108.22019704433498,38.270177570749574,38.25133454880435,1947.70896336806,4139.566962080386,0.49987687761635063,0.6800360313509899,tinba
42.268251180648804,4043,323043,79.90180558990848,95.65098832030603,7642.686673251699,2022,2021,103360,219683,51.117705242334324,108.70014844136566,47.83732336969052,47.813664950615504,2445.3341955940714,5197.352477657628,0.49987632945832305,0.68004259494866,tinba
52.77931809425354,4060,323052,79.56945812807882,76.92407076479529,6120.806627760751,2030,2030,103365,219687,50.91871921182266,108.22019704433498,38.462035382397644,38.462035382397644,1958.437579951494,4162.369047809257,0.5,0.6800360313509899,tinba
45.1976261138916,4096,323043,78.867919921875,90.62422857516148,7147.344402247531,2046,2050,103360,219683,50.51808406647116,107.16243902439024,45.26786417597177,45.35636439918971,2286.8457679513403,4860.498634296191,0.50048828125,0.68004259494866,tinba
53.079489946365356,4060,323030,79.56403940886699,76.48905451243904,6085.778147574676,2031,2029,103365,219665,50.89364844903988,108.26269098077871,38.26336692481865,38.2256875876204,1947.3623447483403,4138.4158028263355,0.49975369458128077,0.6800142401634524,tinba
43.53390097618103,4069,323204,79.43081838289505,93.46738768543386,7424.19109596534,2034,2035,103360,219844,50.816125860373646,108.03144963144963,46.72220854071577,46.74517914471809,2374.2416296796373,5049.949466285702,0.5001228803145736,0.6802019776982958,tinba
52.79318690299988,4055,323052,79.66757090012331,76.80915356465404,6119.198687390534,2029,2026,103365,219687,50.94381468703795,108.43385982230997,38.4329895395026,38.37616402515144,1957.9230969692885,4161.275590421245,0.4996300863131936,0.6800360313509899,tinba
42.000569105148315,4047,323021,79.81739560168026,96.35583722373728,7690.871978218147,2024,2023,103360,219661,51.06719367588933,108.58180919426594,48.1898232124646,48.16601401127267,2460.9190351977973,5229.952943020349,0.4998764516926118,0.6800208036010043,tinba
52.631407022476196,4058,323052,79.60867422375554,77.10225186013048,6138.008050251078,2030,2028,103365,219687,50.91871921182266,108.32692307692308,38.57012599213033,38.53212586800015,1963.9414153579073,4174.066634893171,0.49975357318876296,0.6800360313509899,tinba
44.38936710357666,4092,323043,78.94501466275659,92.1842384112363,7277.486053050099,2046,2046,103360,219683,50.51808406647116,107.37194525904204,46.09211920561815,46.09211920561815,2328.4855528312273,4949.000500218871,0.5,0.68004259494866,tinba
52.736143827438354,4054,323055,79.68796250616676,76.87327335243506,6125.874524635154,2028,2026,103366,219689,50.96942800788955,108.43484698914116,38.45559900314216,38.41767434929291,1960.0598848909233,4165.81463974423,0.4997533300444006,0.6800359071984646,tinba
42.08348798751831,4052,323043,79.72433366238894,96.28479467295574,7676.241097121333,2026,2026,103360,219683,51.016781836130306,108.43188548864758,48.14239733647787,48.14239733647787,2456.070181983392,5220.170915137941,0.5,0.68004259494866,tinba
54.00082802772522,4077,323049,79.23693892568065,75.49884231232117,5982.297157260987,2039,2038,103364,219685,50.693477194703284,107.79440628066732,37.75868027344196,37.74016203887921,1914.118797343823,4068.178359917164,0.4998773608045131,0.6800361555058211,tinba
42.26872396469116,4050,323043,79.7637037037037,95.81552552622915,7642.6011882888015,2026,2024,103360,219683,51.016781836130306,108.53903162055336,47.9314209175655,47.884104608663655,2445.3068440471716,5197.294344241629,0.4997530864197531,0.68004259494866,tinba
52.26389789581299,4058,323055,79.60941350418926,77.64441925264626,6181.226678576549,2030,2028,103366,219689,50.919211822660095,108.32790927021696,38.84134329296991,38.80307595967634,1977.770586611393,4203.456091965156,0.49975357318876296,0.6800359071984646,tinba
41.87155318260193,4042,323021,79.91613062840179,96.53331899040931,7714.569330430729,2022,2020,103360,219661,51.117705242334324,108.74306930693069,48.29054205804246,48.24277693236685,2468.501694915563,5246.067635515165,0.4997525977238991,0.6800208036010043,tinba
52.72596502304077,4058,323049,79.60793494332184,76.96397777123074,6126.9433353914055,2030,2028,103364,219685,50.91822660098522,108.3259368836292,38.50095487323766,38.46302289799309,1960.4003445898213,4166.542990801584,0.49975357318876296,0.6800361555058211,tinba
41.92714810371399,4045,323043,79.86229913473424,96.47686959279937,7704.864619002889,2023,2022,103360,219683,51.09243697478992,108.64638971315529,48.25036024381536,48.22650934898401,2465.228489768045,5239.636129234844,0.499876390605686,0.68004259494866,tinba
52.41714692115784,4056,323055,79.64866863905326,77.3792592355465,6163.154978387444,2029,2027,103366,219689,50.944307540660425,108.38135175135669,38.70870734440923,38.670551891137265,1971.9882914550046,4191.166686932439,0.4997534516765286,0.6800359071984646,tinba
42.01839590072632,4044,323043,79.8820474777448,96.24355983399396,7688.132616086279,2023,2021,103360,219683,51.09243697478992,108.70014844136566,48.14557901685702,48.09798081713694,2459.874961533535,5228.257654552744,0.4997527200791296,0.68004259494866,tinba
52.72430419921875,4059,323030,79.58364129095837,76.98536873361232,6126.775969947965,2031,2028,103365,219665,50.89364844903988,108.31607495069034,38.52113424438695,38.464234489225376,1960.481064092101,4166.294905855863,0.49963045084996305,0.6800142401634524,tinba
41.9629271030426,4047,323043,79.82283172720534,96.44227129490604,7698.29519296277,2025,2022,103360,219683,51.04197530864197,108.64638971315529,48.25688148559049,48.185389809315545,2463.126553259572,5235.168639703198,0.49962935507783546,0.68004259494866,tinba
53.73409390449524,4066,323052,79.45204131824889,75.66890412680524,6012.048897189544,2034,2032,103365,219687,50.81858407079646,108.11368110236221,37.85306222182043,37.815841904984815,1923.6390248566709,4088.409872332873,0.499754058042302,0.6800360313509899,tinba
45.49497699737549,4046,323043,79.84256055363322,88.93289472887096,7100.630032599768,2024,2022,103360,219683,51.06719367588933,108.64638971315529,44.48842781295967,44.44446691591129,2271.899159460233,4828.730873139535,0.49975284231339595,0.68004259494866,tinba
56.843875885009766,4089,323052,79.00513573000734,71.93387038335831,5683.145193221979,2044,2045,103365,219687,50.56996086105675,107.42640586797066,35.95813916937745,35.975731213980865,1818.4016904318494,3864.7435027901292,0.5001222792858889,0.6800360313509899,tinba
41.634377002716064,4051,323043,79.74401382374722,97.29940236011527,7759.044886847375,2026,2025,103360,219683,51.016781836130306,108.48543209876543,48.661710486693046,48.63769187342222,2482.5638676725534,5276.481019174821,0.49987657368550975,0.68004259494866,tinba
53.514076948165894,4062,323052,79.53028064992614,75.90526141251547,6036.766742943364,2032,2030,103365,219687,50.868602362204726,108.22019704433498,37.97131737819582,37.933944034319644,1931.5478448805172,4105.218898062847,0.499753815854259,0.6800360313509899,tinba
42.58033585548401,4044,323043,79.8820474777448,94.97341715962921,7586.671018669164,2023,2021,103360,219683,51.09243697478992,108.70014844136566,47.51019359889463,47.463223560734576,2427.4115721115913,5159.259446557573,0.4997527200791296,0.68004259494866,tinba
55.30791687965393,4103,323030,78.73019741652449,74.1846779174098,5840.574337718959,2051,2052,103365,219665,50.39736713798147,107.04922027290448,37.08329866161528,37.10137925579452,1868.9006173368425,3971.6737203821167,0.5001218620521569,0.6800142401634524,tinba
42.53529191017151,4044,323043,79.8820474777448,95.07399193451765,7594.705137611866,2023,2021,103360,219683,51.09243697478992,108.70014844136566,47.560505856461226,47.513486078056424,2429.982147960372,5164.722989651494,0.4997527200791296,0.68004259494866,tinba
54.80700397491455,4067,323052,79.43250553233341,74.20584423592078,5894.356132801248,2035,2032,103365,219687,50.793611793611795,108.11368110236221,37.13029088273882,37.07555335318196,1885.981580881719,4008.37455191953,0.49963117777231375,0.6800360313509899,tinba
44.20423102378845,4072,323043,79.33276031434184,92.11787889282947,7307.965606870411,2038,2034,103360,219683,50.71638861629048,108.00540806293019,46.104183984181354,46.01369490864812,2338.237711778697,4969.727895091713,0.4995088408644401,0.68004259494866,tinba
42.21769595146179,4048,323043,79.80311264822134,95.88396308159582,7651.838706958488,2025,2023,103360,219683,51.04197530864197,108.59268413247652,47.96566829057103,47.91829479102479,2448.262456549838,5203.57625040865,0.49975296442687744,0.68004259494866,tinba
53.57104802131653,4057,323055,79.6290362336702,75.73120463101027,6030.402837582209,2029,2028,103366,219689,50.944307540660425,108.32790927021696,37.87493571513923,37.85626891587105,1929.512373154796,4100.8904644274135,0.49987675622381067,0.6800359071984646,tinba
42.62805485725403,4042,323043,79.921573478476,94.82018387972896,7578.178293186364,2023,2019,103360,219683,51.09243697478992,108.80782565626548,47.457009398488786,47.363174481240165,2424.694261704301,5153.484031482062,0.49950519544779814,0.68004259494866,tinba
54.24776482582092,4058,323049,79.60793494332184,74.80492538318312,5955.065633344486,2030,2028,103364,219685,50.91822660098522,108.3259368836292,37.42089663081857,37.38402875236456,1905.4056942600641,4049.6599390844217,0.49975357318876296,0.6800361555058211,tinba
42.67419409751892,4050,323043,79.7637037037037,94.90513144184877,7569.984784288679,2026,2024,103360,219683,51.016781836130306,108.53903162055336,47.47599908671249,47.429132355136275,2422.072687859133,5147.912096429546,0.4997530864197531,0.68004259494866,tinba
53.95359206199646,4059,323055,79.58980044345898,75.23132093477528,5987.645820296583,2030,2029,103366,219689,50.919211822660095,108.2745194677181,37.624927690956845,37.606393243818445,1915.8316629081012,4071.814157388482,0.4998768169499877,0.6800359071984646,tinba
43.40419888496399,4044,323043,79.8820474777448,93.17070937579074,7442.667029892078,2023,2021,103360,219683,51.09243697478992,108.70014844136566,46.60839393353725,46.56231544225348,2381.3364295454326,5061.330600346646,0.4997527200791296,0.68004259494866,tinba
54.182586908340454,4065,323049,79.47084870848708,75.02410335033791,5962.229166844603,2032,2033,103364,219685,50.868110236220474,108.0595179537629,37.50282361817629,37.52127973216162,1907.6977659789243,4054.5314008656787,0.5001230012300123,0.6800361555058211,tinba
43.065062046051025,4044,323021,79.87660731948566,93.90442757694404,7500.767087124639,2023,2021,103360,219661,51.09243697478992,108.68926274121722,46.975434467892626,46.92899310905141,2400.089424914178,5100.677662210461,0.4997527200791296,0.6800208036010043,tinba
55.92938303947449,4107,323033,78.65424884343803,73.43188458026283,5775.729722818613,2051,2056,103366,219667,50.39785470502194,106.84192607003891,36.671243066500864,36.76064151376196,1848.151979918054,3927.577742900559,0.500608716824933,0.680014116204846,tinba
41.20905089378357,4045,323043,79.86229913473424,98.15804810516013,7839.127400255932,2024,2021,103360,219683,51.06719367588933,108.70014844136566,49.11542382320003,49.04262428196011,2508.1868608527448,5330.940539403188,0.49962917181705807,0.68004259494866,tinba
53.112343072891235,4086,323114,79.07831620166422,76.93126990071563,6083.595287004364,2044,2042,103429,219685,50.601272015655574,107.58325171400588,38.484462965507284,38.44680693520835,1947.362778894057,4136.232508110307,0.4997552618697993,0.6798993544074228,tinba
41.50615692138672,4046,323043,79.84256055363322,97.47951388665504,7783.013990233985,2024,2022,103360,219683,51.06719367588933,108.64638971315529,48.76384975447103,48.71566413218401,2490.2329597935404,5292.781030440445,0.49975284231339595,0.68004259494866,tinba
51.84883999824524,4057,323055,79.6290362336702,78.24668787454655,6230.70834392695,2030,2027,103366,219689,50.919211822660095,108.38135175135669,39.15227418913717,39.09441368540938,1993.6029427755432,4237.105401151407,0.49963026867143207,0.6800359071984646,tinba
42.32241201400757,4047,323043,79.82283172720534,95.62309441769418,7632.90617493827,2025,2022,103360,219683,51.04197530864197,108.64638971315529,47.84698942323467,47.77610499445951,2442.204852733598,5190.701322204673,0.49962935507783546,0.68004259494866,tinba
55.398762941360474,4117,323052,78.46781637114404,74.3157388614948,5831.393750469666,2058,2059,103365,219687,50.22594752186589,106.69596891694998,37.14884395845428,37.16689490304051,1865.8358871553094,3965.5578633143564,0.5001214476560603,0.6800360313509899,tinba
42.69457793235779,4049,323043,79.78340330945913,94.83639834582611,7566.370617641566,2026,2023,103360,219683,51.016781836130306,108.59268413247652,47.453332439773696,47.383065906052416,2420.9163084773,5145.454309164267,0.4996295381575698,0.68004259494866,tinba
52.4116051197052,4059,323052,79.58906134515891,77.44468025219737,6163.749407448353,2031,2028,103365,219687,50.89364844903988,108.32692307692308,38.75095974186077,38.693720510336604,1972.1777221651591,4191.571685283194,0.49963045084996305,0.6800360313509899,tinba
42.67426681518555,4048,323043,79.80311264822134,94.85810307019798,7569.971884907601,2025,2023,103360,219683,51.04197530864197,108.59268413247652,47.452484860956254,47.40561820924173,2422.0685606066363,5147.903324300964,0.49975296442687744,0.68004259494866,tinba
53.003679037094116,4061,323052,79.54986456537799,76.61732305710228,6094.897672554299,2031,2030,103365,219687,50.89364844903988,108.22019704433498,38.31809483599476,38.29922822110752,1950.147647820088,4144.7500247342105,0.49987687761635063,0.6800360313509899,tinba
43.30913305282593,4045,323043,79.86229913473424,93.39831381676811,7459.0040767145165,2024,2021,103360,219683,51.06719367588933,108.70014844136566,46.73379163538656,46.66452218138154,2386.563588652942,5072.440488061574,0.49962917181705807,0.68004259494866,tinba
52.821898221969604,4062,323030,79.52486459871984,76.89992477988115,6115.456105771788,2032,2030,103365,219665,50.868602362204726,108.20935960591133,38.46889393223005,38.43103084765109,1956.8588687524407,4158.597237019348,0.499753815854259,0.6800142401634524,tinba
42.11396312713623,4047,323043,79.82283172720534,96.096394152758,7670.6863000468,2024,2023,103360,219683,51.06719367588933,108.59268413247652,48.06006962322268,48.03632452953532,2454.292883525838,5216.393416520962,0.4998764516926118,0.68004259494866,tinba
51.92368793487549,4061,323052,79.54986456537799,78.21093149418525,6221.669007894492,2031,2030,103365,219687,50.89364844903988,108.22019704433498,39.11509526340563,39.095836230779625,1990.7099073864708,4230.959100508021,0.49987687761635063,0.6800360313509899,tinba
41.629209995269775,4046,323043,79.84256055363322,97.19137116605712,7760.007937616558,2024,2022,103360,219683,51.06719367588933,108.64638971315529,48.61970717748384,48.571663988573285,2482.872002897594,5277.135934718964,0.49975284231339595,0.68004259494866,tinba
52.20669603347778,4061,323052,79.54986456537799,77.78695662709369,6187.941864638234,2032,2029,103365,219687,50.868602362204726,108.27353376047314,38.92221026009711,38.86474636699657,1979.9184367790047,4208.023427859229,0.49963063284905196,0.6800360313509899,tinba
42.36306595802307,4054,323043,79.68500246669956,95.69656747736455,7625.581215488475,2027,2027,103360,219683,50.99161322150962,108.37839171188949,47.84828373868228,47.84828373868228,2439.861177715935,5185.72003777254,0.5,0.68004259494866,tinba
52.228477001190186,4067,323055,79.43324317678879,77.86939680257805,6185.418732249042,2034,2033,103366,219689,50.81907571288102,108.0614854894245,38.94427172275479,38.92512507982325,1979.1118932616873,4206.306838987354,0.4998770592574379,0.6800359071984646,tinba
42.239211082458496,4042,323043,79.921573478476,95.69307514075707,7647.941136243342,2022,2020,103360,219683,51.117705242334324,108.7539603960396,47.87021225497546,47.82286288578162,2447.015399937816,5200.925736305527,0.4997525977238991,0.68004259494866,tinba
52.021228075027466,4057,323049,79.62755730835593,77.98739380294528,6209.945669373347,2030,2027,103364,219685,50.91822660098522,108.3793783917119,39.022531284194955,38.96486251875033,1986.9580904726733,4222.987578900674,0.49963026867143207,0.6800361555058211,tinba
42.28063416481018,4042,323043,79.921573478476,95.59932294875848,7640.448313541759,2022,2020,103360,219683,51.117705242334324,108.7539603960396,47.823312964470475,47.77600998428801,2444.6180158297075,5195.830297712051,0.4997525977238991,0.68004259494866,tinba
52.62686109542847,4056,323033,79.64324457593689,77.07090857357503,6138.177221214907,2029,2027,103366,219667,50.944307540660425,108.3704982733103,38.55445599008475,38.516452583490285,1964.130063021735,4174.047158193172,0.4997534516765286,0.680014116204846,tinba
42.1295530796051,4045,323043,79.86229913473424,96.01336127057523,7667.847778721986,2023,2022,103360,219683,51.09243697478992,108.64638971315529,48.01854878872032,47.994812481854915,2453.3846776085675,5214.463101113419,0.499876390605686,0.68004259494866,tinba
52.59938406944275,4060,323049,79.56871921182265,77.18721562670596,6141.687886943777,2030,2030,103364,219685,50.91822660098522,108.2192118226601,38.59360781335298,38.59360781335298,1965.118067989861,4176.569818953916,0.5,0.6800361555058211,tinba
43.00410604476929,4055,323043,79.66535141800247,94.2933215674465,7511.910599041336,2028,2027,103360,219683,50.96646942800789,108.37839171188949,47.15828758046399,47.1350339869825,2403.4914222469224,5108.419176794414,0.4998766954377312,0.68004259494866,tinba
52.534640073776245,4056,323055,79.64866863905326,77.20620136169234,6149.371149137454,2029,2027,103366,219689,50.944307540660425,108.38135175135669,38.622135740353485,38.584065621338844,1967.5779610337006,4181.793188103754,0.4997534516765286,0.6800359071984646,tinba
41.835193157196045,4044,323043,79.8820474777448,96.66502518118276,7721.800130960638,2023,2021,103360,219683,51.09243697478992,108.70014844136566,48.356415910369115,48.30860927081363,2470.6471322272623,5251.152998733375,0.4997527200791296,0.68004259494866,tinba
52.633890867233276,4060,323049,79.56871921182265,77.1366116603687,6137.661394155283,2031,2029,103364,219685,50.8931560807484,108.27254805322819,38.58730499561794,38.54930666475076,1963.8297358774262,4173.831658277857,0.49975369458128077,0.6800361555058211,tinba
42.1417019367218,4051,323043,79.74401382374722,96.12805875953492,7665.637246570338,2025,2026,103360,219683,51.04197530864197,108.43188548864758,48.05216464775567,48.075894111779256,2452.6774014775438,5212.959845092794,0.5001234263144902,0.68004259494866,tinba
42.17671990394592,4047,323046,79.82357301704967,95.9534076907051,7659.343845033734,2025,2022,103361,219685,51.04246913580247,108.64737883283877,48.0122684886775,47.94113920202761,2450.664732473183,5208.679112560551,0.49962935507783546,0.6800424707317224,tinba
52.55629801750183,4054,323030,79.68179575727676,77.13633099975902,6146.361372188494,2028,2026,103365,219665,50.968934911242606,108.42300098716683,38.58719271522232,38.549138284536696,1966.7481139097413,4179.613258278753,0.4997533300444006,0.6800142401634524,tinba
43.338245153427124,4062,323043,79.52806499261447,93.72783751671548,7453.993553646559,2031,2031,103360,219683,50.89118660758247,108.16494337764648,46.86391875835774,46.86391875835774,2384.9604346941687,5069.03311895239,0.5,0.68004259494866,tinba
52.63734197616577,4058,323052,79.60867422375554,77.0935584444493,6137.315978954222,2031,2027,103365,219687,50.89364844903988,108.38036507153429,38.58477506177341,38.50878338267588,1963.7199774791773,4173.596001475044,0.49950714637752586,0.6800360313509899,tinba
43.97063398361206,4080,323043,79.17720588235294,92.78920111819684,7346.789680594525,2040,2040,103360,219683,50.666666666666664,107.68774509803922,46.39460055909842,46.39460055909842,2350.6597616609865,4996.129918933538,0.5,0.68004259494866,tinba
52.23985195159912,4053,323030,79.70145571181841,77.58444652092727,6183.593328313628,2028,2025,103365,219665,50.968934911242606,108.47654320987654,38.82093697124118,38.76350954968609,1978.6618096806433,4204.931518632985,0.4996299037749815,0.6800142401634524,tinba
42.35160303115845,4063,323043,79.50849126261383,95.93497551936382,7627.64516286041,2032,2031,103360,219683,50.86614173228347,108.16494337764648,47.979293688246926,47.955681831116884,2440.521552961222,5187.123609899188,0.49987693822298795,0.68004259494866,tinba
53.56233286857605,4059,323052,79.58906134515891,75.78086656455798,6031.328037795907,2031,2028,103365,219687,50.89364844903988,108.32692307692308,37.91843803710699,37.862428527450994,1929.807655197225,4101.520382598682,0.49963045084996305,0.6800360313509899,tinba
43.83212208747864,4084,323043,79.09965719882469,93.17367732845089,7370.0059366343685,2042,2042,103360,219683,50.617042115572964,107.58227228207639,46.586838664225446,46.586838664225446,2358.0879746985024,5011.9179619358665,0.5,0.68004259494866,tinba
52.13735008239746,4056,323052,79.64792899408285,77.79451762680553,6196.172216068732,2029,2027,103365,219687,50.94381468703795,108.38036507153429,38.91643892129892,38.87807870550661,1982.5518526860833,4213.62036338265,0.4997534516765286,0.6800360313509899,tinba
43.09810209274292,4073,323108,79.32924134544562,94.50532163192014,7497.035468167555,2038,2035,103425,219683,50.74828263002944,107.95233415233415,47.2874651327899,47.21785649913024,2399.757645416484,5097.277822751071,0.49963172109010556,0.6799057900144844,tinba
52.87310719490051,4061,327390,80.61807436591972,76.80653200558778,6191.99470901487,2031,2030,103062,224328,50.74446085672083,110.5064039408867,38.41272260609426,38.39380939949353,1949.2328986850255,4242.761810329844,0.49987687761635063,0.685201136259507,tinba
41.34404706954956,4047,323046,79.82357301704967,97.88591797005449,7813.603720423579,2025,2022,103361,219685,51.04246913580247,108.64737883283877,48.979239903474266,48.90667806658023,2500.02134106815,5313.582379355429,0.49962935507783546,0.6800424707317224,tinba
51.98433494567871,4056,323049,79.64718934911242,78.023504662286,6214.352849518449,2029,2027,103364,219685,50.943321833415474,108.3793783917119,39.03098889540885,38.99251576687715,1988.3682287752786,4225.984620743171,0.4997534516765286,0.6800361555058211,tinba
46.22281503677368,4118,323043,78.44657600777076,89.09020354393876,6988.821423857359,2057,2061,103360,219683,50.247933884297524,106.59049005337215,44.50183309613453,44.588370447804216,2236.125167144611,4752.696256712748,0.5004856726566295,0.68004259494866,tinba
53.42064309120178,4068,323055,79.41371681415929,76.15033748386281,6047.381336246141,2035,2033,103366,219689,50.794103194103194,108.0614854894245,38.093888097261754,38.05644938660106,1934.944883076933,4112.436453169208,0.4997541789577188,0.6800359071984646,tinba
41.851677894592285,4045,323043,79.86229913473424,96.6508442071963,7718.758631699707,2023,2022,103360,219683,51.09243697478992,108.64638971315529,48.337369055910536,48.313475151285765,2469.6739820162693,5249.084649683437,0.499876390605686,0.68004259494866,tinba
52.2490439414978,4056,323049,79.64718934911242,77.62821468162022,6182.869113580556,2029,2027,103364,219685,50.943321833415474,108.3793783917119,38.83324644699395,38.79496823462628,1978.2945715855506,4204.574541995004,0.4997534516765286,0.6800361555058211,tinba
41.65904903411865,4044,323043,79.8820474777448,97.07374733129349,7754.449693160989,2023,2021,103360,219683,51.09243697478992,108.70014844136566,48.56087805420542,48.512869277088065,2481.093601424949,5273.35609173604,0.4997527200791296,0.68004259494866,tinba
52.48456811904907,4060,323055,79.57019704433498,77.3560714225719,6155.237845669695,2031,2029,103366,219689,50.89414081733136,108.2745194677181,38.69708893084816,38.65898249172374,1969.455093267381,4185.782752402315,0.49975369458128077,0.6800359071984646,tinba
41.74170517921448,4045,323043,79.86229913473424,96.90548056513587,7739.094476688057,2024,2021,103360,219683,51.06719367588933,108.70014844136566,48.48867556584302,48.41680499929286,2476.180586208268,5262.913890479788,0.49962917181705807,0.68004259494866,tinba
55.00534009933472,4112,323049,78.5625,74.75637806391336,5873.047951646194,2056,2056,103364,219685,50.27431906614786,106.85068093385215,37.37818903195668,37.37818903195668,1879.1630015073786,3993.884950138815,0.5,0.6800361555058211,tinba
41.81184101104736,4043,323043,79.90180558990848,96.69509646637597,7726.11279935382,2022,2021,103360,219683,51.117705242334324,108.70014844136566,48.35950656814549,48.33558989823048,2472.027002415192,5254.085796938628,0.49987632945832305,0.68004259494866,tinba
51.97593092918396,4058,323055,79.60941350418926,78.07459967439418,6215.473089652885,2030,2028,103366,219689,50.919211822660095,108.32790927021696,39.056539511833456,39.018060162560715,1988.7282084631415,4226.744881189744,0.49975357318876296,0.6800359071984646,tinba
43.166407108306885,4060,323043,79.56724137931035,94.05461959836586,7483.666620422389,2031,2029,103360,219683,50.89118660758247,108.27156234598324,47.05047596164558,47.00414363672028,2394.4545521396785,5089.212068282711,0.49975369458128077,0.68004259494866,tinba
52.01660704612732,4060,323052,79.56945812807882,78.05199590199473,6210.555019736749,2031,2029,103365,219687,50.89364844903988,108.27353376047314,39.04522258052988,39.006773321464856,1987.1538316280014,4223.401188108748,0.49975369458128077,0.6800360313509899,tinba
41.66443181037903,4046,323043,79.84256055363322,97.10920860301042,7753.447868201259,2024,2022,103360,219683,51.06719367588933,108.64638971315529,48.57860558885148,48.530603014158935,2480.773060110518,5272.674808090741,0.49975284231339595,0.68004259494866,tinba
52.78485608100891,4072,323030,79.32956777996071,77.14333811483169,6119.747669752966,2038,2034,103365,219665,50.718842001962706,107.99655850540806,38.609558712678535,38.53377940215316,1958.2321081138452,4161.515561639121,0.4995088408644401,0.6800142401634524,tinba
41.470677852630615,4047,323021,79.81739560168026,97.58702315841906,7789.142033025866,2024,2023,103360,219661,51.06719367588933,108.58180919426594,48.8055682907438,48.78145486767525,2492.3634083652564,5296.77862466061,0.4998764516926118,0.6800208036010043,tinba
53.60839009284973,4056,323052,79.64792899408285,75.65979864299241,6026.146270023665,2029,2027,103365,219687,50.94381468703795,108.38036507153429,37.84855311800582,37.811245524986596,1928.1496762162008,4097.996593807464,0.4997534516765286,0.6800360313509899,tinba
42.085121154785156,4045,323043,79.86229913473424,96.1147286501295,7675.943210710453,2023,2022,103360,219683,51.09243697478992,108.64638971315529,48.06924500845784,48.04548364167166,2455.974871020367,5219.968339690086,0.499876390605686,0.68004259494866,tinba
52.18028402328491,4055,323030,79.66214549938347,77.71134396643947,6190.652390007138,2029,2026,103365,219665,50.94381468703795,108.42300098716683,38.884418472973046,38.82692549346643,1980.920608900374,4209.731781106764,0.4996300863131936,0.6800142401634524,tinba
42.67764091491699,4057,323043,79.62607838304166,95.06148683541616,7569.37340196533,2027,2030,103360,219683,50.99161322150962,108.21822660098522,47.49559620788479,47.56589062753138,2421.87707155746,5147.49633040787,0.5003697313285679,0.68004259494866,tinba
52.71275591850281,4069,323030,79.38805603342344,77.19194204702418,6128.118220557932,2035,2034,103365,219665,50.793611793611795,107.99655850540806,38.60545639363338,38.58648565339081,1960.9105651734224,4167.207655384509,0.4998771196854264,0.6800142401634524,tinba
42.25154185295105,4045,323043,79.86229913473424,95.73615121734257,7645.7091465275635,2024,2021,103360,219683,51.06719367588933,108.70014844136566,47.903577271669064,47.8325739456735,2446.301258300254,5199.40788822731,0.49962917181705807,0.68004259494866,tinba
53.06235718727112,4062,323030,79.52486459871984,76.55144278012614,6087.743121926181,2031,2031,103365,219665,50.89364844903988,108.1560807483998,38.27572139006307,38.27572139006307,1947.991108559266,4139.752013366915,0.5,0.6800142401634524,tinba
43.22196388244629,4092,323043,78.94501466275659,94.67408771913489,7474.047243170208,2044,2048,103360,219683,50.567514677103716,107.26708984375,47.29077108942124,47.38331662971365,2391.3767611558605,5082.670482014348,0.5004887585532747,0.68004259494866,tinba
52.38385009765625,4060,323033,79.56477832512316,77.50480333979216,6166.652496862828,2031,2029,103366,219667,50.89414081733136,108.26367668802365,38.771491522935435,38.73331181685672,1973.2417492662455,4193.410747596582,0.49975369458128077,0.680014116204846,tinba
42.44008278846741,4050,323043,79.7637037037037,95.42865456192135,7611.742927320187,2026,2024,103360,219683,51.016781836130306,108.53903162055336,47.73788991171671,47.69076465020464,2435.433514943257,5176.309412376931,0.4997530864197531,0.68004259494866,tinba
54.278610944747925,4060,323049,79.56871921182265,74.79926124367505,5951.681415149749,2031,2029,103364,219685,50.8931560807484,108.27254805322819,37.41805408519804,37.38120715847702,1904.322866795869,4047.3585483538805,0.49975369458128077,0.6800361555058211,tinba
42.127233028411865,4055,323043,79.66535141800247,96.25602510530864,7668.270066114481,2027,2028,103360,219683,50.99161322150962,108.3249506903353,48.11614374561298,48.139881359695664,2453.519791586856,5214.750274527625,0.5001233045622688,0.68004259494866,tinba
42.13427400588989,4046,323021,79.83712308452793,96.02633712009408,7666.466496013325,2024,2022,103360,219661,51.06719367588933,108.63550939663699,48.03690220738271,47.98943491271138,2453.1097886141683,5213.356707399156,0.49975284231339595,0.6800208036010043,tinba
54.33601188659668,4102,323216,78.79473427596294,75.49321081129732,5948.467485515425,2051,2051,103366,219850,50.39785470502194,107.19161384690395,37.74660540564866,37.74660540564866,1902.3479348416768,4046.119550673748,0.5,0.6801952873620117,tinba
42.00614309310913,4041,323043,79.94135115070527,96.20021507432571,7690.375174030042,2021,2020,103360,219683,51.14299851558634,108.7539603960396,48.112010558082716,48.088204516242996,2460.592484553899,5229.782689476144,0.4998762682504331,0.68004259494866,tinba
52.978636026382446,4056,323049,79.64718934911242,76.55916241369789,6097.722105173247,2029,2027,103364,219685,50.943321833415474,108.3793783917119,38.29845673998842,38.260705673709474,1951.05060742837,4146.671497744877,0.4997534516765286,0.6800361555058211,tinba
42.95230793952942,4045,323043,79.86229913473424,94.17421773225247,7520.96954731274,2023,2022,103360,219683,51.09243697478992,108.64638971315529,47.09874968414011,47.07546804811236,2406.3898998283353,5114.5796474844055,0.499876390605686,0.68004259494866,tinba
56.94398498535156,4139,323055,78.05146170572603,72.68546451507966,5673.2067501616475,2069,2070,103366,219689,49.95940067665539,106.12995169082126,36.333951698888576,36.35151281619108,1815.2224510910182,3857.9842990706297,0.5001208021261174,0.6800359071984646,tinba
42.03904390335083,4053,323043,79.70466321243524,96.41037530058921,7684.356493517947,2026,2027,103360,219683,51.016781836130306,108.37839171188949,48.193293944977476,48.217081355611725,2458.6667631554155,5225.689730362531,0.5001233654083395,0.68004259494866,tinba
53.38249897956848,4066,323049,79.4513034923758,76.16728474169435,6051.590056202562,2033,2033,103364,219685,50.843089030988686,108.0595179537629,38.08364237084717,38.08364237084717,1936.2900196853157,4115.300036517246,0.5,0.6800361555058211,tinba
41.84818387031555,4042,323021,79.91613062840179,96.58722616316783,7718.877383090706,2022,2020,103360,219661,51.117705242334324,108.74306930693069,48.31750898117895,48.26971718198887,2469.8801821437473,5248.997200946958,0.4997525977238991,0.6800208036010043,tinba
52.66175413131714,4057,323055,79.6290362336702,77.03883144271042,6134.527900351199,2030,2027,103366,219689,50.919211822660095,108.38135175135669,38.54789939085584,38.49093205185458,1962.8286544015787,4171.6992459496205,0.49963026867143207,0.6800359071984646,tinba
42.11769104003906,4054,323043,79.68500246669956,96.25408943111522,7670.007353748336,2028,2026,103360,219683,50.96646942800789,108.43188548864758,48.15078770752384,48.10330172359137,2454.075649630012,5215.931704118324,0.4997533300444006,0.68004259494866,tinba
55.209057092666626,4123,323052,78.35362600048508,74.6797756947683,5851.43121458799,2062,2061,103365,219687,50.12851600387973,106.59243085880641,37.348944332430804,37.330831362337484,1872.2471536962707,3979.18406089172,0.4998787290807664,0.6800360313509899,tinba
43.590735912323,4046,323043,79.84256055363322,92.81788699640204,7410.817762970515,2024,2022,103360,219683,51.06719367588933,108.64638971315529,46.43188415242653,46.38600284397551,2371.146020748422,5039.671742222093,0.49975284231339595,0.68004259494866,tinba
52.62250900268555,4064,323052,79.49114173228347,77.22930884562341,6139.045935333743,2032,2032,103365,219687,50.868602362204726,108.11368110236221,38.614654422811704,38.614654422811704,1964.2735011879583,4174.772434145784,0.5,0.6800360313509899,tinba
48.477659940719604,4131,323043,78.19970951343501,85.21450922036149,6663.749867362198,2066,2065,103360,219683,50.02904162633107,106.38401937046005,42.61756863937711,42.59694058098439,2132.1161154724196,4531.633751889779,0.49987896393125153,0.68004259494866,tinba
52.06110596656799,4059,323052,79.58906134515891,77.96607322569294,6205.246584800827,2031,2028,103365,219687,50.89364844903988,108.32692307692308,39.011848908938745,38.9542243167542,1985.4553237185887,4219.791261082239,0.49963045084996305,0.6800360313509899,tinba
42.411059856414795,4048,323043,79.80311264822134,95.44680122837647,7616.951830340519,2025,2023,103360,219683,51.04197530864197,108.59268413247652,47.7469793694324,47.69982185894408,2437.1001420368066,5179.851688303713,0.49975296442687744,0.68004259494866,tinba
53.35237097740173,4056,323052,79.64792899408285,76.02286319605149,6055.063609765983,2029,2027,103365,219687,50.94381468703795,108.38036507153429,38.03017490749223,37.992688288559265,1937.4021830029246,4117.661426763058,0.4997534516765286,0.6800360313509899,tinba
46.76973795890808,4109,323043,78.61839863713799,87.8559551394145,6907.094503797001,2055,2054,103360,219683,50.29683698296837,106.9537487828627,43.93866824324576,43.91728689616875,2209.9760338792607,4697.118469917741,0.49987831589194454,0.68004259494866,tinba
53.04542899131775,4059,323030,79.58364129095837,76.5193170680995,6089.6858813767385,2030,2029,103365,219665,50.91871921182266,108.26269098077871,38.269084416911056,38.25023265118844,1948.612763918232,4141.073117458506,0.4998768169499877,0.6800142401634524,tinba
42.47252798080444,4056,323043,79.64571005917159,95.49702343672877,7605.928240155614,2028,2028,103360,219683,50.96646942800789,108.3249506903353,47.748511718364384,47.748511718364384,2433.5730627268945,5172.355177428719,0.5,0.68004259494866,tinba
52.20051383972168,4054,323052,79.68722249629995,77.66207076902626,6188.674712894788,2028,2026,103365,219687,50.968934911242606,108.43385982230997,38.850192284061485,38.81187848496478,1980.1529218155895,4208.521791079199,0.4997533300444006,0.6800360313509899,tinba
42.175435066223145,4055,323043,79.66535141800247,96.14601470341465,7659.50604878796,2027,2028,103360,219683,50.99161322150962,108.3249506903353,48.061152109450425,48.08486259396422,2450.7156793452373,5208.790369442722,0.5001233045622688,0.68004259494866,tinba
52.7920868396759,4056,323055,79.64866863905326,76.8296963201635,6119.383023843792,2030,2026,103366,219689,50.919211822660095,108.43484698914116,38.45273262572286,38.37696369444065,1957.9828377292952,4161.400186114497,0.4995069033530572,0.6800359071984646,tinba
44.320202112197876,4089,323043,79.00293470286134,92.2604095903845,7288.843114528388,2044,2045,103360,219683,50.567514677103716,107.42444987775062,46.118923258191714,46.141486332192784,2332.1193287508295,4956.723785777558,0.5001222792858889,0.68004259494866,tinba
52.74706411361694,4057,323049,79.62755730835593,76.91423339242617,6124.492527283677,2030,2027,103364,219685,50.91822660098522,108.3793783917119,38.485554297911044,38.42867909451512,1959.6161746055552,4164.876352678122,0.49963026867143207,0.6800361555058211,tinba
44.11837601661682,4081,323043,79.15780445969125,92.50113826635244,7322.187015186791,2040,2041,103360,219683,50.666666666666664,107.63498285154336,46.23923598710095,46.26190227925149,2342.7879566797815,4979.399058507009,0.5001225189904435,0.68004259494866,tinba
53.23553013801575,4059,323033,79.58438038925844,76.24607080040045,6067.996301765399,2029,2030,103366,219667,50.944307540660425,108.21034482758621,38.11364317664757,38.13242762375287,1941.6731594861276,4126.323142279271,0.5001231830500124,0.680014116204846,tinba
42.15535497665405,4045,323043,79.86229913473424,95.95459467107206,7663.154542973333,2023,2022,103360,219683,51.09243697478992,108.64638971315529,47.989158224864966,47.96543644620709,2451.883042077134,5211.271500896199,0.499876390605686,0.68004259494866,tinba
52.88570308685303,4056,323049,79.64718934911242,76.69369533272386,6108.437274048598,2030,2026,103364,219685,50.91822660098522,108.43287265547877,38.38466507037215,38.30903026235171,1954.4790740561316,4153.958199992466,0.4995069033530572,0.6800361555058211,tinba
42.67628216743469,4051,323043,79.74401382374722,94.92392013218121,7569.614399224935,2025,2026,103360,219683,51.04197530864197,108.43188548864758,47.45024395647172,47.473676175709485,2421.9541804152677,5147.660218809668,0.5001234263144902,0.68004259494866,tinba
52.900206089019775,4057,323055,79.6290362336702,76.69157267880834,6106.8760196579815,2030,2027,103366,219689,50.919211822660095,108.38135175135669,38.37414161646067,38.31743106234767,1953.981045481317,4152.894974176665,0.49963026867143207,0.6800359071984646,tinba
44.16110014915466,4068,323043,79.41076696165192,92.11727031845402,7315.103086402247,2035,2033,103360,219683,50.79115479115479,108.05853418593212,46.08127952262879,46.03599079582522,2340.5214012083106,4974.581685193936,0.4997541789577188,0.68004259494866,tinba
52.683152198791504,4059,323049,79.58832224685884,77.04550374442304,6131.92237968271,2030,2029,103364,219685,50.91822660098522,108.27254805322819,38.532242572352494,38.51326117207055,1961.9934587431742,4169.928920939536,0.4998768169499877,0.6800361555058211,tinba
43.15816617012024,4047,323046,79.82357301704967,93.77136146256987,7485.165118615604,2025,2022,103361,219685,51.04246913580247,108.64737883283877,46.9204366102555,46.85092485231438,2394.9349375173424,5090.230181098262,0.49962935507783546,0.6800424707317224,tinba
53.95581388473511,4054,323052,79.68722249629995,75.1355545977027,5987.343656610028,2028,2026,103365,219687,50.968934911242606,108.43385982230997,37.5863109827679,37.549243614934795,1915.7342380344203,4071.6094185756074,0.4997533300444006,0.6800360313509899,tinba
43.024410009384155,4043,323043,79.90180558990848,93.96991147858093,7508.365598262482,2022,2021,103360,219683,51.117705242334324,108.70014844136566,46.996577049144356,46.97333442943657,2402.3571729968153,5106.008425265667,0.49987632945832305,0.68004259494866,tinba
56.876976013183594,4127,323030,78.27235279864308,72.56011640005961,5679.451029976074,2062,2065,103365,219665,50.12851600387973,106.37530266343826,36.253685489925594,36.30643091013402,1817.3434532813574,3862.1075766947165,0.5003634601405379,0.6800142401634524,tinba
42.63346815109253,4052,323043,79.72433366238894,95.04270179568216,7577.216070133897,2026,2026,103360,219683,51.016781836130306,108.43188548864758,47.52135089784108,47.52135089784108,2424.386391313353,5152.829678820543,0.5,0.68004259494866,tinba
44.72410202026367,4083,323043,79.11903012490815,91.29305711157862,7223.018135805949,2043,2040,103360,219683,50.592266275085656,107.68774509803922,45.68006751872523,45.61298959285339,2311.058139371238,4911.959996434711,0.4996326230712711,0.68004259494866,tinba
52.26588988304138,4060,323030,79.56403940886699,77.67972589934493,6180.512772725467,2030,2030,103365,219665,50.91871921182266,108.20935960591133,38.839862949672465,38.839862949672465,1977.6760757600466,4202.83669696542,0.5,0.6800142401634524,tinba
41.84392690658569,4043,323043,79.90180558990848,96.62095073021658,7720.188421157891,2023,2020,103360,219683,51.09243697478992,108.7539603960396,48.34632286105074,48.27462786916584,2470.13145374108,5250.056967416811,0.4996289883749691,0.68004259494866,tinba
52.8409378528595,4063,323052,79.51070637460005,76.89114094291439,6113.668930320055,2031,2032,103365,219687,50.89364844903988,108.11368110236221,38.43610811101628,38.455032831898116,1956.1537739513528,4157.515156368701,0.500123061777012,0.6800360313509899,tinba
44.03956699371338,4078,323043,79.21603727317313,92.59854894990525,7335.29010505744,2041,2037,103360,219683,50.641842234198926,107.84634266077565,46.344688182137475,46.253860767767776,2346.980387312949,4988.3097177444915,0.49950956351152526,0.68004259494866,tinba
52.35694599151611,4061,323052,79.54986456537799,77.56372957005632,6170.184182483584,2032,2029,103365,219687,50.868602362204726,108.27353376047314,38.81051427883636,38.753215291219966,1974.2366183227953,4195.947564160789,0.49963063284905196,0.6800360313509899,tinba
47.00503993034363,4147,323173,77.9293465155534,88.22458200536377,6875.284022285851,2072,2075,103490,219683,49.946911196911195,105.87132530120482,44.08037953101368,44.14420247435009,2201.6788019616824,4673.605220324169,0.500361707258259,0.679769040111643,tinba
52.877382040023804,4053,323055,79.70762398223538,76.649029199899,6109.511998068931,2027,2026,103366,219689,50.994573260976814,108.43484698914116,38.33397043873558,38.315058761163435,1954.8244639222207,4154.687534146709,0.4998766345916605,0.6800359071984646,tinba
42.95446515083313,4045,323043,79.86229913473424,94.16948821958606,7520.591837557413,2023,2022,103360,219683,51.09243697478992,108.64638971315529,47.09638434319471,47.07310387639134,2406.269048795158,5114.322788762255,0.499876390605686,0.68004259494866,tinba
52.96022415161133,4054,323027,79.68105574740997,76.54801438140545,6099.426601278307,2028,2026,103364,219663,50.968441814595664,108.42201382033564,38.29288928601141,38.25512509539404,1951.728899486826,4147.697701791481,0.4997533300444006,0.6800143641243611,tinba
42.488600969314575,4046,323043,79.84256055363322,95.2255406790644,7603.050997920663,2024,2022,103360,219683,51.06719367588933,108.64638971315529,47.636306063872055,47.58923461519234,2432.6524677676953,5170.3985301529665,0.49975284231339595,0.68004259494866,tinba
53.092880964279175,4054,323055,79.68796250616676,76.35675304053525,6084.714073386807,2028,2026,103366,219689,50.96942800788955,108.43484698914116,38.197211437149846,38.1595416033854,1946.8900184479444,4137.824054938863,0.4997533300444006,0.6800359071984646,tinba
42.83258080482483,4046,323021,79.83712308452793,94.46080352795933,7541.478797925099,2024,2022,103360,219661,51.06719367588933,108.63550939663699,47.25374847765439,47.20705505030493,2413.1163254201374,5128.362472504961,0.49975284231339595,0.6800208036010043,tinba
52.388128995895386,4053,323049,79.70614359733531,77.36485493340587,6166.454236709063,2028,2025,103364,219685,50.968441814595664,108.48641975308642,38.71105990746289,38.653795025942976,1973.0424044748493,4193.411832234214,0.4996299037749815,0.6800361555058211,tinba
42.38904690742493,4048,323043,79.80311264822134,95.49636746588295,7620.907370375797,2025,2023,103360,219683,51.04197530864197,108.59268413247652,47.771774732809526,47.72459273307342,2438.3657463620707,5182.5416240137265,0.49975296442687744,0.68004259494866,tinba
52.674747943878174,4054,323055,79.68796250616676,76.96287420908587,6133.014634340462,2028,2026,103366,219689,50.96942800788955,108.43484698914116,38.50042153330689,38.46245267577897,1962.344463615286,4170.670170725176,0.4997533300444006,0.6800359071984646,tinba
44.66855502128601,4086,323043,79.06093979441997,91.47374474175153,7232.000225797758,2042,2044,103360,219683,50.617042115572964,107.47700587084148,45.71448525762521,45.75925948412632,2313.932025576955,4918.068200220803,0.5002447381302007,0.68004259494866,tinba
52.57968783378601,4057,323049,79.62755730835593,77.15907353472538,6143.988549745994,2030,2027,103364,219685,50.91822660098522,108.3793783917119,38.60806489413175,38.55100864059362,1965.854196904943,4178.134352841051,0.49963026867143207,0.6800361555058211,tinba
42.16789698600769,4050,323043,79.7637037037037,96.0446284846476,7660.875288781732,2025,2025,103360,219683,51.04197530864197,108.48543209876543,48.0223142423238,48.0223142423238,2451.1537778205375,5209.721510961195,0.5,0.68004259494866,tinba
54.012003898620605,4102,323238,78.80009751340809,75.94608057311422,5984.558554922549,2051,2051,103366,219872,50.39785470502194,107.20234032179425,37.97304028655711,37.97304028655711,1913.75976706985,4070.7987878526988,0.5,0.6802170536879946,tinba
44.03799486160278,4047,323043,79.82283172720534,91.89791707634319,7335.551970865612,2025,2022,103360,219683,51.04197530864197,108.64638971315529,45.98302003449344,45.91489704184975,2347.0641732174035,4988.4877976482085,0.49962935507783546,0.68004259494866,tinba
55.39454483985901,4113,323052,78.54412837345004,74.24918846955669,5831.8377907773465,2056,2057,103365,219687,50.27480544747082,106.7997083130773,37.115568075226975,37.13362039432971,1865.977964054395,3965.8598267229513,0.50012156576708,0.6800360313509899,tinba
42.1884069442749,4046,323043,79.84256055363322,95.90312346574761,7657.150942596517,2024,2022,103360,219683,51.06719367588933,108.64638971315529,47.97526492700771,47.92785853873991,2449.962145679603,5207.188796916914,0.49975284231339595,0.68004259494866,tinba
55.139798164367676,4104,323052,78.71637426900585,74.4289993185372,5858.780966825555,2051,2053,103365,219687,50.39736713798147,107.00779347296638,37.19636393818708,37.23263538035011,1874.5988095907887,3984.1821572347662,0.5002436647173489,0.6800360313509899,tinba
41.765528202056885,4043,323043,79.90180558990848,96.80231937784733,7734.680103580988,2022,2021,103360,219683,51.117705242334324,108.70014844136566,48.41313128419671,48.38918809365062,2474.768174844002,5259.911928736986,0.49987632945832305,0.68004259494866,tinba
55.50184607505798,4111,323052,78.58234006324496,74.06960832330667,5820.563149613443,2056,2055,103365,219687,50.27480544747082,106.9036496350365,37.04381287100912,37.025795452297544,1862.3704851224988,3958.192664490944,0.4998783750912187,0.6800360313509899,tinba
41.92927622795105,4049,323043,79.78340330945913,96.56737163759675,7704.473557896807,2025,2024,103360,219683,51.04197530864197,108.53903162055336,48.29561066093688,48.27176097665988,2465.103366871326,5239.3701910254795,0.4998765127191899,0.68004259494866,tinba
52.66158103942871,4061,323052,79.54986456537799,77.11504136116713,6134.491096234367,2031,2030,103365,219687,50.89364844903988,108.22019704433498,38.56701526829117,38.548026092875965,1962.8161167931644,4171.674979441203,0.49987687761635063,0.6800360313509899,tinba
41.84659194946289,4042,323043,79.921573478476,96.59090051781098,7719.696753086396,2022,2020,103360,219683,51.117705242334324,108.7539603960396,48.319347067544236,48.271553450266744,2469.9741409007775,5249.722612185618,0.4997525977238991,0.68004259494866,tinba
52.073261976242065,4059,323052,79.58906134515891,77.9478727845373,6203.798028773182,2030,2029,103365,219687,50.91871921182266,108.27353376047314,38.983538248980224,38.96433453555708,1984.9918379831727,4218.806190790009,0.4998768169499877,0.6800360313509899,tinba
41.71238708496094,4049,323043,79.78340330945913,97.0694866192358,7744.533999984636,2026,2023,103360,219683,51.016781836130306,108.59268413247652,48.57070385047462,48.49878276876118,2477.921001966958,5266.612998017678,0.4996295381575698,0.68004259494866,tinba
52.42390203475952,4059,323052,79.58906134515891,77.4265142893921,6162.303595520251,2030,2029,103365,219687,50.91871921182266,108.27353376047314,38.72279477887804,38.70371951051406,1971.7151144427237,4190.588481077528,0.4998768169499877,0.6800360313509899,tinba
41.900861978530884,4044,323043,79.8820474777448,96.51352762318017,7709.698195839513,2023,2021,103360,219683,51.09243697478992,108.70014844136566,48.28062966906367,48.232897954116495,2466.7750284698077,5242.923167369705,0.4997527200791296,0.68004259494866,tinba
52.53076410293579,4057,323055,79.6290362336702,77.23093446823223,6149.8248791310725,2030,2027,103366,219689,50.919211822660095,108.38135175135669,38.64402193012359,38.586912538108635,1967.7231383394856,4182.101740791587,0.49963026867143207,0.6800359071984646,tinba
42.05477595329285,4056,323043,79.64571005917159,96.44564518676076,7681.481893014486,2028,2028,103360,219683,50.96646942800789,108.3249506903353,48.22282259338038,48.22282259338038,2457.747013437769,5223.734879576717,0.5,0.68004259494866,tinba
54.02962899208069,4063,323049,79.50996800393797,75.19947991120813,5979.108241652935,2032,2031,103364,219685,50.868110236220474,108.16592811422944,37.60899413723232,37.59048577397581,1913.098459646103,4066.0097820068318,0.49987693822298795,0.6800361555058211,tinba
41.74302887916565,4046,323043,79.84256055363322,96.92636372200097,7738.84906471734,2024,2022,103360,219683,51.06719367588933,108.64638971315529,48.48713795682895,48.43922576517201,2476.102064830949,5262.746999886391,0.49975284231339595,0.68004259494866,tinba
52.458576917648315,4059,323055,79.58980044345898,77.37533571244201,6158.287528598905,2030,2029,103366,219689,50.919211822660095,108.2745194677181,38.697199186069795,38.67813652637222,1970.4308822991577,4187.856646299747,0.4998768169499877,0.6800359071984646,tinba
41.89353585243225,4055,323043,79.66535141800247,96.79297575367049,7711.046428210351,2027,2028,103360,219683,50.99161322150962,108.3249506903353,48.38455286132924,48.40842289234124,2467.2064054005873,5243.840022809764,0.5001233045622688,0.68004259494866,tinba
41.63164305686951,4044,323043,79.8820474777448,97.13765066816676,7759.554422551086,2023,2021,103360,219683,51.09243697478992,108.70014844136566,48.59284552465414,48.54480514351261,2482.726897394094,5276.827525156992,0.4997527200791296,0.68004259494866,tinba
52.52070713043213,4063,323049,79.50996800393797,77.35996375505331,6150.888242950091,2032,2031,103364,219685,50.868110236220474,108.16592811422944,38.68950193213595,38.670461822917375,1968.0618492683564,4182.826393681735,0.49987693822298795,0.6800361555058211,tinba
41.7301230430603,4044,323043,79.8820474777448,96.90841303839662,7741.242451326102,2023,2021,103360,219683,51.09243697478992,108.70014844136566,48.47817002390612,48.43024301449049,2476.867846599573,5264.374604726529,0.4997527200791296,0.68004259494866,tinba
52.407137870788574,4059,323055,79.58980044345898,77.4512817320341,6164.332057142715,2030,2029,103366,219689,50.919211822660095,108.2745194677181,38.73518155112817,38.71610018090594,1972.364914391091,4191.967142751624,0.4998768169499877,0.6800359071984646,tinba
42.63777709007263,4056,323043,79.64571005917159,95.12691037883305,7576.450322857338,2028,2028,103360,219683,50.96646942800789,108.3249506903353,47.56345518941652,47.56345518941652,2424.1413848018205,5152.3089380555175,0.5,0.68004259494866,tinba
52.390031814575195,4055,323049,79.66683107274969,77.4002202241816,6166.230269593499,2028,2027,103364,219685,50.968441814595664,108.3793783917119,38.70965391236505,38.690566311816546,1972.9707430955132,4193.2595264979855,0.4998766954377312,0.6800361555058211,tinba
42.17004585266113,4046,323046,79.84330202669302,95.94488026255438,7660.556052718028,2024,2022,103361,219685,51.06768774703557,108.64737883283877,47.99615364592438,47.94872661662999,2451.0525874488094,5209.503465269218,0.49975284231339595,0.6800424707317224,tinba
52.31488800048828,4065,323052,79.47158671586716,77.70254616548274,6175.144635633833,2032,2033,103365,219687,50.868602362204726,108.06050172159371,38.84171557398793,38.86083059149482,1975.8237845990466,4199.320851034787,0.5001230012300123,0.6800360313509899,tinba
42.08342385292053,4045,323043,79.86229913473424,96.11860513386632,7676.252795614235,2024,2021,103360,219683,51.06719367588933,108.70014844136566,48.094946054621865,48.02365907924446,2456.073925002824,5220.17887061141,0.49962917181705807,0.68004259494866,tinba
52.43606090545654,4056,323030,79.64250493096647,77.35134809826893,6160.455122333287,2029,2027,103365,219665,50.94381468703795,108.36951159348791,38.69474489432635,38.65660320394259,1971.2579132587693,4189.1972090745185,0.4997534516765286,0.6800142401634524,tinba
42.12331295013428,4047,323043,79.82283172720534,96.0750642949393,7668.983690395374,2025,2022,103360,219683,51.04197530864197,108.64638971315529,48.073141882197206,48.0019224127421,2453.7481209599523,5215.235569435421,0.49962935507783546,0.68004259494866,tinba
52.73713994026184,4065,323052,79.47158671586716,77.08040300639438,6125.701931616659,2032,2033,103365,219687,50.868602362204726,108.06050172159371,38.53072051881756,38.549682487576824,1960.003900800973,4165.698030815685,0.5001230012300123,0.6800360313509899,tinba
42.067710161209106,4045,323043,79.86229913473424,96.1545086361729,7679.120131855428,2023,2022,103360,219683,51.09243697478992,108.64638971315529,48.089139918659534,48.06536871751338,2456.9913504659658,5222.128781389462,0.499876390605686,0.68004259494866,tinba
52.71719694137573,4064,323052,79.49114173228347,77.09059350252214,6128.019294334838,2033,2031,103365,219687,50.84358091490408,108.16691285081241,38.56426589336307,38.52632760915907,1960.7453733730808,4167.2739209617575,0.499753937007874,0.6800360313509899,tinba
41.96905303001404,4046,323043,79.84256055363322,96.40436721568427,7697.171527052965,2024,2022,103360,219683,51.06719367588933,108.64638971315529,48.22601068822169,48.17835652746258,2462.7670280309258,5234.404499022038,0.49975284231339595,0.68004259494866,tinba
52.509368896484375,4055,323052,79.66757090012331,77.22431415989637,6152.27352354694,2029,2026,103365,219687,50.94381468703795,108.43385982230997,38.640723410710166,38.5835907491862,1968.5058528083077,4183.767670738632,0.4996300863131936,0.6800360313509899,tinba
42.365604877471924,4047,323043,79.82283172720534,95.5256041240192,7625.124223631217,2025,2022,103360,219683,51.04197530864197,108.64638971315529,47.79820814211487,47.72739598190433,2439.714959787157,5185.40926384406,0.49962935507783546,0.68004259494866,tinba
52.93531584739685,4056,323030,79.64250493096647,76.62181541889218,6102.3533123187235,2029,2027,103365,219665,50.94381468703795,108.36951159348791,38.32979868957896,38.29201672931323,1952.6661614333805,4149.687150885344,0.4997534516765286,0.6800142401634524,tinba
43.62624192237854,4090,323043,78.9836185819071,93.7509127482739,7404.786334215318,2043,2047,103360,219683,50.592266275085656,107.31949193942354,46.829612407022886,46.921300341251026,2369.216220455157,5035.570113760161,0.5004889975550122,0.68004259494866,tinba
55.3449330329895,4109,323030,78.61523485032855,74.24347225338126,5836.668007303419,2056,2053,103365,219665,50.27480544747082,106.99707744763761,37.14883887879091,37.094633374590344,1867.6506472306532,3969.0173600727658,0.49963494767583355,0.6800142401634524,tinba
42.22547388076782,4050,323043,79.7637037037037,95.91366603572041,7650.429238809193,2026,2024,103360,219683,51.016781836130306,108.53903162055336,47.980515404535694,47.933150631184716,2447.811486778287,5202.617752030906,0.4997530864197531,0.68004259494866,tinba
53.23145890235901,4060,323033,79.56477832512316,76.2706881178505,6068.4603928013785,2031,2029,103366,219667,50.89414081733136,108.26367668802365,38.15412994269811,38.11655817515238,1941.8216620664368,4126.638730734941,0.49975369458128077,0.680014116204846,tinba
42.17765998840332,4052,323043,79.72433366238894,96.06981518448607,7659.1020006520075,2026,2026,103360,219683,51.016781836130306,108.43188548864758,48.03490759224304,48.03490759224304,2450.586401152142,5208.515599499865,0.5,0.68004259494866,tinba
53.90781784057617,4058,323049,79.60793494332184,75.27665119001648,5992.618750685962,2030,2028,103364,219685,50.91822660098522,108.3259368836292,37.6568757801216,37.61977540989488,1917.4213340573838,4075.197416628578,0.49975357318876296,0.6800361555058211,tinba
42.00064015388489,4044,323043,79.8820474777448,96.28424674441412,7691.382769796185,2023,2021,103360,219683,51.09243697478992,108.70014844136566,48.16593253312309,48.118314211291036,2460.9148722805744,5230.46789751561,0.4997527200791296,0.68004259494866,tinba
56.31495404243469,4127,323055,78.27841046765205,73.28426472460947,5736.575754933054,2063,2064,103366,219689,50.1047018904508,106.43846899224806,36.63325372591939,36.651010998690076,1835.4982572144372,3901.077497718616,0.5001211533801793,0.6800359071984646,tinba
41.85835313796997,4045,323043,79.86229913473424,96.63543108509818,7717.527704332106,2024,2021,103360,219683,51.06719367588933,108.70014844136566,48.35355068386618,48.281880401231994,2469.280137689925,5248.247566642181,0.49962917181705807,0.68004259494866,tinba
52.84097099304199,4062,323049,79.52954209748893,76.8721680102146,6113.608321893603,2032,2030,103364,219685,50.868110236220474,108.2192118226601,38.455008714120154,38.41715929609445,1956.1336224046827,4157.47469948892,0.499753815854259,0.6800361555058211,tinba
42.265645027160645,4044,323043,79.8820474777448,95.68054615991912,7643.157931043213,2023,2021,103360,219683,51.09243697478992,108.70014844136566,47.86393295784282,47.8166132020763,2445.4849780141544,5197.672953029059,0.4997527200791296,0.68004259494866,tinba
52.874951124191284,4054,323055,79.68796250616676,76.67146567148728,6109.79288172233,2028,2026,103366,219689,50.96942800788955,108.43484698914116,38.35464538277657,38.316820288710716,1954.9143366055634,4154.878545116766,0.4997533300444006,0.6800359071984646,tinba
42.921884059906006,4048,323043,79.80311264822134,94.3108646943413,7526.30055915368,2024,2024,103360,219683,51.06719367588933,108.53903162055336,47.15543234717065,47.15543234717065,2408.09559654326,5118.20496261042,0.5,0.68004259494866,tinba
52.90646004676819,4053,323052,79.70688378978535,76.60690200057297,6106.097435255145,2028,2025,103365,219687,50.968934911242606,108.4874074074074,38.33180292552726,38.27509907504571,1953.7311683417777,4152.366266913366,0.4996299037749815,0.6800360313509899,tinba
42.90296697616577,4044,323021,79.87660731948566,94.25921527167563,7529.1063244985,2023,2021,103360,219661,51.09243697478992,108.68926274121722,47.152916047131505,47.10629922454413,2409.1573913156262,5119.948933182874,0.4997527200791296,0.6800208036010043,tinba
55.84845590591431,4060,323052,79.56945812807882,72.69672785295482,5784.43924294403,2031,2029,103365,219687,50.89364844903988,108.27353376047314,36.36626952447075,36.33045832848408,1850.8121365814472,3933.627106362583,0.49975369458128077,0.6800360313509899,tinba
56.58377695083618,4068,323043,79.41076696165192,71.89339805885623,5709.10987933311,2033,2035,103360,219683,50.8411214953271,107.95233415233415,35.92902611938415,35.96437193947208,1826.6719821443903,3882.4378971887204,0.5002458210422812,0.68004259494866,tinba
53.5834321975708,4064,323052,79.49114173228347,75.84433906763145,6028.953106416456,2032,2032,103365,219687,50.868602362204726,108.11368110236221,37.922169533815726,37.922169533815726,1929.0477627277867,4099.905343688669,0.5,0.6800360313509899,tinba
42.44201707839966,4041,323043,79.94135115070527,95.212251400196,7611.396023032297,2021,2020,103360,219683,51.14299851558634,108.7539603960396,47.61790647854395,47.594344921652045,2435.3225203475026,5176.073502684795,0.4998762682504331,0.68004259494866,tinba
53.76637291908264,4056,323052,79.64792899408285,75.4374859190186,6008.439521970118,2029,2027,103365,219687,50.94381468703795,108.38036507153429,37.737341945189534,37.70014397382907,1922.4841548371198,4085.955367132998,0.4997534516765286,0.6800360313509899,tinba
43.79745411872864,4046,323043,79.84256055363322,92.3797988127774,7375.839680641633,2024,2022,103360,219683,51.06719367588933,108.64638971315529,46.21273178375221,46.16706702902518,2359.9545242928007,5015.885156348832,0.49975284231339595,0.68004259494866,tinba
43.37744212150574,4046,323046,79.84330202669302,93.2742873281149,7447.327094463224,2024,2022,103362,219684,51.06818181818182,108.64688427299703,46.66019712113311,46.61409020698179,2382.8514302542294,5064.475664208995,0.49975284231339595,0.6800393751973404,tinba
44.3955979347229,4063,323027,79.50455328574945,91.51808262553497,7276.104276711466,2033,2030,103363,219664,50.84259714707329,108.20886699507389,45.79282844639739,45.72525417913758,2328.2263289252205,4947.877947786245,0.4996308146689638,0.6800174598408183,tinba
42.53223514556885,4051,323043,79.74401382374722,95.245405893559,7595.250964224383,2025,2026,103360,219683,51.04197530864197,108.43188548864758,47.61094715735793,47.63445873620107,2430.1567892269213,5165.094174997463,0.5001234263144902,0.68004259494866,tinba
54.65195107460022,4089,323030,78.99975544142822,74.81892081800505,5910.676447013982,2044,2045,103365,219665,50.56996086105675,107.4156479217604,37.40031160479392,37.418609213211134,1891.3322940457551,4019.344152968227,0.5001222792858889,0.6800142401634524,tinba
42.715615034103394,4049,323043,79.78340330945913,94.7896921715244,7562.6442401002105,2024,2025,103360,219683,51.06719367588933,108.48543209876543,47.38314076442711,47.40655140709728,2419.7240263889257,5142.920213711285,0.5001234872808101,0.68004259494866,tinba
55.44130992889404,4113,323055,78.54485776805252,74.18655881823692,5826.97271067968,2057,2056,103366,219689,50.25085075352455,106.85262645914396,37.10229795504822,37.08426086318869,1864.4220371519273,3962.550673527753,0.49987843423292,0.6800359071984646,tinba
42.07878112792969,4056,323043,79.64571005917159,96.39062471103375,7677.099748157415,2028,2028,103360,219683,50.96646942800789,108.3249506903353,48.195312355516876,48.195312355516876,2456.344913740742,5220.7548344166735,0.5,0.68004259494866,tinba
53.9244339466095,4054,323049,79.68648248643315,75.17927780222709,5990.7722039298615,2028,2026,103364,219685,50.968441814595664,108.43287265547877,37.60818337023101,37.57109443199607,1916.8305058582635,4073.941698071598,0.4997533300444006,0.6800361555058211,tinba
42.59790897369385,4046,323043,79.84256055363322,94.98118798503911,7583.541253151506,2024,2022,103360,219683,51.06719367588933,108.64638971315529,47.514069323212844,47.46711866182627,2426.410180458142,5157.131072693363,0.49975284231339595,0.68004259494866,tinba
53.18535494804382,4053,323033,79.70219590426845,76.20518851400597,6073.720863865012,2027,2026,103366,219667,50.994573260976814,108.42398815399802,38.111995341201606,38.09319317280437,1943.5049385489124,4130.215925316099,0.4998766345916605,0.680014116204846,tinba
41.909473180770874,4045,323043,79.86229913473424,96.51755779779042,7708.114072601139,2023,2022,103360,219683,51.09243697478992,108.64638971315529,48.27070937575525,48.24684842203516,2466.268176509176,5241.845896091963,0.499876390605686,0.68004259494866,tinba
52.24251103401184,4060,323049,79.56871921182265,77.71448806043774,6183.642279171515,2031,2029,103364,219685,50.8931560807484,108.27254805322819,38.87638552974114,38.838102530696595,1978.5419566204646,4205.10032255105,0.49975369458128077,0.6800361555058211,tinba
42.9731068611145,4051,323043,79.74401382374722,94.26825975353596,7517.3294089265655,2026,2025,103360,219683,51.016781836130306,108.48543209876543,47.145765060642766,47.12249469289319,2405.2252105962666,5112.1041983302985,0.49987657368550975,0.68004259494866,tinba
54.17196488380432,4057,323055,79.6290362336702,74.89113619382326,5963.508997558682,2029,2028,103366,219689,50.944307540660425,108.32790927021696,37.45479796333926,37.43633823048399,1908.108746317657,4055.4002512410243,0.49987675622381067,0.6800359071984646,tinba
43.644587993621826,4051,323043,79.74401382374722,92.81792282222962,7401.673720627381,2025,2026,103360,219683,51.04197530864197,108.43188548864758,46.39750523698222,46.4204175852474,2368.2203166886334,5033.453403938748,0.5001234263144902,0.68004259494866,tinba
53.13381600379944,4056,323027,79.64176528599606,76.33556753593545,6079.499352670272,2029,2027,103364,219663,50.943321833415474,108.36852491366551,38.18660417416495,38.148963361770505,1945.3524661697318,4134.14688650054,0.4997534516765286,0.6800143641243611,tinba
44.0815110206604,4080,323043,79.17720588235294,92.55581094050429,7328.310498444443,2039,2041,103360,219683,50.691515448749385,107.63498285154336,46.25522022247261,46.30059071803168,2344.747210492775,4983.563287951667,0.5002450980392157,0.68004259494866,tinba
52.8324031829834,4056,323055,79.64866863905326,76.77106767133361,6114.713330020385,2029,2027,103366,219689,50.944307540660425,108.38135175135669,38.404461613692284,38.366606057641334,1956.4887033814277,4158.2246266389575,0.4997534516765286,0.6800359071984646,tinba
46.38037705421448,4116,323043,78.48469387755102,88.74442730788427,6965.079210597875,2057,2059,103360,219683,50.247933884297524,106.69402622632346,44.350652811544684,44.393774496339574,2228.528670199931,4736.550540397944,0.500242954324587,0.68004259494866,tinba
53.6815128326416,4056,323030,79.64250493096647,75.55673798994926,6017.527877932275,2029,2027,103365,219665,50.94381468703795,108.36951159348791,37.796997382053014,37.759740607896234,1925.5232303577675,4092.0046475745075,0.4997534516765286,0.6800142401634524,tinba
42.88401389122009,4055,323043,79.66535141800247,94.55738005975707,7532.946911626166,2027,2028,103360,219683,50.99161322150962,108.3249506903353,47.267030673520985,47.29034938623609,2410.2221462334132,5122.7247653927525,0.5001233045622688,0.68004259494866,tinba
54.05946207046509,4059,323052,79.58906134515891,75.08398797437533,5975.864124931732,2030,2029,103365,219687,50.91871921182266,108.27353376047314,37.55124306183344,37.532744912541894,1912.0612015204006,4063.802923411331,0.4998768169499877,0.6800360313509899,tinba
41.804089069366455,4044,323043,79.8820474777448,96.73694822747365,7727.545491159191,2023,2021,103360,219683,51.09243697478992,108.70014844136566,48.39239521863976,48.34455300883389,2472.485402767477,5255.060088391715,0.4997527200791296,0.68004259494866,tinba
52.74264693260193,4056,323052,79.64792899408285,76.90171494773531,6125.062331680421,2029,2027,103365,219687,50.94381468703795,108.38036507153429,38.4698174627601,38.43189748497522,1959.799251867027,4165.263079813395,0.4997534516765286,0.6800360313509899,tinba
45.20841693878174,4085,323043,79.08029375764994,90.35927989983897,7145.638398208978,2043,2042,103360,219683,50.592266275085656,107.58227228207639,45.19069983730012,45.16858006253884,2286.299919326158,4859.338478882821,0.49987760097919215,0.68004259494866,tinba
53.23442602157593,4058,323052,79.60867422375554,76.22886735653525,6068.479067832288,2031,2027,103365,219687,50.89364844903988,108.38036507153429,38.152003351681394,38.07686400485386,1941.6946462070641,4126.784421625224,0.49950714637752586,0.6800360313509899,tinba
43.61441993713379,4053,323043,79.70466321243524,92.92798129247231,7406.793451927987,2026,2027,103360,219683,51.016781836130306,108.37839171188949,46.452526547877845,46.475454744594465,2369.8584126301353,5036.935039297852,0.5001233654083395,0.68004259494866,tinba
52.87277913093567,4055,323052,79.66757090012331,76.69352862950672,6109.987129671863,2028,2027,103365,219687,50.968934911242606,108.38036507153429,38.35622097672987,38.33730765277685,1954.975730404183,4155.01139926768,0.4998766954377312,0.6800360313509899,tinba
44.00707292556763,4066,323043,79.44982784062961,92.39423869151949,7340.7063575072625,2033,2033,103360,219683,50.8411214953271,108.05853418593212,46.197119345759745,46.197119345759745,2348.7133573918973,4991.993000115365,0.5,0.68004259494866,tinba
53.51739311218262,4057,323052,79.62829677101307,75.8071304313302,6036.392679344856,2030,2027,103365,219687,50.91871921182266,108.38036507153429,37.9315934867144,37.8755369446158,1931.4281580070115,4104.964521337845,0.49963026867143207,0.6800360313509899,tinba
43.731959104537964,4042,323021,79.91613062840179,92.4266848036216,7386.383016316341,2022,2020,103360,219661,51.117705242334324,108.74306930693069,46.236208974003674,46.19047582961792,2363.488901856093,5022.894114460248,0.4997525977238991,0.6800208036010043,tinba
53.71300506591797,4051,323055,79.746976055295,75.41935132894743,6014.4652045354505,2027,2024,103366,219689,50.994573260976814,108.54199604743083,37.737601862201046,37.68174946674638,1924.412902855586,4090.0523016798643,0.49962972105652925,0.6800359071984646,tinba
42.58475399017334,4049,323043,79.78340330945913,95.08097665503313,7585.883907525776,2026,2023,103360,219683,51.016781836130306,108.59268413247652,47.57571220130825,47.50526445372487,2427.1597300726658,5158.724177453109,0.4996295381575698,0.68004259494866,tinba
54.27282500267029,4056,323049,79.64718934911242,74.73353376759806,5952.31591471617,2029,2027,103364,219685,50.943321833415474,108.3793783917119,37.385192311256525,37.34834145634154,1904.5258837164708,4047.790030999699,0.4997534516765286,0.6800361555058211,tinba
42.557283878326416,4045,323043,79.86229913473424,95.04835909088735,7590.780485982082,2023,2022,103360,219683,51.09243697478992,108.64638971315529,47.535928415541434,47.51243067534591,2428.7264266091756,5162.054059372906,0.499876390605686,0.68004259494866,tinba
53.5078558921814,4056,323055,79.64866863905326,75.8019534210614,6037.524670227069,2029,2027,103366,219689,50.944307540660425,108.38135175135669,37.91966555506252,37.88228786599888,1931.7911038760928,4105.733566350976,0.4997534516765286,0.6800359071984646,tinba
45.99584603309631,4101,323043,78.77176298463789,89.16022540490124,7023.308143251771,2049,2052,103360,219683,50.44411908247926,107.05799220272904,44.547501061848976,44.61272434305227,2247.159448390781,4776.14869486099,0.5003657644476956,0.68004259494866,tinba
53.8445188999176,4053,323049,79.70614359733531,75.27228551402662,5999.663598080628,2028,2025,103364,219685,50.968441814595664,108.48641975308642,37.66400074573056,37.60828476829605,1919.6754305136558,4079.9881675669717,0.4996299037749815,0.6800361555058211,tinba
47.56505012512207,4140,323043,78.02971014492753,87.03869730210602,6791.604321875419,2068,2072,103360,219683,49.98065764023211,106.0246138996139,43.47730097119692,43.5613963309091,2173.024094962724,4618.580226912695,0.5004830917874397,0.68004259494866,tinba
69.89134097099304,4233,323055,76.31821403260099,60.56544260263684,4622.24641152725,2116,2117,103366,219689,48.849716446124766,103.7737364194615,30.27556733928173,30.289875263355114,1478.9528797694686,3143.293531757781,0.5001181195369714,0.6800359071984646,tinba
53.297874212265015,4057,323021,79.62065565688933,76.11935860410723,6060.673240240898,2030,2027,103360,219661,50.916256157635466,108.36753823384312,38.08782301364005,38.031535590467186,1939.2893530491801,4121.383887191718,0.49963026867143207,0.6800208036010043,tinba
46.030482053756714,4111,323043,78.58015081488689,89.31038339331243,7018.023396381861,2053,2058,103360,219683,50.345835362883584,106.74586977648202,44.60087986048904,44.709503532823405,2245.4685544959316,4772.55484188593,0.5006081245439066,0.68004259494866,tinba
60.57829189300537,4163,323052,77.60076867643527,68.72098684051338,5332.80140302703,2083,2080,103365,219687,49.623139702352375,105.61875,34.385254765503085,34.335732075010284,1706.3043009295375,3626.4971020974926,0.49963968292097044,0.6800360313509899,tinba
44.2327401638031,4058,323043,79.60645638245441,91.74199891239783,7303.255434858978,2031,2027,103360,219683,50.89118660758247,108.37839171188949,45.91621483269591,45.825784079701926,2336.7306573645737,4966.524777494405,0.49950714637752586,0.68004259494866,tinba
56.41710901260376,4102,323052,78.75475377864457,72.70844025495174,5726.135309908013,2051,2051,103365,219687,50.39736713798147,107.11214041930765,36.35422012747587,36.35422012747587,1832.1569787793971,3893.978331128616,0.5,0.6800360313509899,tinba
43.064698934555054,4050,323043,79.7637037037037,94.04454460844461,7501.341191097722,2025,2025,103360,219683,51.04197530864197,108.48543209876543,47.022272304222305,47.022272304222305,2400.1096619083546,5101.231529189367,0.5,0.68004259494866,tinba
53.34378099441528,4057,323052,79.62829677101307,76.05385153378496,6056.038660510796,2030,2027,103365,219687,50.91871921182266,108.38036507153429,38.055045258462776,37.99880627532219,1937.7141641088692,4118.324496401927,0.49963026867143207,0.6800360313509899,tinba
43.021570920944214,4045,323043,79.86229913473424,94.02260106756749,7508.861091883858,2024,2021,103360,219683,51.06719367588933,108.70014844136566,47.0461667640931,46.97643430347439,2402.51570985013,5106.345382033728,0.49962917181705807,0.68004259494866,tinba
53.59271812438965,4060,323052,79.56945812807882,75.75656063155199,6027.908479099541,2031,2029,103365,219687,50.89364844903988,108.27353376047314,37.89693956716308,37.85962106438892,1928.7135196257075,4099.1949594738335,0.49975369458128077,0.6800360313509899,tinba
43.06754803657532,4053,323043,79.70466321243524,94.10798117779936,7500.8449453786925,2028,2025,103360,219683,50.96646942800789,108.48543209876543,47.0888195974777,47.019161580321665,2399.950884415826,5100.894060962866,0.4996299037749815,0.68004259494866,tinba
53.38469409942627,4061,323030,79.54444718049741,76.0704930225243,6050.985314224581,2032,2029,103365,219665,50.868602362204726,108.26269098077871,38.06334445254109,38.00714856998321,1936.2291335319437,4114.756180692637,0.49963063284905196,0.6800142401634524,tinba
46.89710307121277,4102,323043,78.75255972696246,87.46808931398503,6888.335927902893,2052,2050,103360,219683,50.370370370370374,107.16243902439024,43.75536793571362,43.712721378271404,2203.9740886137233,4684.361839289169,0.499756216479766,0.68004259494866,tinba
53.291069984436035,4057,323052,79.62829677101307,76.12907755811378,6062.0287807009545,2030,2027,103365,219687,50.91871921182266,108.38036507153429,38.0926860840451,38.03639147406868,1939.630786737597,4122.397993963357,0.49963026867143207,0.6800360313509899,tinba
43.185380935668945,4047,323043,79.82283172720534,93.71226818697302,7480.378614263485,2025,2022,103360,219683,51.04197530864197,108.64638971315529,46.89086806983453,46.82140011713848,2393.4025302212826,5086.976084042202,0.49962935507783546,0.68004259494866,tinba
53.43787693977356,4060,323055,79.57019704433498,75.97607226379462,6045.431040684771,2031,2029,103366,219689,50.89414081733136,108.2745194677181,38.006749450188885,37.969322813605736,1934.3208585269444,4111.110182157827,0.49975369458128077,0.6800359071984646,tinba
42.98314118385315,4046,323043,79.84256055363322,94.12992835246536,7515.574504390872,2024,2022,103360,219683,51.06719367588933,108.64638971315529,47.08822911156448,47.041699240900876,2404.6637158949134,5110.9107884959585,0.49975284231339595,0.68004259494866,tinba
57.43592190742493,4132,323027,78.1769119070668,71.94104077688432,5624.1284073171855,2066,2066,103364,219663,50.030977734753144,106.32284607938044,35.97052038844216,35.97052038844216,1799.6403046616338,3824.4881026555518,0.5,0.6800143641243611,tinba
42.106385946273804,4054,323043,79.68500246669956,96.2799325777509,7672.066664951748,2027,2027,103360,219683,50.99161322150962,108.37839171188949,48.13996628887545,48.13996628887545,2454.734541498849,5217.3321234528985,0.5,0.68004259494866,tinba
52.702476024627686,4059,323055,79.58980044345898,77.01725433361506,6129.787903115548,2031,2028,103366,219689,50.89414081733136,108.32790927021696,38.53708882768469,38.48016550593036,1961.312025486192,4168.475877629357,0.49963045084996305,0.6800359071984646,tinba
42.414520025253296,4044,323021,79.87660731948566,95.34470736889706,7615.811750496661,2023,2021,103360,219661,51.09243697478992,108.68926274121722,47.69593051614213,47.648776852754935,2436.9013238499506,5178.91042664671,0.4997527200791296,0.6800208036010043,tinba
53.79924988746643,4061,323086,79.55823688746614,75.48432382411502,6005.399716089148,2032,2029,103383,219703,50.87746062992126,108.28141941843272,37.770043341689664,37.71428048242536,1921.6438931072357,4083.755822981912,0.49963063284905196,0.6800139900831358,tinba
42.34916281700134,4048,323043,79.80311264822134,95.58630515300068,7628.084677752173,2025,2023,103360,219683,51.04197530864197,108.59268413247652,47.816765794176476,47.769539358824204,2440.662179005472,5187.422498746701,0.49975296442687744,0.68004259494866,tinba
54.49172806739807,4098,323049,78.83089311859443,75.20407491814886,5928.404391955362,2050,2048,103364,219685,50.42146341463415,107.26806640625,37.620388868278475,37.583686049870394,1896.8750609662127,4031.5293309891495,0.4997559785261103,0.6800361555058211,tinba
42.38694715499878,4040,323021,79.95569306930693,95.31236078943597,7620.765864991187,2021,2019,103360,219661,51.14299851558634,108.79692917285784,47.679772563230216,47.63258822620575,2438.4865374247775,5182.279327566409,0.49975247524752475,0.6800208036010043,tinba
53.46541500091553,4077,323033,79.23301447142507,76.25490235005539,6041.905781419044,2039,2038,103366,219667,50.69445806768024,107.7855740922473,38.13680301490383,38.118099335151555,1933.3245612744236,4108.581220144621,0.4998773608045131,0.680014116204846,tinba
42.54722499847412,4046,323043,79.84256055363322,95.09433341763423,7592.575074204848,2024,2022,103360,219683,51.06719367588933,108.64638971315529,47.57067000427377,47.52366341336046,2429.300618400068,5163.27445580478,0.49975284231339595,0.68004259494866,tinba
52.31972098350525,4057,323052,79.62829677101307,77.54246245462669,6174.574212692152,2030,2027,103365,219687,50.91871921182266,108.38036507153429,38.799901104977124,38.74256134964957,1975.641269810818,4198.932942881334,0.49963026867143207,0.6800360313509899,tinba
43.113155126571655,4045,323043,79.86229913473424,93.82287118919234,7492.910204590918,2023,2022,103360,219683,51.09243697478992,108.64638971315529,46.92303298287666,46.89983820631568,2397.4121053436147,5095.498099247303,0.499876390605686,0.68004259494866,tinba
52.23860192298889,4057,323052,79.62829677101307,77.66287478330496,6184.162441335035,2029,2028,103365,219687,50.94381468703795,108.32692307692308,38.84100885761049,38.82186592569447,1978.7091574997085,4205.453283835326,0.49987675622381067,0.6800360313509899,tinba
42.170095920562744,4048,323043,79.80311264822134,95.99219332166938,7660.475816999022,2025,2023,103360,219683,51.04197530864197,108.59268413247652,48.01981014732719,47.97238317434218,2451.0259638655502,5209.449853133472,0.49975296442687744,0.68004259494866,tinba
56.634411096572876,4118,323052,78.44876153472559,72.71197705186684,5704.164548460342,2058,2060,103365,219687,50.22594752186589,106.64417475728155,36.338331416401644,36.3736456354652,1825.1271267523596,3879.0374217079825,0.5002428363283147,0.6800360313509899,tinba
43.68278121948242,4043,323043,79.90180558990848,92.55363067855284,7395.202205117918,2022,2021,103360,219683,51.117705242334324,108.70014844136566,46.288261496916604,46.26536918163623,2366.149707379476,5029.052497738442,0.49987632945832305,0.68004259494866,tinba
54.05404305458069,4059,323052,79.58906134515891,75.09151528039176,5976.463216152038,2030,2029,103365,219687,50.91871921182266,108.27353376047314,37.555007642078166,37.536507638313594,1912.2528891248323,4064.210327027205,0.4998768169499877,0.6800360313509899,tinba
43.73701310157776,4047,323043,79.82283172720534,92.53032415819015,7386.032494942976,2024,2023,103360,219683,51.06719367588933,108.59268413247652,46.27659404402691,46.253730114163254,2363.2157907068286,5022.816704236147,0.4998764516926118,0.68004259494866,tinba
54.16803598403931,4054,323052,79.68722249629995,74.84118495997376,5963.886157792166,2028,2026,103365,219687,50.968934911242606,108.43385982230997,37.439053551757965,37.402131408215794,1908.2286836180779,4055.6574741740887,0.4997533300444006,0.6800360313509899,tinba
43.94632697105408,4099,323043,78.81019760917297,93.27286903180485,7350.85323997105,2049,2050,103360,219683,50.44411908247926,107.16243902439024,46.625057000772905,46.64781203103195,2351.9599275743717,4998.893312396678,0.5001219809709685,0.68004259494866,tinba
52.69069290161133,4054,323052,79.68722249629995,76.93958414192775,6131.101760290588,2028,2026,103365,219687,50.968934911242606,108.43385982230997,38.488770754768,38.45081338715975,1961.7316514135082,4169.3701088770795,0.4997533300444006,0.6800360313509899,tinba
42.89680600166321,4045,323021,79.85686032138443,94.29606483622968,7530.187678483003,2023,2022,103360,219661,51.09243697478992,108.63550939663699,47.159688297575435,47.13637653865424,2409.5034020946105,5120.684276388392,0.499876390605686,0.6800208036010043,tinba
53.089969873428345,4057,323055,79.6290362336702,76.41744777162772,6085.047717491544,2030,2027,103366,219689,50.919211822660095,108.38135175135669,38.23697781030424,38.18046996132349,1946.9967725812353,4138.050944910309,0.49963026867143207,0.6800359071984646,tinba
43.089964866638184,4048,323043,79.80311264822134,93.942986784241,7496.942756853154,2025,2023,103360,219683,51.04197530864197,108.59268413247652,46.994700651701585,46.948286132539415,2398.7023503011733,5098.24040655198,0.49975296442687744,0.68004259494866,tinba
41.81538486480713,4045,323043,79.86229913473424,96.73473084315368,7725.458011313942,2024,2021,103360,219683,51.06719367588933,108.70014844136566,48.40323738604278,48.3314934571109,2471.817498133094,5253.640513180848,0.49962917181705807,0.68004259494866,tinba
53.80431795120239,4060,323027,79.56330049261084,75.45862775701758,6003.737474991654,2031,2029,103364,219663,50.8931560807484,108.26170527353376,37.74789974741446,37.710728009603116,1921.1097535656072,4082.627721426047,0.49975369458128077,0.6800143641243611,tinba
46.14156103134155,4127,323043,78.27550278652774,89.4421408325727,7001.128543973052,2061,2066,103360,219683,50.150412421154776,106.3325266214908,44.666889327824656,44.775251504748056,2240.0629213604834,4761.065622612568,0.5006057669008965,0.68004259494866,tinba
53.29723405838013,4059,323055,79.58980044345898,76.15779827437008,6061.383966870319,2030,2029,103366,219689,50.919211822660095,108.2745194677181,38.0882804870587,38.069517787311376,1939.425222081433,4121.958744788886,0.4998768169499877,0.6800359071984646,tinba
43.02776479721069,4045,323021,79.85686032138443,94.00906644962929,7507.268888411793,2023,2022,103360,219661,51.09243697478992,108.63550939663699,47.01615362857851,46.99291282105079,2402.1698660651873,5105.099022346605,0.499876390605686,0.6800208036010043,tinba
54.13339400291443,4066,323049,79.4513034923758,75.11075325853567,5967.647252684872,2036,2030,103364,219685,50.76817288801572,108.2192118226601,37.61079528636956,37.49995797216611,1909.4313575541762,4058.2158951306956,0.49926217412690604,0.6800361555058211,tinba
42.644659996032715,4048,323021,79.79767786561264,94.923960007574,7574.711582412688,2025,2023,103360,219661,51.04197530864197,108.58180919426594,47.485429598650526,47.43853040892347,2423.750125094577,5150.961457318111,0.49975296442687744,0.6800208036010043,tinba
57.63740110397339,4132,323055,78.18368828654404,71.68956130666255,5604.954314599194,2063,2069,103366,219689,50.1047018904508,106.18124697921701,35.7927311170486,35.896830189613944,1793.3841224647824,3811.5701921344116,0.5007260406582769,0.6800359071984646,tinba
43.3962881565094,4046,323021,79.83712308452793,93.23378039633337,7443.516801137915,2024,2022,103360,219661,51.06719367588933,108.63550939663699,46.63993364364279,46.593846752690574,2381.770524410533,5061.746276727381,0.49975284231339595,0.6800208036010043,tinba
53.71616196632385,4055,323049,79.66683107274969,75.48938441547986,6014.000036013897,2028,2027,103364,219685,50.968441814595664,108.3793783917119,37.75400039324122,37.73538402223864,1924.262572311137,4089.7374637027606,0.4998766954377312,0.6800361555058211,tinba
42.690736055374146,4047,323046,79.82357301704967,94.79808440760162,7567.121812586625,2025,2022,103361,219685,51.04246913580247,108.64737883283877,47.434178632417414,47.3639057751842,2421.157598827307,5145.964213759318,0.49962935507783546,0.6800424707317224,tinba
52.9931161403656,4059,323052,79.58906134515891,76.59485411744268,6096.112543076642,2031,2028,103365,219687,50.89364844903988,108.32692307692308,38.32573262195764,38.26912149548503,1950.536362613812,4145.57618046283,0.49963045084996305,0.6800360313509899,tinba
42.447612047195435,4043,323043,79.90180558990848,95.24681849016112,7610.392774058155,2022,2021,103360,219683,51.117705242334324,108.70014844136566,47.635188470716244,47.611630019444874,2435.001523409115,5175.391250649039,0.49987632945832305,0.68004259494866,tinba
53.305773973464966,4060,323052,79.56945812807882,76.16435701732844,6060.356616542361,2029,2031,103365,219687,50.94381468703795,108.16691285081241,38.06341881481759,38.100938202510854,1939.0957544571809,4121.260862085181,0.5002463054187192,0.6800360313509899,tinba
43.30454897880554,4049,323043,79.78340330945913,93.5005696972319,7459.793661818445,2026,2023,103360,219683,51.016781836130306,108.59268413247652,46.78492324193426,46.71564645529764,2386.8162222538626,5072.977439564583,0.4996295381575698,0.68004259494866,tinba
56.05987000465393,4107,323052,78.65887509130752,73.26096189054752,5762.624850417618,2052,2055,103365,219687,50.37280701754386,106.9036496350365,36.60372383720563,36.6572380533419,1843.8323169750292,3918.7925334425895,0.5003652300949598,0.6800360313509899,tinba
42.02993702888489,4043,323021,79.8963640860747,96.1933394575744,7685.49807195774,2022,2021,103360,219661,51.117705242334324,108.68926274121722,48.10856601118363,48.08477344639076,2459.1994969910684,5226.2985749666705,0.49987632945832305,0.6800208036010043,tinba
51.99599099159241,4053,323052,79.70688378978535,77.9483172203672,6213.017462293132,2028,2025,103365,219687,50.968934911242606,108.4874074074074,39.0030069881334,38.945310232233794,1987.9417245209117,4225.07573777222,0.4996299037749815,0.6800360313509899,tinba
41.32408618927002,4047,323043,79.82283172720534,97.93320005829484,7817.3053487600055,2025,2022,103360,219683,51.04197530864197,108.64638971315529,49.00289847246036,48.93030158583449,2501.2047338832112,5316.100614876795,0.49962935507783546,0.68004259494866,tinba
53.01046800613403,4053,323030,79.70145571181841,76.45659720512207,6093.702096020375,2027,2026,103365,219665,50.99407992106561,108.42300098716683,38.237730701895494,38.21886650322657,1949.897895412643,4143.804200607732,0.4998766345916605,0.6800142401634524,tinba
43.85063409805298,4075,323043,79.27435582822086,92.9291008857027,7366.8946104098295,2037,2038,103360,219683,50.74128620520373,107.79342492639843,46.45314809918439,46.475952786518306,2357.092482833431,5009.802127576399,0.5001226993865031,0.68004259494866,tinba
54.46682906150818,4074,323052,79.2960235640648,74.79781860257226,5931.169586450214,2040,2034,103365,219687,50.669117647058826,108.00737463126843,37.453988696427935,37.34382990614433,1897.7605596109186,4033.409026839296,0.4992636229749632,0.6800360313509899,tinba
42.25065207481384,4046,323043,79.84256055363322,95.76183564778336,7645.870161435215,2024,2022,103360,219683,51.06719367588933,108.64638971315529,47.90458609765534,47.85724955012801,2446.352776212281,5199.517385222934,0.49975284231339595,0.68004259494866,tinba
53.04757905006409,4058,323052,79.60867422375554,76.49736468030387,6089.853783810135,2030,2028,103365,219687,50.91871921182266,108.32692307692308,38.26753334179814,38.229831338505726,1948.5337851600812,4141.319998650053,0.49975357318876296,0.6800360313509899,tinba
41.78694295883179,4049,323043,79.78340330945913,96.89629614659889,7730.716274656889,2025,2024,103360,219683,51.04197530864197,108.53903162055336,48.460113533431155,48.43618261316773,2473.4999184273797,5257.216356229509,0.4998765127191899,0.68004259494866,tinba
52.37846302986145,4062,323055,79.53101920236337,77.55095825710303,6167.706750307341,2032,2030,103366,219689,50.86909448818898,108.22118226600985,38.79457094496144,38.7563873121416,1973.4446950279942,4194.262055279348,0.499753815854259,0.6800359071984646,tinba
44.107112884521484,4080,323108,79.19313725490196,92.50208715047852,7325.530484072748,2039,2041,103425,219683,50.72339382050024,107.63498285154336,46.22837149505531,46.273715655423196,2344.8598930240782,4980.670591048669,0.5002450980392157,0.6799057900144844,tinba
52.964751958847046,4058,323027,79.60251355347462,76.61699243211817,6098.905178504148,2030,2028,103364,219663,50.91822660098522,108.31508875739645,38.32737669719071,38.289615734927466,1951.5620516888769,4147.343126815272,0.49975357318876296,0.6800143641243611,tinba
41.3839750289917,4046,323021,79.83712308452793,97.76731203722116,7805.460924759074,2024,2022,103360,219661,51.06719367588933,108.63550939663699,48.907819961279195,48.859492075941965,2497.585114228171,5307.875810530903,0.49975284231339595,0.6800208036010043,tinba
53.681159019470215,4056,323055,79.64866863905326,75.55723598532745,6018.033252278096,2029,2027,103366,219689,50.944307540660425,108.38135175135669,37.797246502522036,37.75998948280541,1925.5545500146343,4092.478702263462,0.4997534516765286,0.6800359071984646,tinba
43.16506505012512,4048,323021,79.79767786561264,93.77954128643822,7483.389625960118,2025,2023,103360,219661,51.04197530864197,108.58180919426594,46.91293752594797,46.86660376049024,2394.5289988553,5088.860627104818,0.49975296442687744,0.6800208036010043,tinba
53.025551080703735,4060,323057,79.57068965517242,76.56686101801692,6092.477935935343,2032,2028,103369,219688,50.87057086614173,108.32741617357001,38.32114817453458,38.245712843482345,1949.4186838845792,4143.059252050764,0.4995073891625616,0.6800286017637754,tinba
43.23804688453674,4048,323043,79.80311264822134,93.621250071952,7471.267165759287,2025,2023,103360,219683,51.04197530864197,108.59268413247652,46.83375281514398,46.78749725680803,2390.4872548016206,5080.779910957666,0.49975296442687744,0.68004259494866,tinba
53.38652181625366,4058,323052,79.60867422375554,76.01169474885198,6051.190244456907,2030,2028,103365,219687,50.91871921182266,108.32692307692308,38.02457869397967,37.9871160548723,1936.1628456666053,4115.027398790302,0.49975357318876296,0.6800360313509899,tinba
45.33365201950073,4099,323048,78.81141741888266,90.41848201942287,7126.008728814471,2049,2050,103364,219684,50.44607125427038,107.16292682926829,45.198211675481204,45.220270343941664,2280.07220674692,4845.936522067551,0.5001219809709685,0.6800351650528714,tinba
53.088459968566895,4059,323033,79.58438038925844,76.45729415400805,6084.8063814860025,2031,2028,103366,219667,50.89414081733136,108.31706114398422,38.256901805072765,38.20039234893529,1947.0521477021916,4137.75423378381,0.49963045084996305,0.680014116204846,tinba
43.141780853271484,4044,323043,79.8820474777448,93.73743781588328,7487.93845805054,2023,2021,103360,219683,51.09243697478992,108.70014844136566,46.89189829414735,46.84553952173594,2395.8213582219823,5092.117099828558,0.4997527200791296,0.68004259494866,tinba
53.0944128036499,4063,323052,79.51070637460005,76.52405941516872,6084.482018751929,2031,2032,103365,219687,50.89364844903988,108.11368110236221,38.25261252084855,38.27144689432017,1946.8150138934075,4137.667004858521,0.500123061777012,0.6800360313509899,tinba
47.19056582450867,4127,323051,78.27744124061061,87.45392067023322,6845.669136525203,2062,2065,103365,219686,50.12851600387973,106.38547215496368,43.69517432081921,43.758746349414004,2190.3742452335005,4655.294891291703,0.5003634601405379,0.6800350409068537,tinba
41.776333808898926,4048,323043,79.80311264822134,96.89696607933847,7732.6794993003305,2024,2024,103360,219683,51.06719367588933,108.53903162055336,48.448483039669235,48.448483039669235,2474.128066689828,5258.551432610502,0.5,0.68004259494866,tinba
54.194051027297974,4064,323049,79.49040354330708,74.98978066712398,5960.967926853773,2033,2031,103364,219685,50.843089030988686,108.16592811422944,37.51334254337181,37.47643812375217,1907.2942147826286,4053.6737120711446,0.499753937007874,0.6800361555058211,tinba
43.254637002944946,4044,323043,79.8820474777448,93.49286643475169,7468.401595371289,2023,2021,103360,219683,51.09243697478992,108.70014844136566,46.76955212598978,46.72331430876191,2389.5703943362846,5078.831201035004,0.4997527200791296,0.68004259494866,tinba
53.047513008117676,4055,323033,79.66288532675709,76.44090684099511,6089.503195947515,2029,2026,103366,219667,50.944307540660425,108.42398815399802,38.24872995816994,38.19217688282518,1948.555062028681,4140.948133918835,0.4996300863131936,0.680014116204846,tinba
43.326438903808594,4048,323043,79.80311264822134,93.4302495754887,7456.024731624159,2025,2023,103360,219683,51.04197530864197,108.59268413247652,46.73820538299521,46.69204419249349,2385.6103251290792,5070.41440649508,0.49975296442687744,0.68004259494866,tinba
53.88598990440369,4060,323049,79.56871921182265,75.3442593743315,5995.0462183789205,2031,2029,103364,219685,50.8931560807484,108.27254805322819,37.69068738651903,37.65357198781247,1918.1980359528081,4076.848182426112,0.49975369458128077,0.6800361555058211,tinba
42.48599815368652,4045,323043,79.86229913473424,95.20783730601876,7603.51678290438,2023,2022,103360,219683,51.09243697478992,108.64638971315529,47.61568723611272,47.59215006990604,2432.8014991223977,5170.715283781982,0.499876390605686,0.68004259494866,tinba
52.65114903450012,4059,323055,79.58980044345898,77.09233462958814,6135.7635288892825,2030,2029,103366,219689,50.919211822660095,108.2745194677181,38.555663783706315,38.53667084588183,1963.2240111658064,4172.539517723476,0.4998768169499877,0.6800359071984646,tinba
41.689324140548706,4053,323043,79.70466321243524,97.21913424012288,7748.818352413525,2027,2026,103360,219683,50.99161322150962,108.43188548864758,48.621560598255385,48.59757364186749,2479.2918122524306,5269.526540161094,0.4998766345916605,0.68004259494866,tinba
52.96841096878052,4060,323030,79.56403940886699,76.64945815333135,6098.540509179958,2031,2029,103365,219665,50.89364844903988,108.26269098077871,38.343608253550734,38.305849899780625,1951.4461187239153,4147.094390456043,0.49975369458128077,0.6800142401634524,tinba
43.259151220321655,4044,323043,79.8820474777448,93.48311018410062,7467.622246093575,2023,2021,103360,219683,51.09243697478992,108.70014844136566,46.76467158813936,46.71843859596126,2389.3210357637586,5078.301210329816,0.4997527200791296,0.68004259494866,tinba
53.443177938461304,4055,323030,79.66214549938347,75.87497892938266,6044.363611235138,2028,2027,103365,219665,50.968934911242606,108.36951159348791,37.94684519575537,37.92813373362729,1934.1102828694547,4110.253328365683,0.4998766954377312,0.6800142401634524,tinba
45.760244846343994,4090,323043,78.9836185819071,89.37889239302814,7059.468346044251,2043,2047,103360,219683,50.592266275085656,107.31949193942354,44.64574013666417,44.73315225636396,2258.729173042393,4800.739173001858,0.5004889975550122,0.68004259494866,tinba
55.49427390098572,4099,323052,78.8123932666504,73.86347656901573,5821.3573633992855,2048,2051,103365,219687,50.47119140625,107.11214041930765,36.90470846873487,36.958768100280864,1862.6246049173728,3958.7327584819127,0.5003659429129056,0.6800360313509899,tinba
42.53685998916626,4056,323043,79.64571005917159,95.35259539686345,7594.425166368087,2028,2028,103360,219683,50.96646942800789,108.3249506903353,47.676297698431725,47.676297698431725,2429.8925690877236,5164.532597280364,0.5,0.68004259494866,tinba
52.69723200798035,4061,323052,79.54986456537799,77.0628711463443,6130.340962710864,2031,2030,103365,219687,50.89364844903988,108.22019704433498,38.54092373755855,38.52194740878575,1961.488223600561,4168.8527391103025,0.49987687761635063,0.6800360313509899,tinba
42.20292615890503,4047,323043,79.82283172720534,95.89382463106917,7654.516627203971,2024,2023,103360,219683,51.06719367588933,108.59268413247652,47.95875983525673,47.93506479581243,2449.1192769625177,5205.397350241455,0.4998764516926118,0.68004259494866,tinba
52.907171964645386,4059,323052,79.58906134515891,76.71927735454052,6106.0152717267865,2031,2028,103365,219687,50.89364844903988,108.32692307692308,38.38799022100808,38.33128713353244,1953.7048789731662,4152.31039275362,0.49963045084996305,0.6800360313509899,tinba
43.50666308403015,4048,323043,79.80311264822134,93.04321943012647,7425.138521335559,2025,2023,103360,219683,51.04197530864197,108.59268413247652,46.54459470010032,46.498624730026144,2375.7280534332685,5049.41046790229,0.49975296442687744,0.68004259494866,tinba
53.78313589096069,4059,323052,79.58906134515891,75.4697533485063,6006.566828958279,2031,2028,103365,219687,50.89364844903988,108.32692307692308,37.762766457456586,37.70698689104971,1921.8849605489906,4084.6818684092887,0.49963045084996305,0.6800360313509899,tinba
42.047483921051025,4054,323043,79.68500246669956,96.4148058802246,7682.8140443920565,2027,2027,103360,219683,50.99161322150962,108.37839171188949,48.2074029401123,48.2074029401123,2458.1732451356725,5224.6407992563845,0.5,0.68004259494866,tinba
52.829550981521606,4053,323055,79.70762398223538,76.71842604563558,6115.043455754454,2028,2025,103366,219689,50.96942800788955,108.4883950617284,38.38760622268664,38.33081982294894,1956.5943317624397,4158.449123992014,0.4996299037749815,0.6800359071984646,tinba
42.03702902793884,4044,323043,79.8820474777448,96.2008993859261,7684.724812148301,2023,2021,103360,219683,51.09243697478992,108.70014844136566,48.124238243750874,48.07666114217524,2458.784609428616,5225.940202719685,0.4997527200791296,0.68004259494866,tinba
53.70751404762268,4063,323049,79.50996800393797,75.6504945732048,6014.968402997597,2034,2029,103364,219685,50.8180924287119,108.27254805322819,37.8717957080725,37.7786988651323,1924.5724147341227,4090.395988263474,0.4993846911149397,0.6800361555058211,tinba
41.55628204345703,4045,323043,79.86229913473424,97.33787049981962,7773.626130994618,2023,2022,103360,219683,51.09243697478992,108.64638971315529,48.6809671251261,48.65690337469351,2487.2292447123255,5286.396886282293,0.499876390605686,0.68004259494866,tinba
52.278125047683716,4064,323033,79.48646653543307,77.73805958597713,6179.123671810273,2032,2032,103366,219667,50.86909448818898,108.10383858267717,38.86902979298856,38.86902979298856,1977.2323492037676,4201.891322606505,0.5,0.680014116204846,tinba
42.65305209159851,4054,323043,79.68500246669956,95.0459533656333,7573.737028390301,2030,2024,103360,219683,50.916256157635466,108.53903162055336,47.59331162610646,47.45264173952684,2423.273246145007,5150.463782245293,0.49925999013320177,0.68004259494866,tinba
0.1758880615234375,41,8309,202.65853658536585,233.1028021167693,47240.27275093259,20,21,829,7480,41.45,356.1904761904762,113.70868395939966,119.39411815736965,4713.224950117116,42527.047800815475,0.5121951219512195,0.9002286677097123,tinba
0.940899133682251,1059,896794,846.8309726156751,1125.5191572507417,953124.4826322206,406,653,835,895959,2.0566502463054186,1372.0658499234303,431.50215093843354,694.0170063123081,887.4490050088473,952237.0336272117,0.6166194523135033,0.9990689054565486,tinba
53.26454520225525,4054,323049,79.68648248643315,76.11066582106763,6064.991238981272,2029,2025,103364,219685,50.943321833415474,108.48641975308642,38.09288133965126,38.01778448141636,1940.577913647961,4124.41332533331,0.4995066600888012,0.6800361555058211,tinba
43.23433208465576,4053,323043,79.70466321243524,93.74494307125991,7471.909115363685,2026,2027,103360,219683,51.016781836130306,108.37839171188949,46.8609066524482,46.884036418811704,2390.6926513312173,5081.216464032467,0.5001233654083395,0.68004259494866,tinba
52.57589912414551,4058,323055,79.60941350418926,77.18365387186239,6144.545416849312,2031,2027,103366,219689,50.89414081733136,108.38135175135669,38.62986717933773,38.55378669252466,1966.0338999800217,4178.511516869289,0.49950714637752586,0.6800359071984646,tinba
42.66085696220398,4046,323043,79.84256055363322,94.84103902517978,7572.351401337408,2024,2022,103360,219683,51.06719367588933,108.64638971315529,47.44396020439048,47.397078820789304,2422.8299045087942,5149.521496828613,0.49975284231339595,0.68004259494866,tinba
55.21759104728699,4103,323049,78.73482817450646,74.30603041857243,5850.4725373359515,2050,2053,103364,219685,50.42146341463415,107.00681928884559,37.12584995322288,37.18018046534955,1871.9396851536246,3978.5328521823267,0.5003655861564709,0.6800361555058211,tinba
42.08323407173157,4045,323043,79.86229913473424,96.11903859635005,7676.287412924774,2024,2021,103360,219683,51.06719367588933,108.70014844136566,48.095162946603836,48.023875649746216,2456.085001067674,5220.2024118571,0.49962917181705807,0.68004259494866,tinba
55.459908962249756,4110,323055,78.60218978102189,74.10758648734132,5825.0185772914965,2056,2054,103366,219689,50.275291828793776,106.95666991236611,37.07182428661162,37.0357622007297,1863.796784635164,3961.221792656333,0.4997566909975669,0.6800359071984646,tinba
41.33278203010559,4046,323043,79.84256055363322,97.88840240787596,7815.660696749252,2024,2022,103360,219683,51.06719367588933,108.64638971315529,48.96839507502247,48.92000733285348,2500.6785152936377,5314.9821814556135,0.49975284231339595,0.68004259494866,tinba
52.951441049575806,4053,323052,79.70688378978535,76.54182624048659,6100.910449208407,2028,2025,103365,219687,50.968934911242606,108.4874074074074,38.29924096119092,38.24258527929567,1952.0715197009365,4148.83892950747,0.4996299037749815,0.6800360313509899,tinba
43.279613971710205,4048,323043,79.80311264822134,93.53133331193717,7464.091528430859,2025,2023,103360,219683,51.04197530864197,108.59268413247652,46.78877222249821,46.74256108943896,2388.1913565024274,5075.900171928432,0.49975296442687744,0.68004259494866,tinba
54.48280906677246,4103,323030,78.73019741652449,75.30815811959124,5929.026155830261,2049,2054,103365,219665,50.44655929721816,106.94498539435249,37.60819302633255,37.69996509325869,1897.2039395641114,4031.8222162661496,0.5006093102607848,0.6800142401634524,tinba
42.30515480041504,4045,323043,79.86229913473424,95.61482564201174,7636.0198071378,2023,2022,103360,219683,51.09243697478992,108.64638971315529,47.81923171169092,47.79559393032083,2443.2010824124436,5192.818724725356,0.499876390605686,0.68004259494866,tinba
46.12191104888916,4084,323043,79.09965719882469,88.54793539823113,7004.111335663756,2044,2040,103360,219683,50.567514677103716,107.68774509803922,44.31733103672489,44.230604361506245,2241.01728764965,4763.094048014106,0.49951028403525954,0.68004259494866,tinba
53.43268895149231,4054,323052,79.68722249629995,75.8711582656889,6045.961869769939,2028,2026,103365,219687,50.968934911242606,108.43385982230997,37.95429426808513,37.91686399760378,1934.489954152179,4111.47191561776,0.4997533300444006,0.6800360313509899,tinba
41.78806400299072,4048,323043,79.80311264822134,96.8697664412089,7730.508883514684,2024,2024,103360,219683,51.06719367588933,108.53903162055336,48.43488322060445,48.43488322060445,2473.4335620956895,5257.075321418995,0.5,0.68004259494866,tinba
54.33211398124695,4084,323052,79.10186092066601,75.16733108175428,5945.875769006582,2042,2042,103365,219687,50.61949069539667,107.58423114593536,37.58366554087714,37.58366554087714,1902.4660081453308,4043.409760861252,0.5,0.6800360313509899,tinba
43.391587018966675,4067,323043,79.4302925989673,93.72784632703788,7444.830258427661,2033,2034,103360,219683,50.8411214953271,108.00540806293019,46.852400192492745,46.87544613454513,2382.0285705342108,5062.80168789345,0.5001229407425621,0.68004259494866,tinba
58.21265387535095,4146,323052,77.91895803183792,71.22162835725902,5549.5150709284235,2073,2073,103365,219687,49.862518089725036,105.97539797395079,35.61081417862951,35.61081417862951,1775.644866171751,3773.8702047566726,0.5,0.6800360313509899,tinba
41.518980979919434,4041,323043,79.94135115070527,97.32897832811506,7780.61003366723,2022,2019,103360,219683,51.117705242334324,108.80782565626548,48.70061721837383,48.62836110974123,2489.4637960885852,5291.146237578644,0.49962880475129917,0.68004259494866,tinba
56.70043396949768,4125,323052,78.31563636363636,72.7507659327452,5697.522529964896,2063,2062,103365,219687,50.10421715947649,106.54073714839961,36.38420124103111,36.36656469171408,1823.0019201547168,3874.52060981018,0.49987878787878787,0.6800360313509899,tinba
42.539042949676514,4053,323043,79.70466321243524,95.27717877420702,7594.035446029154,2026,2027,103360,219683,51.016781836130306,108.37839171188949,47.6268354790386,47.650343295168426,2429.767875179383,5164.267570849771,0.5001233654083395,0.68004259494866,tinba
55.945915937423706,4114,323055,78.52576567817209,73.53530514365994,5774.416140783924,2057,2057,103366,219689,50.25085075352455,106.80068060281964,36.76765257182997,36.76765257182997,1847.6058219444708,3926.8103188394525,0.5,0.6800359071984646,tinba
42.35548686981201,4043,323021,79.8963640860747,95.4539848031251,7626.426323297123,2022,2021,103360,219661,51.117705242334324,108.68926274121722,47.73879724756837,47.71518755555672,2440.297766324761,5186.128556972362,0.49987632945832305,0.6800208036010043,tinba
54.170125007629395,4057,323049,79.62755730835593,74.89367985450664,5963.60078464839,2030,2027,103364,219685,50.91822660098522,108.3793783917119,37.47453046700727,37.419149387499374,1908.1366340846005,4055.4641505637887,0.49963026867143207,0.6800361555058211,tinba
41.72742009162903,4044,323043,79.8820474777448,96.91469041507482,7741.743901027946,2023,2021,103360,219683,51.09243697478992,108.70014844136566,48.48131026451443,48.43338015056039,2477.0282891449388,5264.715611883007,0.4997527200791296,0.68004259494866,tinba
52.679749965667725,4062,323033,79.52560315115707,77.1074274772996,6132.014677566352,2031,2031,103366,219667,50.89414081733136,108.15706548498277,38.5537137386498,38.5537137386498,1962.1581360459256,4169.856541520426,0.5,0.680014116204846,tinba
41.89985513687134,4044,323043,79.8820474777448,96.51584681593162,7709.883457704996,2023,2021,103360,219683,51.09243697478992,108.70014844136566,48.2817898389292,48.23405697700243,2466.834304375542,5243.049153329453,0.4997527200791296,0.68004259494866,tinba
52.22660684585571,4057,323049,79.62755730835593,77.6807119017714,6185.525338712189,2029,2028,103364,219685,50.943321833415474,108.3259368836292,38.84992961515755,38.830782286613854,1979.1444675905102,4206.380871121679,0.49987675622381067,0.6800361555058211,tinba
41.84146595001221,4046,323021,79.83712308452793,96.69833281734766,7720.116699207231,2024,2022,103360,219661,51.06719367588933,108.63550939663699,48.373066144911434,48.32526667243622,2470.2767375187973,5249.839961688434,0.49975284231339595,0.6800208036010043,tinba
52.52364993095398,4064,323055,79.49187992125984,77.37466846539441,6150.657854598423,2032,2032,103366,219689,50.86909448818898,108.11466535433071,38.687334232697204,38.687334232697204,1967.9896605792221,4182.668194019201,0.5,0.6800359071984646,tinba
41.651402950286865,4043,323043,79.90180558990848,97.06755868044907,7755.873202772275,2023,2020,103360,219683,51.09243697478992,108.7539603960396,48.56979253290835,48.49776614754072,2481.549063866242,5274.324138906034,0.4996289883749691,0.68004259494866,tinba
52.52781796455383,4055,323030,79.66214549938347,77.19719107190679,6149.693867313946,2029,2026,103365,219665,50.94381468703795,108.42300098716683,38.6271518335139,38.57003923839289,1967.8144648946104,4181.879402419335,0.4996300863131936,0.6800142401634524,tinba
42.13795018196106,4044,323043,79.8820474777448,95.97049648920051,7666.319757013057,2023,2021,103360,219683,51.09243697478992,108.70014844136566,48.008979821378,47.961516667822515,2452.8957757477165,5213.42398126534,0.4997527200791296,0.68004259494866,tinba
52.221861124038696,4056,323052,79.64792899408285,77.66862215741575,6186.1449026620985,2029,2027,103365,219687,50.94381468703795,108.38036507153429,38.853460147287116,38.81516201012863,1979.3434736936092,4206.80142896849,0.4997534516765286,0.6800360313509899,tinba
42.15651082992554,4044,323043,79.8820474777448,95.92824264595674,7662.94443350094,2023,2021,103360,219683,51.09243697478992,108.70014844136566,47.9878424512291,47.94040019472764,2451.815815995571,5211.128617505369,0.4997527200791296,0.68004259494866,tinba
52.34388184547424,4064,323052,79.49114173228347,77.64040145126114,6171.724155913586,2033,2031,103365,219687,50.84358091490408,108.16691285081241,38.83930515512153,38.80109629613961,1974.7293543330727,4196.994801580513,0.499753937007874,0.6800360313509899,tinba
41.680119037628174,4047,323043,79.82283172720534,97.0966516757409,7750.529687987736,2025,2022,103360,219683,51.04197530864197,108.64638971315529,48.584314218773244,48.51233745696766,2479.8393667419273,5270.690321245809,0.49962935507783546,0.68004259494866,tinba
52.304455041885376,4052,323030,79.72112537018756,77.46950038491293,6175.955752551437,2027,2025,103365,219665,50.99407992106561,108.47654320987654,38.753869022758764,38.71563136215416,1976.2178941970692,4199.737858354368,0.4997532082922014,0.6800142401634524,tinba
41.786795139312744,4048,323043,79.80311264822134,96.87270790938614,7730.743621830985,2025,2023,103360,219683,51.04197530864197,108.59268413247652,48.4602849596114,48.412422949774744,2473.508668358239,5257.2349534727455,0.49975296442687744,0.68004259494866,tinba
53.93194007873535,4070,323052,79.37395577395577,75.46548472126533,5989.994046725849,2036,2034,103365,219687,50.768664047151276,108.00737463126843,37.75128424877057,37.71420047249476,1916.5822673743467,4073.411779351503,0.49975429975429975,0.6800360313509899,tinba
42.225844860076904,4043,323021,79.8963640860747,95.74704812650222,7649.841017281938,2022,2021,103360,219661,51.117705242334324,108.68926274121722,47.885365152556886,47.861682973945335,2447.7899812899504,5202.051035991987,0.49987632945832305,0.6800208036010043,tinba
53.15560293197632,4054,323030,79.68179575727676,76.26665443317309,6077.063981634904,2028,2026,103365,219665,50.968934911242606,108.42300098716683,38.15213990884929,38.114514524323795,1944.5739357387608,4132.490045896144,0.4997533300444006,0.6800142401634524,tinba
43.04909420013428,4049,323043,79.78340330945913,94.05540523515522,7504.0603293110025,2025,2024,103360,219683,51.04197530864197,108.53903162055336,47.03931726381559,47.01608797133964,2400.979670315052,5103.080658995951,0.4998765127191899,0.68004259494866,tinba
53.769797801971436,4059,323052,79.58906134515891,75.48847430947897,6008.056812669574,2030,2029,103365,219687,50.91871921182266,108.27353376047314,37.75353605524571,37.73493825423327,1922.361701650479,4085.6951110190953,0.4998768169499877,0.6800360313509899,tinba
42.553739070892334,4050,323046,79.76444444444445,95.17377528806361,7591.48331153279,2026,2024,103361,219685,51.0172754195459,108.54001976284584,47.610387341633796,47.56338794642982,2428.9522438393933,5162.531067693397,0.4997530864197531,0.6800424707317224,tinba
52.49903607368469,4062,323049,79.52954209748893,77.37284917572211,6153.427265723252,2032,2030,103364,219685,50.868110236220474,108.2192118226601,38.70547255663893,38.66737661908318,1968.8742447561153,4184.553020967137,0.499753815854259,0.6800361555058211,tinba
42.91997504234314,4056,323043,79.64571005917159,94.50145290155719,7526.635317967884,2028,2028,103360,219683,50.96646942800789,108.3249506903353,47.25072645077859,47.25072645077859,2408.2027051047708,5118.432612863113,0.5,0.68004259494866,tinba
55.17238998413086,4107,323055,78.65960555149745,74.43940712340519,5855.374401814382,2052,2055,103366,219689,50.37329434697856,106.90462287104623,37.19251604997016,37.24689107343503,1873.5095584898713,3981.8648433245103,0.5003652300949598,0.6800359071984646,tinba
43.262325048446655,4076,323043,79.25490677134445,94.21592564513242,7467.074403380891,2038,2038,103360,219683,50.71638861629048,107.79342492639843,47.10796282256621,47.10796282256621,2389.145749431032,5077.928653949859,0.5,0.68004259494866,tinba
52.53766584396362,4063,323049,79.50996800393797,77.3349926140052,6148.902788324333,2031,2032,103364,219685,50.8931560807484,108.1126968503937,38.65797932538631,38.677013288618895,1967.42657557323,4181.476212751103,0.500123061777012,0.6800361555058211,tinba
41.97976303100586,4045,323043,79.86229913473424,96.35595124756662,7695.207801945034,2024,2021,103360,219683,51.06719367588933,108.70014844136566,48.21370712610008,48.14224412146653,2462.1387196411583,5233.069082303876,0.49962917181705807,0.68004259494866,tinba
42.19053101539612,4049,323043,79.78340330945913,95.96940125077933,7656.765445358238,2025,2024,103360,219683,51.04197530864197,108.53903162055336,47.99655162579109,47.97284962498823,2449.8388029835887,5206.926642374649,0.4998765127191899,0.68004259494866,tinba
52.441468954086304,4058,323055,79.60941350418926,77.38150896483985,6160.296544760064,2030,2028,103366,219689,50.919211822660095,108.32790927021696,38.70982336092284,38.671685603917005,1971.0736953325866,4189.222849427477,0.49975357318876296,0.6800359071984646,tinba
41.966010093688965,4043,323021,79.8963640860747,96.33987102833977,7697.205411685714,2022,2021,103360,219661,51.117705242334324,108.68926274121722,48.18184991820505,48.15802111013472,2462.945602149196,5234.259809536518,0.49987632945832305,0.6800208036010043,tinba
54.516154050827026,4085,323049,79.08176254589964,74.9319182749288,5925.748168126677,2044,2041,103364,219685,50.56947162426614,107.6359627633513,37.493473917736715,37.4384443571921,1896.0251653781497,4029.723002748528,0.4996328029375765,0.6800361555058211,tinba
42.08630704879761,4044,323043,79.8820474777448,96.08825966391213,7675.7269205265,2023,2021,103360,219683,51.09243697478992,108.70014844136566,48.06789052920234,48.020369134709796,2455.905667374371,5219.8212531521285,0.4997527200791296,0.68004259494866,tinba
52.70745897293091,4060,323055,79.57019704433498,77.02894579086242,6129.20839469632,2031,2029,103366,219689,50.89414081733136,108.2745194677181,38.53344554217773,38.49550024868469,1961.1266036005627,4168.081791095758,0.49975369458128077,0.6800359071984646,tinba
42.04041886329651,4049,323043,79.78340330945913,96.31207560434154,7684.105171512301,2026,2023,103360,219683,51.016781836130306,108.59268413247652,48.191717751147436,48.12035785319411,2458.586350818657,5225.518820693644,0.4996295381575698,0.68004259494866,tinba
52.27975106239319,4059,323052,79.58906134515891,77.64000243910482,6179.294916964201,2030,2029,103365,219687,50.91871921182266,108.27353376047314,38.829565151855824,38.810437287248995,1977.1517250845209,4202.14319187968,0.4998768169499877,0.6800360313509899,tinba
41.92568397521973,4051,323043,79.74401382374722,96.62334912399648,7705.133688240729,2026,2025,103360,219683,51.016781836130306,108.48543209876543,48.32360042587432,48.29974869812216,2465.3145804631636,5239.8191077775655,0.49987657368550975,0.68004259494866,tinba
52.02862596511841,4064,323052,79.49114173228347,78.11084618541783,6209.1203449536415,2032,2032,103365,219687,50.868602362204726,108.11368110236221,39.055423092708914,39.055423092708914,1986.6947873906774,4222.425557562964,0.5,0.6800360313509899,tinba
42.235384941101074,4045,323043,79.86229913473424,95.77277455008196,7648.633970082108,2024,2021,103360,219683,51.06719367588933,108.70014844136566,47.92190251900269,47.85087203107927,2447.2370772549993,5201.396892827109,0.49962917181705807,0.68004259494866,tinba
51.92367696762085,4058,323030,79.60325283390833,78.15317090371957,6221.246623220437,2030,2028,103365,219665,50.91871921182266,108.31607495069034,39.09584448855366,39.05732641516592,1990.710327861748,4230.536295358689,0.49975357318876296,0.6800142401634524,tinba
42.988906145095825,4044,323043,79.8820474777448,94.07078157212753,7514.566639813253,2023,2021,103360,219683,51.09243697478992,108.70014844136566,47.05865260148714,47.01212897064039,2404.341242160015,5110.225397653237,0.4997527200791296,0.68004259494866,tinba
52.355215072631836,4062,323052,79.53028064992614,77.58539420313393,6170.388175310394,2032,2030,103365,219687,50.868602362204726,108.22019704433498,38.811797395560845,38.773596807573085,1974.3018886772375,4196.086286633157,0.499753815854259,0.6800360313509899,tinba
41.68812298774719,4044,323043,79.8820474777448,97.00604657083257,7749.041617799571,2023,2021,103360,219683,51.09243697478992,108.70014844136566,48.52701093293627,48.479035637896295,2479.3632476659877,5269.6783701335835,0.4997527200791296,0.68004259494866,tinba
52.989418029785156,4060,323030,79.56403940886699,76.61907133454247,6096.122811132329,2032,2028,103365,219665,50.868602362204726,108.31607495069034,38.3472790521651,38.271792282377376,1950.6724897770894,4145.45032135524,0.4995073891625616,0.6800142401634524,tinba
41.67661499977112,4047,323043,79.82283172720534,97.10481525484316,7751.181327988708,2024,2023,103360,219683,51.06719367588933,108.59268413247652,48.56440476298556,48.54041049185761,2480.047863785666,5271.133464203042,0.4998764516926118,0.68004259494866,tinba
52.7509081363678,4057,323052,79.62829677101307,76.90862855881343,6124.103099132806,2030,2027,103365,219687,50.91871921182266,108.38036507153429,38.4827498088221,38.42587874999133,1959.4923320142345,4164.610767118572,0.49963026867143207,0.6800360313509899,tinba
44.54712390899658,4048,323043,79.80311264822134,90.87006398593738,7251.713952620841,2024,2024,103360,219683,51.06719367588933,108.53903162055336,45.43503199296869,45.43503199296869,2320.23957845516,4931.474374165682,0.5,0.68004259494866,tinba
53.06715393066406,4054,323055,79.68796250616676,76.39377090576279,6087.663951643118,2028,2026,103366,219689,50.96942800788955,108.43484698914116,38.215729500958794,38.178041404804,1947.8338735681,4139.830078075018,0.4997533300444006,0.6800359071984646,tinba
41.65736413002014,4044,323021,79.87660731948566,97.07767364679981,7754.235217374609,2023,2021,103360,219661,51.09243697478992,108.68926274121722,48.56284218285757,48.51483146394224,2481.1939535443194,5273.0412638302905,0.4997527200791296,0.6800208036010043,tinba
52.173003911972046,4062,323049,79.52954209748893,77.85635664861344,6191.880393643014,2032,2030,103364,219685,50.868110236220474,108.2192118226601,38.94734532495877,38.909011323654674,1981.1778553981487,4210.7025382448655,0.499753815854259,0.6800361555058211,tinba
42.681617975234985,4044,323043,79.8820474777448,94.74804826626855,7568.6680900297215,2023,2021,103360,219683,51.09243697478992,108.70014844136566,47.39745342301219,47.35059484325637,2421.651401780791,5147.01668824893,0.4997527200791296,0.68004259494866,tinba
53.0227370262146,4058,323055,79.60941350418926,76.53320495306971,6092.763559909792,2030,2028,103366,219689,50.919211822660095,108.32790927021696,38.285462310185196,38.24774264288452,1949.4655651007895,4143.297994809002,0.49975357318876296,0.6800359071984646,tinba
42.90622901916504,4045,323043,79.86229913473424,94.27535564109373,7529.046653242482,2024,2021,103360,219683,51.06719367588933,108.70014844136566,47.17263777937545,47.102717861718276,2408.97422968194,5120.072423560542,0.49962917181705807,0.68004259494866,tinba
52.19681000709534,4059,323049,79.58832224685884,77.76337288520587,6189.056380190409,2030,2029,103364,219685,50.91822660098522,108.27254805322819,38.89126557205418,38.87210731315169,1980.27427319695,4208.78210699346,0.4998768169499877,0.6800361555058211,tinba
42.591569900512695,4045,323043,79.86229913473424,94.97184558936176,7584.6699418354,2024,2021,103360,219683,51.06719367588933,108.70014844136566,47.52114103161143,47.45070455775034,2426.771312760552,5157.898629074848,0.49962917181705807,0.68004259494866,tinba
52.313106060028076,4055,323033,79.66288532675709,77.51403625980421,6174.991781778875,2028,2027,103366,219667,50.96942800788955,108.3704982733103,38.76657596421281,38.7474602955914,1975.9102027203262,4199.081579058548,0.4998766954377312,0.680014116204846,tinba
41.944291830062866,4046,323043,79.84256055363322,96.46127812557555,7701.71543982212,2024,2022,103360,219683,51.06719367588933,108.64638971315529,48.254480209136155,48.206797916439385,2464.2208865693246,5237.494553252795,0.49975284231339595,0.68004259494866,tinba
55.103679895401,4085,323049,79.08176254589964,74.13298000703828,5862.566721736526,2043,2042,103364,219685,50.59422418012726,107.58325171400588,37.07556380768157,37.057416199356716,1875.809386890454,3986.7573348460724,0.49987760097919215,0.6800361555058211,tinba
42.77215099334717,4044,323043,79.8820474777448,94.54750126148691,7552.647984672234,2023,2021,103360,219683,51.09243697478992,108.70014844136566,47.29713032937389,47.25037093211302,2416.5256504419604,5136.122334230275,0.4997527200791296,0.68004259494866,tinba
52.64126706123352,4057,323055,79.6290362336702,77.06881362260535,6136.915352440416,2030,2027,103366,219689,50.919211822660095,108.38135175135669,38.56290156615451,38.50591205645083,1963.5925533434124,4173.3227990970045,0.49963026867143207,0.6800359071984646,tinba
41.957167863845825,4051,323043,79.74401382374722,96.55084473637021,7699.3518973515775,2025,2026,103360,219683,51.04197530864197,108.43188548864758,48.263505453258375,48.287339283111834,2463.464653653721,5235.887243697856,0.5001234263144902,0.68004259494866,tinba
52.24925088882446,4057,323052,79.62829677101307,77.64704624440363,6182.902041741947,2030,2027,103365,219687,50.91871921182266,108.38036507153429,38.852231667769125,38.794814576634494,1978.3058750438206,4204.596166698127,0.49963026867143207,0.6800360313509899,tinba
42.01816201210022,4046,323021,79.83712308452793,96.2916940259036,7687.651827963768,2024,2022,103360,219661,51.06719367588933,108.63550939663699,48.16964624528642,48.122047780617166,2459.888654107117,5227.763173856651,0.49975284231339595,0.6800208036010043,tinba
55.385464906692505,4104,323030,78.71101364522417,74.09886342768775,5832.396650352332,2053,2051,103365,219665,50.34827082318558,107.10141394441736,37.06748699245686,37.03137643523088,1866.2838738311266,3966.1127765212054,0.49975633528265107,0.6800142401634524,tinba
42.09938406944275,4052,323043,79.72433366238894,96.24843901079987,7673.342666181101,2027,2025,103360,219683,50.99161322150962,108.48543209876543,48.14797282203636,48.100466188763505,2455.142807541035,5218.199858640066,0.4997532082922014,0.68004259494866,tinba
52.80942988395691,4056,323030,79.64250493096647,76.80446482593408,6116.899968619695,2029,2027,103365,219665,50.94381468703795,108.36951159348791,38.421168425004986,38.38329640092908,1957.3208843029279,4159.579084316767,0.4997534516765286,0.6800142401634524,tinba
41.68621015548706,4049,323043,79.78340330945913,97.13044157522292,7749.397193821866,2025,2024,103360,219683,51.04197530864197,108.53903162055336,48.57721516172546,48.55322641349745,2479.4770168473797,5269.920176974486,0.4998765127191899,0.68004259494866,tinba
53.32259702682495,4051,323030,79.74080473957048,75.97154350831913,6058.032016660659,2026,2025,103365,219665,51.01924975320829,108.47654320987654,37.99514864178093,37.9763948665382,1938.4839779652941,4119.548038695364,0.49987657368550975,0.6800142401634524,tinba
41.965595960617065,4049,323043,79.78340330945913,96.48379600756331,7697.805609699006,2025,2024,103360,219683,51.04197530864197,108.53903162055336,48.25381252539287,48.22998348217045,2462.9699074689415,5234.835702230064,0.4998765127191899,0.68004259494866,tinba
44.46428084373474,4085,323043,79.08029375764994,91.87149600724058,7265.224892207349,2042,2043,103360,219683,50.617042115572964,107.52961331375428,45.924503022468855,45.946992984771725,2324.562503625064,4940.662388582285,0.5001223990208078,0.68004259494866,tinba
53.19067597389221,4055,323052,79.66757090012331,76.23516576458498,6073.470473632726,2029,2026,103365,219687,50.94381468703795,108.43385982230997,38.14578331352476,38.08938245106021,1943.29171621611,4130.1787574166165,0.4996300863131936,0.6800360313509899,tinba
42.10966897010803,4042,323021,79.91613062840179,95.98745606072691,7670.946077237028,2022,2020,103360,219661,51.117705242334324,108.74306930693069,48.01747554547001,47.96998051525689,2454.5431614143326,5216.402915822695,0.4997525977238991,0.6800208036010043,tinba
52.074411153793335,4058,323052,79.60867422375554,77.92694934207427,6203.661123424291,2030,2028,103365,219687,50.91871921182266,108.32692307692308,38.98267796067293,38.94427138140133,1984.9480332044125,4218.713090219879,0.49975357318876296,0.6800360313509899,tinba
41.921010971069336,4049,323043,79.78340330945913,96.58641111480611,7705.992592185801,2026,2023,103360,219683,51.016781836130306,108.59268413247652,48.32898713721837,48.25742397758774,2465.589393140617,5240.403199045184,0.4996295381575698,0.68004259494866,tinba
52.2030508518219,4054,323055,79.68796250616676,77.65829647595231,6188.431417868469,2029,2025,103366,219689,50.944307540660425,108.4883950617284,38.86746017506346,38.790836300888856,1980.0758444828039,4208.355573385666,0.4995066600888012,0.6800359071984646,tinba
45.81176686286926,4097,323043,78.84866975835978,89.43117195771477,7051.528943796937,2051,2046,103360,219683,50.39492930277913,107.37194525904204,44.77015711136758,44.66101484634718,2256.1889025016835,4795.340041295253,0.49938979741274103,0.68004259494866,tinba
57.68117809295654,4126,323049,78.2959282598158,71.53113262268522,5600.596428169132,2063,2063,103364,219685,50.103732428502184,106.48812409112942,35.76556631134261,35.76556631134261,1791.9883646173619,3808.60806355177,0.5,0.6800361555058211,tinba
43.191287994384766,4043,323043,79.90180558990848,93.6068403546017,7479.355559898985,2023,2020,103360,219683,51.09243697478992,108.7539603960396,46.838149403254825,46.76869095134688,2393.075196401591,5086.280363497394,0.4996289883749691,0.68004259494866,tinba
52.364585876464844,4055,323055,79.66831072749692,77.43783192645301,6169.34125598034,2029,2026,103366,219689,50.944307540660425,108.43484698914116,38.74756127713272,38.6902706493203,1973.9676781528342,4195.373577827506,0.4996300863131936,0.6800359071984646,tinba
42.08665990829468,4052,323043,79.72433366238894,96.27753803293402,7675.662566330973,2027,2025,103360,219683,50.99161322150962,108.48543209876543,48.162529514500804,48.115008518433214,2455.8850767729664,5219.777489558007,0.4997532082922014,0.68004259494866,tinba
52.48226284980774,4065,323049,79.47084870848708,77.45473954949509,6155.393888493195,2033,2032,103364,219685,50.843089030988686,108.1126968503937,38.736896802982415,38.71784274651267,1969.5034929382557,4185.8903955549395,0.4998769987699877,0.6800361555058211,tinba
42.57960104942322,4047,323021,79.81739560168026,95.04551241103798,7586.285264276229,2024,2023,103360,219661,51.06719367588933,108.58180919426594,47.534498917702216,47.51101349333576,2427.4534625166507,5158.831801759578,0.4998764516926118,0.6800208036010043,tinba
54.432121992111206,4098,323055,78.83235724743777,75.28642738921549,5935.006539829919,2049,2049,103366,219689,50.44704734016594,107.21766715470962,37.643213694607745,37.643213694607745,1898.9889832878596,4036.01755654206,0.5,0.6800359071984646,tinba
43.70113706588745,4046,323043,79.84256055363322,92.5834033540115,7392.095988554111,2024,2022,103360,219683,51.06719367588933,108.64638971315529,46.31458437679665,46.268818977214835,2365.1558503881924,5026.940138165918,0.49975284231339595,0.68004259494866,tinba
52.387758016586304,4056,323052,79.64792899408285,77.42266807287008,6166.555169200401,2030,2026,103365,219687,50.91871921182266,108.43385982230997,38.749510894459135,38.67315717841094,1973.075464830428,4193.479704369973,0.4995069033530572,0.6800360313509899,tinba
42.0128710269928,4052,323043,79.72433366238894,96.44663411354666,7689.143638682738,2026,2026,103360,219683,51.016781836130306,108.43188548864758,48.22331705677333,48.22331705677333,2460.1984456999467,5228.945192982792,0.5,0.68004259494866,tinba
52.30258512496948,4062,323052,79.53028064992614,77.6634652052941,6176.597184022814,2031,2031,103365,219687,50.89364844903988,108.16691285081241,38.83173260264705,38.83173260264705,1976.2885477462394,4200.308636276574,0.5,0.6800360313509899,tinba
42.92833399772644,4047,323043,79.82283172720534,94.2733999463929,7525.1697402724485,2025,2022,103360,219683,51.04197530864197,108.64638971315529,47.171641930181764,47.10175801621113,2407.7337826684384,5117.435957604011,0.49962935507783546,0.68004259494866,tinba
55.40941286087036,4116,323052,78.4868804664723,74.28340759240716,5830.272932347501,2058,2058,103365,219687,50.22594752186589,106.74781341107872,37.14170379620358,37.14170379620358,1865.477265740808,3964.7956666066934,0.5,0.6800360313509899,tinba
42.27793788909912,4045,323043,79.86229913473424,95.67637879147735,7640.935583173107,2024,2021,103360,219683,51.06719367588933,108.70014844136566,47.87366889343638,47.80270989804097,2444.773921356514,5196.161661816594,0.49962917181705807,0.68004259494866,tinba
52.451725006103516,4063,323052,79.51070637460005,77.46170406268261,6159.034807004121,2031,2032,103365,219687,50.89364844903988,108.11368110236221,38.72131945638897,38.740384606293645,1970.6692198964283,4188.365587107693,0.500123061777012,0.6800360313509899,tinba
41.76708912849426,4045,323043,79.86229913473424,96.84658625732258,7734.391041860138,2023,2022,103360,219683,51.09243697478992,108.64638971315529,48.435264276529935,48.41132198079265,2474.675687405899,5259.715354454239,0.499876390605686,0.68004259494866,tinba
53.04865789413452,4056,323052,79.64792899408285,76.45810772619873,6089.729935198213,2029,2027,103365,219687,50.94381468703795,108.38036507153429,38.24790448137506,38.210203244823674,1948.4941580666991,4141.235777131514,0.4997534516765286,0.6800360313509899,tinba
41.79827117919922,4044,323021,79.87660731948566,96.7504130173806,7728.094748587363,2023,2021,103360,219661,51.09243697478992,108.68926274121722,48.39913094316541,48.35128207421518,2472.829547348283,5255.26520123908,0.4997527200791296,0.6800208036010043,tinba
55.89024591445923,4102,323052,78.75475377864457,73.39384418308279,5780.114127506889,2050,2052,103365,219687,50.421951219512195,107.05994152046783,36.679029881842936,36.714814301239855,1849.4282554813146,3930.685872025575,0.500243783520234,0.6800360313509899,tinba
43.05403184890747,4074,323043,79.29381443298969,94.62528420792677,7503.199726652255,2038,2036,103360,219683,50.71638861629048,107.89931237721022,47.33586873238948,47.28941547553728,2400.7043141215786,5102.495412530677,0.4997545409916544,0.68004259494866,tinba
52.66609787940979,4056,323052,79.64792899408285,77.01348995490558,6133.964979514832,2029,2027,103365,219687,50.94381468703795,108.38036507153429,38.52573252428586,38.48775743061973,1962.6477783996093,4171.317201115223,0.4997534516765286,0.6800360313509899,tinba
42.10760688781738,4043,323024,79.89710610932475,96.0159054104242,7671.392982759551,2022,2021,103361,219663,51.118199802176065,108.69025235032163,48.019827044243804,47.996078366180384,2454.687113313593,5216.705869445958,0.49987632945832305,0.6800206795779881,tinba
53.453290939331055,4056,323049,79.64718934911242,75.87933181894299,6043.575509067484,2029,2027,103364,219685,50.943321833415474,108.3793783917119,37.958373831517584,37.9209579874254,1933.7256543720964,4109.849854695387,0.4997534516765286,0.6800361555058211,tinba
41.89859390258789,4044,323043,79.8820474777448,96.518752142425,7710.115541133877,2023,2021,103360,219683,51.09243697478992,108.70014844136566,48.28324322060479,48.235508921820205,2466.908561187203,5243.206979946674,0.4997527200791296,0.68004259494866,tinba
52.99540901184082,4061,323055,79.55060329967988,76.629279322906,6095.905400556857,2033,2028,103366,219689,50.844072798819475,108.32790927021696,38.36181355909084,38.26746576381516,1950.4708412931548,4145.434559263703,0.4993843880817533,0.6800359071984646,tinba
43.65750193595886,4089,323291,79.06358522866226,93.6608788564712,7405.164878060023,2044,2045,103425,219866,50.59931506849315,107.51393643031786,46.8189866428533,46.8418922136179,2369.0086563293066,5036.1562217307155,0.5001222792858889,0.6800869804603283,tinba
52.43183898925781,4054,323027,79.68105574740997,77.31943182138967,6160.893957318214,2028,2026,103364,219663,50.968441814595664,108.42201382033564,38.678788291509186,38.64064352988048,1971.39757049485,4189.496386823364,0.4997533300444006,0.6800143641243611,tinba
42.010064125061035,4048,323043,79.80311264822134,96.35786291469077,7689.657388722938,2025,2023,103360,219683,51.04197530864197,108.59268413247652,48.20273527723538,48.155127637455394,2460.3628238296537,5229.294564893284,0.49975296442687744,0.68004259494866,tinba
52.73806595802307,4055,323055,79.66831072749692,76.88943320802818,6125.65125647831,2029,2026,103366,219689,50.944307540660425,108.43484698914116,38.47315905772853,38.41627415029966,1959.9884470976674,4165.662809380642,0.4996300863131936,0.6800359071984646,tinba
41.927393198013306,4044,323043,79.8820474777448,96.45245486408207,7704.819578797642,2022,2022,103360,219683,51.117705242334324,108.64638971315529,48.226227432041036,48.226227432041036,2465.2140788208512,5239.60549997679,0.5,0.68004259494866,tinba
53.48754405975342,4064,323049,79.49040354330708,75.98030665718952,6039.7052375242165,2033,2031,103364,219685,50.843089030988686,108.16592811422944,38.00884927019347,37.971457386996036,1932.4873074098762,4107.21793011434,0.499753937007874,0.6800361555058211,tinba
44.242449045181274,4079,323043,79.19661681784751,92.1965236561485,7301.652755933606,2039,2040,103360,219683,50.691515448749385,107.68774509803922,46.0869604645469,46.1095631916016,2336.2178683744814,4965.434887559125,0.500122579063496,0.68004259494866,tinba
41.93452310562134,4047,323043,79.82283172720534,96.50759565827751,7703.509568627858,2025,2022,103360,219683,51.04197530864197,108.64638971315529,48.289567879419806,48.2180277788577,2464.7949313663366,5238.714637261522,0.49962935507783546,0.68004259494866,tinba
52.982036113739014,4056,323055,79.64866863905326,76.55424927975201,6097.44403379445,2030,2026,103366,219689,50.919211822660095,108.43484698914116,38.31487328350507,38.239375996246935,1950.9631486811752,4146.480885113274,0.4995069033530572,0.6800359071984646,tinba
42.0274920463562,4044,323043,79.8820474777448,96.22272952998195,7686.468648752215,2023,2021,103360,219683,51.09243697478992,108.70014844136566,48.135158713935084,48.08757081604686,2459.3425628632376,5227.126085888977,0.4997527200791296,0.68004259494866,tinba
52.54635500907898,4053,323052,79.70688378978535,77.13189619526837,6147.943086522042,2028,2025,103365,219687,50.968934911242606,108.4874074074074,38.594494321244575,38.5374018740238,1967.1202689918368,4180.822817530206,0.4996299037749815,0.6800360313509899,tinba
42.463500022888184,4050,323043,79.7637037037037,95.3760287733469,7607.545299513161,2026,2024,103360,219683,51.016781836130306,108.53903162055336,47.71156402340761,47.66446474993929,2434.0904528427495,5173.454846670412,0.4997530864197531,0.68004259494866,tinba
62.548415184020996,4071,323052,79.35445836403832,65.08558191319294,5164.831100029675,2036,2035,103365,219687,50.768664047151276,107.95429975429975,32.55078476424978,32.53479714894317,1652.559856167327,3512.271243862348,0.4998771800540408,0.6800360313509899,tinba
42.77868914604187,4081,323226,79.20264641019358,95.39796757371182,7555.77149399181,2039,2042,103360,219866,50.691515448749385,107.6718903036239,47.663919598823426,47.73404797488839,2416.1563166917063,5139.615177300104,0.5003675569713305,0.6802237443769994,tinba
52.61863398551941,4064,323052,79.49114173228347,77.2349962775242,6139.498035789062,2033,2031,103365,219687,50.84358091490408,108.16691285081241,38.63650281304299,38.598493464481216,1964.4181570438705,4175.079878745191,0.499753937007874,0.6800360313509899,tinba
43.32107210159302,4042,323043,79.921573478476,93.30332339239051,7456.9484162909475,2022,2020,103360,219683,51.117705242334324,108.7539603960396,46.67474515077032,46.6285782416202,2385.90586487815,5071.042551412797,0.4997525977238991,0.68004259494866,tinba
54.030781984329224,4066,323052,79.45204131824889,75.25339909348858,5979.036174114529,2033,2033,103365,219687,50.84358091490408,108.06050172159371,37.62669954674429,37.62669954674429,1913.0761429656782,4065.9600311488507,0.5,0.6800360313509899,tinba
43.57296681404114,4046,323043,79.84256055363322,92.85573822107058,7413.839901668143,2024,2022,103360,219683,51.06719367588933,108.64638971315529,46.45081911998192,46.404919101088666,2372.11297640382,5041.726925264323,0.49975284231339595,0.68004259494866,tinba
51.98981499671936,4058,323052,79.60867422375554,78.0537495710663,6213.755521545616,2030,2028,103365,219687,50.91871921182266,108.32692307692308,39.04610932214504,39.007640248921255,1988.1778768884346,4225.577644657182,0.49975357318876296,0.6800360313509899,tinba
41.72962498664856,4055,323043,79.66535141800247,97.17317136919878,7741.334845528997,2027,2028,103360,219683,50.99161322150962,108.3249506903353,48.57460378923944,48.598567579959344,2476.897408808973,5264.4374367200235,0.5001233045622688,0.68004259494866,tinba
51.823907136917114,4061,323052,79.54986456537799,78.36151738368486,6233.648095009643,2032,2029,103365,219687,50.868602362204726,108.27353376047314,39.209702862262404,39.15181452142245,1994.5427836406266,4239.105311369016,0.49963063284905196,0.6800360313509899,tinba
42.18165707588196,4054,323043,79.68500246669956,96.10812568854578,7658.376232561642,2028,2026,103360,219683,50.96646942800789,108.43188548864758,48.07776983136923,48.03035585717656,2450.35418627728,5208.022046284362,0.4997533300444006,0.68004259494866,tinba
52.821134090423584,4060,323055,79.57019704433498,76.86317361247406,6116.01786979749,2031,2029,103366,219689,50.89414081733136,108.2745194677181,38.45051862239774,38.41265499007632,1956.9061092677325,4159.111760529757,0.49975369458128077,0.6800359071984646,tinba
42.46384882926941,4044,323043,79.8820474777448,95.23394867618686,7607.482809644271,2023,2021,103360,219683,51.09243697478992,108.70014844136566,47.64052378138625,47.5934248948006,2434.070458746457,5173.412350897813,0.4997527200791296,0.68004259494866,tinba
51.952369928359985,4064,323049,79.49040354330708,78.22549780893684,6218.176388208473,2032,2032,103364,219685,50.868110236220474,108.1126968503937,39.11274890446842,39.11274890446842,1989.591622914111,4228.584765294362,0.5,0.6800361555058211,tinba
43.32852292060852,4045,323043,79.86229913473424,93.35651730874169,7455.666111487722,2024,2021,103360,219683,51.06719367588933,108.70014844136566,46.71287788205023,46.64363942669146,2385.495581960826,5070.170529526897,0.49962917181705807,0.68004259494866,tinba
52.39648199081421,4059,323055,79.58980044345898,77.4670330101856,6165.585698227522,2030,2029,103366,219689,50.919211822660095,108.2745194677181,38.7430591304944,38.7239738796912,1972.76603452349,4192.819663704032,0.4998768169499877,0.6800359071984646,tinba
41.25460481643677,4049,323043,79.78340330945913,98.14661946262994,7830.4713240470155,2025,2024,103360,219683,51.04197530864197,108.53903162055336,49.08542959047311,49.06118987215683,2505.4172851710127,5325.054038876003,0.4998765127191899,0.68004259494866,tinba
52.00748300552368,4057,323049,79.62755730835593,78.00800510897842,6211.586897325702,2029,2028,103364,219685,50.943321833415474,108.3259368836292,39.01361655561184,38.99438855336659,1987.483224078,4224.103673247701,0.49987675622381067,0.6800361555058211,tinba
41.39949584007263,4046,323043,79.84256055363322,97.73065874110658,7803.066038483266,2024,2022,103360,219683,51.06719367588933,108.64638971315529,48.889484254078035,48.84117448702855,2496.6487611173447,5306.417277365921,0.49975284231339595,0.68004259494866,tinba
51.67166614532471,4057,323055,79.6290362336702,78.51498321323398,6252.072443172616,2030,2027,103366,219689,50.919211822660095,108.38135175135669,39.28652105567291,39.228462157561076,2000.4386874092047,4251.6337557634115,0.49963026867143207,0.6800359071984646,tinba
41.51055312156677,4043,323043,79.90180558990848,97.39691948116834,7782.189725440283,2022,2021,103360,219683,51.117705242334324,108.70014844136566,48.71050487037407,48.686414610794266,2489.9692301690725,5292.220495271211,0.49987632945832305,0.68004259494866,tinba
52.28865694999695,4055,323049,79.66683107274969,77.550280242955,6178.185075759894,2029,2026,103364,219685,50.943321833415474,108.43287265547877,38.803827031555045,38.74645321139996,1976.7958488366955,4201.389226923198,0.4996300863131936,0.6800361555058211,tinba
6.416891098022461,61,34463,564.9672131147541,9.506161016009576,5370.669296635049,31,30,7550,26913,243.5483870967742,897.1,4.83099986059503,4.675161155414545,1176.5822241126607,4194.087072522389,0.4918032786885246,0.7809244697211503,tinba
42.01067900657654,4044,323046,79.88278931750742,96.26123870473349,7689.616250892515,2023,2021,103361,219685,51.09293129016312,108.70113805047006,48.15442282385654,48.10681588087695,2460.350616656765,5229.26563423575,0.4997527200791296,0.6800424707317224,tinba
51.99667406082153,4058,323052,79.60867422375554,78.04345322651363,6212.935843206427,2031,2027,103365,219687,50.89364844903988,108.38036507153429,39.060190611889894,38.98326261462374,1987.9156093540123,4225.020233852415,0.49950714637752586,0.6800360313509899,tinba
41.47966694831848,4043,323043,79.90180558990848,97.4694421977247,7787.984421439422,2022,2021,103360,219683,51.117705242334324,108.70014844136566,48.74677519757589,48.7226670001488,2491.8232860640182,5296.161135375403,0.49987632945832305,0.68004259494866,tinba
52.19650197029114,4067,323052,79.43250553233341,77.9170987801985,6189.150379921486,2034,2033,103365,219687,50.81858407079646,108.06050172159371,38.96812857608157,38.948970204116925,1980.3051181252072,4208.845261796279,0.4998770592574379,0.6800360313509899,tinba
41.75408601760864,4047,323043,79.82283172720534,96.92464584887065,7736.7996958133745,2024,2023,103360,219683,51.06719367588933,108.59268413247652,48.47429780037416,48.4503480484965,2475.446354074443,5261.353341738931,0.4998764516926118,0.68004259494866,tinba
54.839964866638184,4096,323052,78.8701171875,74.69005514428758,5890.8134019707995,2050,2046,103365,219687,50.421951219512195,107.37390029325513,37.38149732563222,37.30855781865537,1884.8480346653532,4005.9653673054463,0.49951171875,0.6800360313509899,tinba
41.40234303474426,4048,323021,79.79767786561264,97.77224435348926,7801.998059117701,2025,2023,103360,219661,51.04197530864197,108.58180919426594,48.91027539916397,48.861968954325285,2496.4770692630063,5305.520989854695,0.49975296442687744,0.6800208036010043,tinba
51.88930678367615,4063,323052,79.51070637460005,78.30129658386916,6225.791401430495,2032,2031,103365,219687,50.868602362204726,108.16691285081241,39.16028418863454,39.14101239523462,1992.0289247825833,4233.762476647911,0.49987693822298795,0.6800360313509899,tinba
42.11513090133667,4048,323043,79.80311264822134,96.11747401387093,7670.47360619143,2025,2023,103360,219683,51.04197530864197,108.59268413247652,48.082481442215574,48.03499257165536,2454.2248305518033,5216.248775639627,0.49975296442687744,0.68004259494866,tinba
52.643052101135254,4062,323052,79.53028064992614,77.16117964050193,6136.650272088486,2032,2030,103365,219687,50.868602362204726,108.22019704433498,38.59958567934513,38.5615939611568,1963.5069752684594,4173.143296820027,0.499753815854259,0.6800360313509899,tinba
42.425397872924805,4040,323021,79.95569306930693,95.22597789420526,7613.859060733682,2021,2019,103360,219661,51.14299851558634,108.79692917285784,47.6365597337101,47.58941816049515,2436.276503748776,5177.582556984906,0.49975247524752475,0.6800208036010043,tinba
53.69088292121887,4060,323052,79.56945812807882,75.6180524346615,6016.887456926666,2031,2029,103365,219687,50.89364844903988,108.27353376047314,37.8276513533984,37.7904010812631,1925.1871896327057,4091.7002672939607,0.49975369458128077,0.6800360313509899,tinba
41.84933614730835,4042,323021,79.91613062840179,96.58456673654958,7718.664852005686,2022,2020,103360,219661,51.117705242334324,108.74306930693069,48.316178609921636,48.26838812662795,2469.8121766179524,5248.852675387733,0.4997525977238991,0.6800208036010043,tinba
41.63410496711731,4049,323024,79.77871079278835,97.25200057015535,7758.63922750651,2026,2023,103361,219663,51.0172754195459,108.58279782501236,48.662028440388916,48.58997212976642,2482.604107417097,5276.035120089413,0.4996295381575698,0.6800206795779881,tinba
52.46738290786743,4058,323049,79.60793494332184,77.34328977539886,6157.1395807424415,2030,2028,103364,219685,50.91822660098522,108.3259368836292,38.690704347969366,38.65258542742949,1970.0620513416284,4187.077529400813,0.49975357318876296,0.6800361555058211,tinba
41.584157943725586,4039,323021,79.9754889824214,97.12833443605712,7767.886040571826,2021,2018,103360,219661,51.14299851558634,108.85084241823587,48.60023864700952,48.528095789047605,2485.5619329811498,5282.324107590676,0.49962862094577865,0.6800208036010043,tinba
54.12628102302551,4058,323055,79.60941350418926,74.97282139657281,5968.542340135493,2030,2028,103366,219689,50.919211822660095,108.32790927021696,37.50488601159261,37.4679353849802,1909.7192352090058,4058.823104926487,0.49975357318876296,0.6800359071984646,tinba
43.166313886642456,4045,323043,79.86229913473424,93.70732953067136,7483.682782095592,2024,2021,103360,219683,51.06719367588933,108.70014844136566,46.88841408407388,46.81891544659749,2394.459723186698,5089.223058908894,0.49962917181705807,0.68004259494866,tinba
55.14332294464111,4087,323027,79.03768045020797,74.11595423988099,5857.953107473951,2044,2043,103364,219663,50.56947162426614,107.51982378854626,37.06704440086047,37.04890983902052,1874.4608500247268,3983.492257449224,0.49987766087594815,0.6800143641243611,tinba
42.9546000957489,4043,323043,79.90180558990848,94.1226315921429,7520.568211085981,2022,2021,103360,219683,51.117705242334324,108.70014844136566,47.07295599290451,47.04967559923839,2406.2614893306677,5114.3067217553125,0.49987632945832305,0.68004259494866,tinba
52.29972505569458,4056,323055,79.64866863905326,77.55298896276642,6176.992319863537,2030,2026,103366,219689,50.919211822660095,108.43484698914116,38.81473560020114,38.738253362565274,1976.4157438671878,4200.576575996349,0.4995069033530572,0.6800359071984646,tinba
42.44495391845703,4045,323043,79.86229913473424,95.29990320571527,7610.869377326051,2023,2022,103360,219683,51.09243697478992,108.64638971315529,47.66173156617107,47.6381716395442,2435.1540161539506,5175.7153611721005,0.499876390605686,0.68004259494866,tinba
53.17958688735962,4060,323049,79.56871921182265,76.34508347346772,6074.680510103516,2031,2029,103364,219685,50.8931560807484,108.27254805322819,38.19134594448595,38.15373752898178,1943.678130086581,4131.002380016936,0.49975369458128077,0.6800361555058211,tinba
42.51362895965576,4044,323043,79.8820474777448,95.12243717979574,7598.575042995241,2023,2021,103360,219683,51.09243697478992,108.70014844136566,47.58474045863669,47.537696721159044,2431.2203528446307,5167.35469015061,0.4997527200791296,0.68004259494866,tinba
58.28645896911621,4169,323240,77.53418085871911,71.52604693671638,5545.713459300601,2082,2087,103366,219874,49.64745437079731,105.35409678965021,35.72013185949713,35.80591507721926,1773.4136166132469,3772.299842687354,0.5005996641880547,0.680219032297983,tinba
42.84718084335327,4051,323043,79.74401382374722,94.54531010593703,7539.422516058311,2025,2026,103360,219683,51.04197530864197,108.43188548864758,47.260985673789804,47.28432443214724,2412.2940638236614,5127.12845223465,0.5001234263144902,0.68004259494866,tinba
53.46955704689026,4059,323030,79.58364129095837,75.91235507038986,6041.381635473772,2030,2029,103365,219665,50.91871921182266,108.26269098077871,37.96552865062612,37.946826419763745,1933.15609308964,4108.225542384132,0.4998768169499877,0.6800142401634524,tinba
43.73401212692261,4047,323043,79.82283172720534,92.53667347635529,7386.539315498454,2024,2023,103360,219683,51.06719367588933,108.59268413247652,46.27976948755698,46.25690398879831,2363.377951696586,5023.161363801868,0.4998764516926118,0.68004259494866,tinba
53.94171500205994,4062,323052,79.53028064992614,75.30350119281302,5988.908583786467,2032,2030,103365,219687,50.868602362204726,108.22019704433498,37.670289124518966,37.63321206829404,1916.2349583444404,4072.6736254420266,0.499753815854259,0.6800360313509899,tinba
43.332062005996704,4048,323021,79.79767786561264,93.41812534653438,7454.549473212174,2025,2023,103360,219661,51.04197530864197,108.58180919426594,46.7321402734022,46.68598507313217,2385.3007499549885,5069.248723257186,0.49975296442687744,0.6800208036010043,tinba
53.290196895599365,4058,323052,79.60867422375554,76.14909000899384,6062.128098961429,2030,2028,103365,219687,50.91871921182266,108.32692307692308,38.09331018192644,38.0557798270674,1939.6625650023775,4122.465533959051,0.49975357318876296,0.6800360313509899,tinba
42.864338874816895,4047,323043,79.82283172720534,94.41414719632225,7536.404584319626,2025,2022,103360,219683,51.04197530864197,108.64638971315529,47.24206772239994,47.17207947392231,2411.3284542159295,5125.076130103696,0.49962935507783546,0.68004259494866,tinba
53.73858380317688,4055,323030,79.66214549938347,75.45788729475747,6011.1371967510495,2028,2027,103365,219665,50.968934911242606,108.36951159348791,37.73824794914134,37.71963934561612,1923.4783033841197,4087.6588933669295,0.4998766954377312,0.6800142401634524,tinba
42.96488690376282,4052,323043,79.72433366238894,94.30956979070112,7518.767609550213,2026,2026,103360,219683,51.016781836130306,108.43188548864758,47.15478489535056,47.15478489535056,2405.685373535752,5113.08223601446,0.5,0.68004259494866,tinba
53.37635922431946,4058,323052,79.60867422375554,76.02616699550173,6052.342360825733,2030,2028,103365,219687,50.91871921182266,108.32692307692308,38.03181838365414,37.994348611847585,1936.5314813923203,4115.810879433412,0.49975357318876296,0.6800360313509899,tinba
43.862622022628784,4044,323043,79.8820474777448,92.19695069559899,7364.881192769135,2023,2021,103360,219683,51.09243697478992,108.70014844136566,46.12127380247199,46.07567689312699,2356.4482749498293,5008.432917819306,0.4997527200791296,0.68004259494866,tinba
59.71771788597107,4139,323052,78.05073689296931,69.309413462572,5409.650794373233,2069,2070,103365,219687,49.95891735137748,106.12898550724638,34.64633400677977,34.66307945579223,1730.8933371729295,3678.757457200303,0.5001208021261174,0.6800360313509899,tinba
43.934433937072754,4043,323043,79.90180558990848,92.02349131869515,7352.843113051011,2022,2021,103360,219683,51.117705242334324,108.70014844136566,46.02312625436596,46.00036506432918,2352.596602201417,5000.2465108495935,0.49987632945832305,0.68004259494866,tinba
53.18592381477356,4056,323033,79.64324457593689,76.26077933938899,6073.655900478511,2028,2028,103366,219667,50.96942800788955,108.31706114398422,38.130389669694495,38.130389669694495,1943.4841511822688,4130.1717492962425,0.5,0.680014116204846,tinba
43.43096113204956,4046,323043,79.84256055363322,93.15934749172023,7438.080843244631,2024,2022,103360,219683,51.06719367588933,108.64638971315529,46.60269879467171,46.556648697048516,2379.8690451666344,5058.211798077997,0.49975284231339595,0.68004259494866,tinba
53.59590005874634,4056,323049,79.64718934911242,75.67743046677504,6027.494633841521,2029,2027,103364,219685,50.943321833415474,108.3793783917119,37.85737337699373,37.82005708978131,1928.5803557119661,4098.914278129555,0.4997534516765286,0.6800361555058211,tinba
42.391108989715576,4040,323043,79.96113861386138,95.30300330147382,7620.5366573064375,2023,2017,103360,219683,51.09243697478992,108.91571641051065,47.72227120764394,47.58073209382987,2438.2471339703798,5182.289523336058,0.49925742574257426,0.68004259494866,tinba
53.48117184638977,4062,323055,79.53101920236337,75.95196327535602,6040.537049709536,2032,2030,103366,219689,50.86909448818898,108.22118226600985,37.9946798068743,37.95728346848171,1932.7549571443747,4107.782092565162,0.499753815854259,0.6800359071984646,tinba
43.12073302268982,4046,323043,79.84256055363322,93.82957376608195,7491.593425139992,2024,2022,103360,219683,51.06719367588933,108.64638971315529,46.937977583428044,46.8915961826539,2396.9907920074716,5094.602633132521,0.49975284231339595,0.68004259494866,tinba
52.99702215194702,4060,323049,79.56871921182265,76.6080778719912,6095.606637553912,2031,2029,103364,219685,50.8931560807484,108.27254805322819,38.32290792069313,38.285169951298066,1950.3737342759848,4145.232903277928,0.49975369458128077,0.6800361555058211,tinba
43.524600982666016,4045,323043,79.86229913473424,92.93594676746032,7422.078381112654,2023,2022,103360,219683,51.09243697478992,108.64638971315529,46.47946113982008,46.45648562764024,2374.7489389084544,5047.329442204199,0.499876390605686,0.68004259494866,tinba
53.150161027908325,4056,323033,79.64324457593689,76.3120924105998,6077.742639958897,2029,2027,103366,219667,50.944307540660425,108.3704982733103,38.174860823744325,38.13723158685547,1944.7918501267402,4132.950789832156,0.4997534516765286,0.680014116204846,tinba
42.83809018135071,4049,323043,79.78340330945913,94.51868612393712,7541.022455306253,2026,2023,103360,219683,51.016781836130306,108.59268413247652,47.294358628574116,47.224327495363,2412.8059762336725,5128.21647907258,0.4996295381575698,0.68004259494866,tinba
53.084388971328735,4059,323049,79.58832224685884,76.46315759972853,6085.574427059547,2030,2029,103364,219685,50.91822660098522,108.27254805322819,38.24099776483097,38.22215983489755,1947.1637896374327,4138.410637422115,0.4998768169499877,0.6800361555058211,tinba
46.04118204116821,4103,323043,78.73336582988057,89.11587014276174,7016.392405198191,2051,2052,103360,219683,50.39492930277913,107.05799220272904,44.54707522856552,44.56879491419622,2244.946706789143,4771.445698409048,0.5001218620521569,0.68004259494866,tinba
53.32750701904297,4065,323055,79.47232472324723,76.22707730455897,6057.943040251981,2032,2033,103366,219689,50.86909448818898,108.0614854894245,38.10416262801078,38.12291467654819,1938.3242491176,4119.61879113438,0.5001230012300123,0.6800359071984646,tinba
43.016939878463745,4044,323043,79.8820474777448,94.0094765323977,7509.669467718929,2024,2020,103360,219683,51.06719367588933,108.7539603960396,47.05123157803485,46.95824495436285,2402.7743556846253,5106.895112034304,0.49950544015825915,0.68004259494866,tinba
43.32124400138855,4050,323046,79.76444444444445,93.48762006627021,7456.9880770193395,2027,2023,103362,219684,50.99259990133202,108.59317844784972,46.789976759093754,46.69764330717645,2385.9425642690917,5071.045512750248,0.49950617283950616,0.6800393751973404,tinba
47.18983197212219,4101,323049,78.77322604242867,86.90431452315197,6845.733211994568,2050,2051,103363,219686,50.4209756097561,107.11165285226718,43.44156175870801,43.46275276444396,2190.3659258855296,4655.367286109038,0.5001219214825652,0.6800392510114565,tinba
47.26589393615723,4100,323226,78.83560975609755,86.74330809310268,6838.461585780782,2049,2051,103360,219866,50.44411908247926,107.19941491955144,43.35049714213839,43.39281095096429,2186.7776401227056,4651.6839456580765,0.5002439024390244,0.6802237443769994,tinba
55.858001947402954,4105,323030,78.69183922046285,73.4899183086669,5783.056835870565,2052,2053,103365,219665,50.37280701754386,106.99707744763761,36.73600788535554,36.75391042331137,1850.4958358039842,3932.561000066581,0.500121802679659,0.6800142401634524,tinba
46.73551893234253,4108,323043,78.63753651411879,87.89888491335715,6912.151771924448,2054,2054,103360,219683,50.321324245374875,106.9537487828627,43.949442456678575,43.949442456678575,2211.5941442659673,4700.557627658481,0.5,0.68004259494866,tinba
54.76376295089722,4054,323052,79.68722249629995,74.02705332054947,5899.010268700086,2028,2026,103365,219687,50.968934911242606,108.43385982230997,37.03178691023047,36.995266410319005,1887.4707366745426,4011.5395320255434,0.4997533300444006,0.6800360313509899,tinba
44.72094702720642,4091,323043,78.96431190417991,91.47838478266573,7223.5277084690015,2044,2047,103360,219683,50.567514677103716,107.31949193942354,45.70565106227542,45.772733720390306,2311.2211809181936,4912.306527550808,0.5003666585186995,0.68004259494866,tinba
55.22468590736389,4054,323052,79.68722249629995,73.40919976983378,5849.775235334076,2028,2026,103365,219687,50.968934911242606,108.43385982230997,36.7227077289647,36.68649204086908,1871.7173000021876,3978.0579353318876,0.4997533300444006,0.6800360313509899,tinba
42.202239990234375,4046,323043,79.84256055363322,95.871688349629,7654.641082434306,2024,2022,103360,219683,51.06719367588933,108.64638971315529,47.95953959951782,47.91214875011118,2449.1590973350603,5205.481985099245,0.49975284231339595,0.68004259494866,tinba
54.455157995224,4110,323052,78.60145985401459,75.4749439963147,5932.44078051033,2054,2056,103365,219687,50.32375851996105,106.85165369649805,37.71910826482491,37.75583573148979,1898.167295907316,4034.273484603014,0.5002433090024331,0.6800360313509899,tinba
42.18236494064331,4044,323046,79.88278931750742,95.86944699972354,7658.318836664858,2023,2021,103361,219685,51.09293129016312,108.70113805047006,47.95843008912975,47.91101691059379,2450.336773327998,5207.982063336861,0.4997527200791296,0.6800424707317224,tinba
53.13370609283447,4065,323049,79.47084870848708,76.50510944780868,6079.925978353049,2034,2031,103364,219685,50.8180924287119,108.16592811422944,38.280785391597256,38.22432405621142,1945.3564902738735,4134.569488079175,0.4996309963099631,0.6800361555058211,tinba
43.36529016494751,4045,323043,79.86229913473424,93.27736502198258,7449.344827885369,2024,2021,103360,219683,51.06719367588933,108.70014844136566,46.673272386772,46.60409263521058,2383.473040462823,5065.871787422546,0.49962917181705807,0.68004259494866,tinba
55.92672896385193,4101,323055,78.77468910021946,73.32808615806351,5776.397189415558,2050,2051,103366,219689,50.42243902439024,107.1131155533886,36.65510281005369,36.672983348009815,1848.2396863726876,3928.1575030428708,0.5001219214825652,0.6800359071984646,tinba
42.68413496017456,4048,323021,79.79767786561264,94.83617282573238,7567.70636915536,2025,2023,103360,219661,51.04197530864197,108.58180919426594,47.44151432117294,47.39465850455944,2421.508602585894,5146.197766569467,0.49975296442687744,0.6800208036010043,tinba
53.61221504211426,4061,323049,79.54912583107608,75.74766304302001,6025.660378819151,2032,2029,103364,219685,50.868110236220474,108.27254805322819,37.901810219999184,37.845852823020834,1927.993460423226,4097.666918395926,0.49963063284905196,0.6800361555058211,tinba
42.868391036987305,4046,323043,79.84256055363322,94.381895427544,7535.69220084036,2024,2022,103360,219683,51.06719367588933,108.64638971315529,47.214274924703176,47.16762050284082,2411.100521846502,5124.591678993857,0.49975284231339595,0.68004259494866,tinba
53.3662588596344,4054,323055,79.68796250616676,75.96560236052817,6053.544072664141,2028,2026,103366,219689,50.96942800788955,108.43484698914116,38.00153961202544,37.96406274850273,1936.9167374440933,4116.627335220047,0.4997533300444006,0.6800359071984646,tinba
42.549604177474976,4051,323043,79.74401382374722,95.20652608431384,7592.1505321784725,2026,2025,103360,219683,51.016781836130306,108.48543209876543,47.615014032786924,47.591512051526905,2429.1647830349734,5162.9857491435,0.49987657368550975,0.68004259494866,tinba
56.52804493904114,4109,323027,78.61450474568021,72.68958274483178,5714.455547655092,2056,2053,103364,219663,50.27431906614786,106.9961032635168,36.37132687353958,36.318255871292195,1828.5436920994869,3885.9118555556056,0.49963494767583355,0.6800143641243611,tinba
42.79081106185913,4048,323043,79.80311264822134,94.59974932814762,7549.354452127665,2025,2023,103360,219683,51.04197530864197,108.59268413247652,47.32324416736633,47.276505160781284,2415.471860315548,5133.882591812118,0.49975296442687744,0.68004259494866,tinba
53.369760036468506,4059,323055,79.58980044345898,76.05430485777738,6053.146946496495,2031,2028,103366,219689,50.89414081733136,108.32790927021696,38.05525823260554,37.99904662517185,1936.7896713301348,4116.3572751663605,0.49963045084996305,0.6800359071984646,tinba
44.06035089492798,4078,323228,79.26140264835703,92.55486888256807,7336.02872956712,2037,2041,103360,219868,50.74128620520373,107.72562469377756,46.23204215639803,46.32282672617004,2345.8732829088367,4990.155446658283,0.5004904364884747,0.6802257230190454,tinba
64.01863503456116,4064,323030,79.4857283464567,63.48151593369658,5045.874530527069,2032,2032,103365,219665,50.868602362204726,108.10285433070867,31.74075796684829,31.74075796684829,1614.6079956905874,3431.266534836481,0.5,0.6800142401634524,tinba
42.235065937042236,4047,323043,79.82283172720534,95.82085194403784,7648.6917406863895,2024,2023,103360,219683,51.06719367588933,108.59268413247652,47.922264476089104,47.898587467948744,2447.255561387633,5201.436179298756,0.4998764516926118,0.68004259494866,tinba
66.45603799819946,4122,323052,78.372634643377,62.0259667016514,4861.138426710792,2061,2061,103365,219687,50.1528384279476,106.59243085880641,31.0129833508257,31.0129833508257,1555.3891431625902,3305.7492835482026,0.5,0.6800360313509899,tinba
42.90278697013855,4048,323043,79.80311264822134,94.3528447887899,7529.650701359944,2025,2023,103360,219683,51.04197530864197,108.59268413247652,47.199730903483086,47.15311388530681,2409.167499350129,5120.483202009815,0.49975296442687744,0.68004259494866,tinba
53.17793107032776,4060,323052,79.56945812807882,76.34746065300386,6074.926073614336,2031,2029,103365,219687,50.89364844903988,108.27353376047314,38.19253511976622,38.154925533237645,1943.7574557629912,4131.168617851345,0.49975369458128077,0.6800360313509899,tinba
42.20566391944885,4043,323043,79.90180558990848,95.79283026364003,7654.020100632467,2023,2020,103360,219683,51.09243697478992,108.7539603960396,47.931955385442436,47.86087487819759,2448.96040960916,5205.059691023307,0.4996289883749691,0.68004259494866,tinba
53.08360695838928,4058,323052,79.60867422375554,76.4454458262595,6085.720592672446,2030,2028,103365,219687,50.91871921182266,108.32692307692308,38.24156112057831,38.20388470568119,1947.2113129204815,4138.509279751965,0.49975357318876296,0.6800360313509899,tinba
43.35945105552673,4060,323226,79.61231527093597,93.63587179184316,7454.568545761157,2031,2029,103360,219866,50.89118660758247,108.36175455889601,46.84099891853041,46.794872873312755,2383.7940168484997,5070.774528912658,0.49975369458128077,0.6802237443769994,tinba
56.15551710128784,4114,323052,78.52503646086534,73.26083370543215,5752.809637872452,2060,2054,103365,219687,50.17718446601942,106.95569620253164,36.68383992056155,36.576993784870595,1840.6918026159442,3912.117835256508,0.4992707826932426,0.6800360313509899,tinba
41.94466304779053,4045,323043,79.86229913473424,96.43658349075888,7701.647278270759,2023,2022,103360,219683,51.09243697478992,108.64638971315529,48.23021221305444,48.20637127770444,2464.199077776227,5237.448200494532,0.499876390605686,0.68004259494866,tinba
52.574135065078735,4063,323052,79.51070637460005,77.28134747191994,6144.694527073266,2033,2030,103365,219687,50.84358091490408,108.22019704433498,38.669204875809314,38.61214259611063,1966.0808470182142,4178.613680055052,0.4996308146689638,0.6800360313509899,tinba
43.28926205635071,4078,323226,79.26091221186856,94.20350004330325,7466.655346983016,2038,2040,103360,219866,50.71638861629048,107.77745098039216,47.07864960476999,47.124850438533265,2387.6590888856854,5078.996258097331,0.5002452182442374,0.6802237443769994,tinba
53.08901381492615,4057,323055,79.6290362336702,76.41882394242859,6085.157300646109,2030,2027,103366,219689,50.919211822660095,108.38135175135669,38.23766640451812,38.18115753791046,1947.031835255872,4138.125465390237,0.49963026867143207,0.6800359071984646,tinba
43.27611207962036,4055,323043,79.66535141800247,93.70065389745548,7464.695520837414,2028,2027,103360,219683,50.96646942800789,108.37839171188949,46.86188066684087,46.83877323061461,2388.384608345499,5076.310912491915,0.4998766954377312,0.68004259494866,tinba
53.4599769115448,4054,323049,79.68648248643315,75.83243080534383,6042.819669273686,2028,2026,103364,219685,50.968441814595664,108.43287265547877,37.934920985011665,37.89750982033217,1933.483812965851,4109.335856307835,0.4997533300444006,0.6800361555058211,tinba
42.777087926864624,4047,323043,79.82283172720534,94.60672046959105,7551.77632830692,2024,2023,103360,219683,51.06719367588933,108.59268413247652,47.3150487349771,47.29167173461396,2416.2467575332175,5135.529570773702,0.4998764516926118,0.68004259494866,tinba
53.52959203720093,4054,323055,79.68796250616676,75.73381088319582,6035.073082109232,2028,2026,103366,219689,50.96942800788955,108.43484698914116,37.885586697365845,37.84822418582998,1931.0066837080462,4104.066398401185,0.4997533300444006,0.6800359071984646,tinba
43.31853890419006,4046,323043,79.84256055363322,93.40111883618133,7457.384486454899,2024,2022,103360,219683,51.06719367588933,108.64638971315529,46.723644222548444,46.67747461363288,2386.045388756229,5071.339097698671,0.49975284231339595,0.68004259494866,tinba
42.81589198112488,4050,323043,79.7637037037037,94.59104581507768,7544.932151417318,2025,2025,103360,219683,51.04197530864197,108.48543209876543,47.29552290753884,47.29552290753884,2414.0569124559083,5130.875238961409,0.5,0.68004259494866,tinba
53.2753210067749,4065,323049,79.47084870848708,76.30174578362583,6063.764495363971,2033,2032,103364,219685,50.843089030988686,108.1126968503937,38.16025810039639,38.14148768322945,1940.185400043961,4123.57909532001,0.4998769987699877,0.6800361555058211,tinba
45.433310985565186,4107,323043,78.65668371073777,90.39622935041764,7110.26762065911,2054,2053,103360,219683,50.321324245374875,107.0058451047248,45.20911981635204,45.1871095340656,2274.982777126654,4835.284843532457,0.4998782566350134,0.68004259494866,tinba
55.09693622589111,4053,323033,79.70219590426845,73.56125907587975,5862.993881830413,2027,2026,103366,219667,50.994573260976814,108.42398815399802,36.78970445270374,36.77155462317601,1876.0752789630856,3986.9186028673266,0.4998766345916605,0.680014116204846,tinba
44.071908950805664,4042,323043,79.921573478476,91.71374910289902,7329.907137913856,2022,2020,103360,219683,51.117705242334324,108.7539603960396,45.879564741727314,45.8341843611717,2345.2580671142114,4984.6490707996445,0.4997525977238991,0.68004259494866,tinba
63.499070167541504,4077,323049,79.23693892568065,64.20566457497544,5087.460322610067,2038,2039,103364,219685,50.71835132482826,107.74153997057381,32.09495815643855,32.1107064185369,1627.8033635339127,3459.6569590761546,0.5001226391954868,0.6800361555058211,tinba
42.800880908966064,4044,323046,79.88278931750742,94.48403663936855,7547.648392730331,2023,2021,103361,219685,51.09293129016312,108.70113805047006,47.26538232478798,47.218654314580576,2414.926931523683,5132.721461206647,0.4997527200791296,0.6800424707317224,tinba
52.87050914764404,4057,323030,79.62287404486074,76.73464972070887,6109.833349588511,2029,2028,103365,219665,50.94381468703795,108.31607495069034,38.37678192835058,38.35786779235829,1955.0596668427588,4154.773682745752,0.49987675622381067,0.6800142401634524,tinba
47.13493490219116,4112,323043,78.56104085603113,87.23890270629917,6853.578999744894,2055,2057,103360,219683,50.29683698296837,106.79776373359262,43.598235666693775,43.6406670396054,2192.853352072734,4660.7256476721595,0.5002431906614786,0.68004259494866,tinba
53.730180978775024,4054,323052,79.68722249629995,75.45107658582887,6012.486727480313,2028,2026,103365,219687,50.968934911242606,108.43385982230997,37.74414980662579,37.70692677920308,1923.7791147741,4088.707612706213,0.4997533300444006,0.6800360313509899,tinba
42.391501903533936,4047,323021,79.81739560168026,95.46724740277779,7619.947052950997,2024,2023,103360,219661,51.06719367588933,108.58180919426594,47.74541851821652,47.721828884561276,2438.224534606156,5181.722518344842,0.4998764516926118,0.6800208036010043,tinba
54.82824492454529,4099,323116,78.82800683093437,74.76073701868535,5893.239888394617,2047,2052,103429,219687,50.527112848070345,107.05994152046783,37.33477157288336,37.425965445801985,1886.4182164200065,4006.8216719746106,0.5006099048548427,0.6799013357432006,tinba
42.957679986953735,4047,323043,79.82283172720534,94.20899827991352,7520.029016886114,2025,2022,103360,219683,51.04197530864197,108.64638971315529,47.13941722679142,47.0695810531221,2406.08897015366,5113.940046732454,0.49962935507783546,0.68004259494866,tinba
53.387096881866455,4068,323087,79.42158308751229,76.19818715749916,6051.780652447132,2036,2032,103365,219722,50.768664047151276,108.13090551181102,38.13655581432357,38.06163134317559,1936.1419900528272,4115.638662394304,0.4995083579154376,0.6800706930331458,tinba
43.269768953323364,4044,323043,79.8820474777448,93.46017087270344,7465.789806931439,2023,2021,103360,219683,51.09243697478992,108.70014844136566,46.75319626000966,46.706974612693784,2388.734733284527,5077.055073646911,0.4997527200791296,0.68004259494866,tinba
54.60157084465027,4058,323030,79.60325283390833,74.32020612640659,5916.1301589485265,2030,2028,103365,219665,50.91871921182266,108.31607495069034,37.1784175546095,37.14178857179708,1893.0774042030598,4023.0527547454662,0.49975357318876296,0.6800142401634524,tinba
42.68423795700073,4044,323021,79.87660731948566,94.74223257947926,7567.688108322445,2023,2021,103360,219661,51.09243697478992,108.68926274121722,47.39454414151497,47.34768843796429,2421.502759499252,5146.185348823194,0.4997527200791296,0.6800208036010043,tinba
53.67005014419556,4055,323052,79.66757090012331,75.55424280591156,6019.22299554509,2029,2026,103365,219687,50.94381468703795,108.43385982230997,37.80506995146598,37.74917285444558,1925.9344778379898,4093.2885177071007,0.4996300863131936,0.6800360313509899,tinba
42.35322093963623,4048,323046,79.80385375494072,95.57714644110295,7627.424616900332,2025,2023,103361,219685,51.04246913580247,108.59367276322294,47.81218417569997,47.764962265402986,2440.451935103469,5186.972681796863,0.49975296442687744,0.6800424707317224,tinba
53.319278955459595,4058,323049,79.60793494332184,76.10755583153818,6058.7653533323255,2030,2028,103364,219685,50.91822660098522,108.3259368836292,38.0725328580637,38.035022973474476,1938.5858553403432,4120.179497991982,0.49975357318876296,0.6800361555058211,tinba
42.43946290016174,4053,323043,79.70466321243524,95.50073735698841,7611.854107577993,2027,2026,103360,219683,50.99161322150962,108.43188548864758,47.76215016595497,47.73858719103343,2435.4690878900374,5176.385019687956,0.4998766345916605,0.68004259494866,tinba
55.553552865982056,4113,323033,78.53950887430099,74.03666890436769,5814.80361443827,2057,2056,103366,219667,50.25085075352455,106.84192607003891,37.02733477663125,37.00933412773644,1860.6550736612862,3954.148540776984,0.49987843423292,0.680014116204846,tinba
42.86084604263306,4044,323043,79.8820474777448,94.3518472775244,7537.018743836131,2023,2021,103360,219683,51.09243697478992,108.70014844136566,47.19925495609096,47.15259232143343,2411.524959101118,5125.493784735013,0.4997527200791296,0.68004259494866,tinba
53.401731967926025,4059,323027,79.5829021926583,76.0087706975104,6048.998564204161,2030,2029,103364,219663,50.91822660098522,108.26170527353376,38.013748340957406,37.995022356552994,1935.5926519776951,4113.405912226466,0.4998768169499877,0.6800143641243611,tinba
44.64978504180908,4077,323043,79.23546725533481,91.31062996568485,7235.040430710016,2039,2038,103360,219683,50.691515448749385,107.79342492639843,45.666513245040825,45.644116720644035,2314.9047616515054,4920.135669058511,0.4998773608045131,0.68004259494866,tinba
53.51250100135803,4058,323033,79.60399211434203,75.83274793859881,6036.589468913107,2030,2028,103366,219667,50.919211822660095,108.31706114398422,37.93506119156126,37.897686747037554,1931.6234163186803,4104.966052594427,0.49975357318876296,0.680014116204846,tinba
42.36138916015625,4045,323043,79.86229913473424,95.48789782853949,7625.88306012976,2023,2022,103360,219683,51.09243697478992,108.64638971315529,47.75575211548464,47.73214571305484,2439.9577551440893,5185.925304985671,0.499876390605686,0.68004259494866,tinba
53.33629608154297,4060,323049,79.56871921182265,76.12077137476675,6056.832283706163,2030,2030,103364,219685,50.91822660098522,108.2192118226601,38.06038568738337,38.06038568738337,1937.9673429510813,4118.864940755082,0.5,0.6800361555058211,tinba
43.28630208969116,4045,323021,79.85686032138443,93.44757590099931,7462.430016098071,2023,2022,103360,219661,51.09243697478992,108.63550939663699,46.73533894875689,46.71223695224243,2387.8223597348056,5074.607656363266,0.499876390605686,0.6800208036010043,tinba
52.988861083984375,4057,323055,79.6290362336702,76.56326097611124,6096.658682434709,2029,2028,103366,219689,50.944307540660425,108.32790927021696,38.291066433455676,38.272194542655555,1950.7118644458253,4145.946817988884,0.49987675622381067,0.6800359071984646,tinba
43.36905908584595,4046,323043,79.84256055363322,93.29231681026864,7448.697454112608,2024,2022,103360,219683,51.06719367588933,108.64638971315529,46.66921631833508,46.62310049193356,2383.2659084303923,5065.431545682216,0.49975284231339595,0.68004259494866,tinba
53.1154420375824,4058,323052,79.60867422375554,76.39962776039252,6082.073077193279,2031,2027,103365,219687,50.89364844903988,108.38036507153429,38.23746771349364,38.162160046898876,1946.0442393920584,4136.02883780122,0.49950714637752586,0.6800360313509899,tinba
42.11936092376709,4047,323021,79.81739560168026,96.08407894233649,7669.180939963548,2024,2023,103360,219661,51.06719367588933,108.58180919426594,48.05391049648853,48.03016844584797,2453.978354208031,5215.202585755517,0.4998764516926118,0.6800208036010043,tinba
52.45082879066467,4055,323052,79.66757090012331,77.31050382795321,6159.140045037717,2028,2027,103365,219687,50.968934911242606,108.38036507153429,38.664784651809896,38.645719176143324,1970.7028922753107,4188.437152762406,0.4998766954377312,0.6800360313509899,tinba
44.31958508491516,4063,323043,79.50849126261383,91.67504596930226,7288.94459144999,2031,2032,103360,219683,50.89118660758247,108.1117125984252,45.82624129058648,45.84880467871577,2332.151797043338,4956.792794406652,0.500123061777012,0.68004259494866,tinba
53.14818811416626,4060,323052,79.56945812807882,76.39018645901565,6078.32574284678,2031,2029,103365,219687,50.89364844903988,108.27353376047314,38.21390854636965,38.176277912646,1944.8452274226977,4133.480515424081,0.49975369458128077,0.6800360313509899,tinba
47.8088219165802,4133,323413,78.25139124122913,86.44848030791294,6764.713854784188,2064,2069,103360,220053,50.07751937984496,106.357177380377,43.171948549608594,43.27653175830435,2161.9440901586936,4602.769764625494,0.5006048874909267,0.6804086415821257,tinba
52.8863410949707,4064,323052,79.49114173228347,76.84403790956284,6108.420308750024,2033,2031,103365,219687,50.84358091490408,108.16691285081241,38.44092742867649,38.403110480886355,1954.474404163869,4153.945904586155,0.499753937007874,0.6800360313509899,tinba
42.83190107345581,4043,323043,79.90180558990848,94.39226134432698,7542.112115126248,2023,2020,103360,219683,51.09243697478992,108.7539603960396,47.23115129843519,47.16111004589179,2413.154620962067,5128.95749416418,0.4996289883749691,0.68004259494866,tinba
42.679368019104004,4049,323043,79.78340330945913,94.87019578611378,7569.067092450866,2026,2023,103360,219683,51.016781836130306,108.59268413247652,47.47024368057953,47.399952105534254,2421.7790655600693,5147.288026890797,0.4996295381575698,0.68004259494866,tinba
55.981456995010376,4086,323030,79.05775819872736,72.98845402262727,5770.303549419796,2045,2041,103365,219665,50.54523227383863,107.62616364527193,36.5299531268411,36.45850089578616,1846.4149657486214,3923.888583671174,0.49951052373959864,0.6800142401634524,tinba
43.23081016540527,4043,323043,79.90180558990848,93.5212637591359,7472.51783540503,2022,2021,103360,219683,51.117705242334324,108.70014844136566,46.77219770491536,46.74906605422054,2390.8874158160493,5081.630419588982,0.49987632945832305,0.68004259494866,tinba
53.60154104232788,4058,323052,79.60867422375554,75.70677859421042,6026.916273636488,2030,2028,103365,219687,50.91871921182266,108.32692307692308,37.87204547714322,37.83473311706721,1928.3960496280338,4098.520224008454,0.49975357318876296,0.6800360313509899,tinba
42.567476987838745,4047,323043,79.82283172720534,95.07258325778157,7588.962815256617,2025,2022,103360,219683,51.04197530864197,108.64638971315529,47.57152979911235,47.50105345866922,2428.1448494006186,5160.817965855999,0.49962935507783546,0.68004259494866,tinba
53.08928394317627,4055,323055,79.66831072749692,76.38076272304293,6085.126338222598,2028,2027,103366,219689,50.96942800788955,108.38135175135669,38.19979945803479,38.180963265008145,1947.0219283921224,4138.104409830476,0.4998766954377312,0.6800359071984646,tinba
42.694215059280396,4041,323043,79.94135115070527,94.64982537772673,7566.434926873787,2021,2020,103360,219683,51.14299851558634,108.7539603960396,47.33662387735355,47.31320150037317,2420.9368846923617,5145.498042181425,0.4998762682504331,0.68004259494866,tinba
53.0381019115448,4066,323049,79.4513034923758,76.66186860874359,6090.885389125925,2035,2031,103364,219685,50.79312039312039,108.16592811422944,38.36864304446464,38.293225564278956,1948.8631054781538,4142.022283647771,0.49950811608460405,0.6800361555058211,tinba
41.9550359249115,4041,323021,79.93590695372433,96.31740054358026,7699.218767876228,2022,2019,103360,219661,51.117705242334324,108.79692917285784,48.19445283323912,48.12294771034114,2463.5898342451014,5235.6289336311265,0.49962880475129917,0.6800208036010043,tinba
53.218597173690796,4068,323055,79.41371681415929,76.43944440555568,6070.3403914544715,2034,2034,103366,219689,50.81907571288102,108.00835791543756,38.21972220277784,38.21972220277784,1942.2909563482467,4128.049435106224,0.5,0.6800359071984646,tinba
43.04544997215271,4050,323043,79.7637037037037,94.08659922523883,7504.695623091068,2028,2022,103360,219683,50.96646942800789,108.64638971315529,47.112993389823295,46.97360583541553,2401.182937264367,5103.512685826702,0.49925925925925924,0.68004259494866,tinba
53.09675192832947,4060,323049,79.56871921182265,76.46418759249585,6084.157472307436,2030,2030,103364,219685,50.91822660098522,108.2192118226601,38.23209379624792,38.23209379624792,1946.7104153474731,4137.447056959963,0.5,0.6800361555058211,tinba
43.15698313713074,4050,323043,79.7637037037037,93.84344561646441,7485.3007906862995,2026,2024,103360,219683,51.016781836130306,108.53903162055336,46.94489402937207,46.898551587092335,2394.977417016731,5090.323373669568,0.4997530864197531,0.68004259494866,tinba
55.41145205497742,4103,323055,78.73629051913234,74.04606534997745,5830.112513194484,2051,2052,103366,219689,50.39785470502194,107.06091617933723,37.01400926951103,37.03205608046642,1865.426661215152,3964.6858519793313,0.5001218620521569,0.6800359071984646,tinba
41.9991409778595,4047,323043,79.82283172720534,96.35911368124027,7691.657316760292,2025,2022,103360,219683,51.04197530864197,108.64638971315529,48.21527185681037,48.143841824429906,2461.002715614775,5230.654601145517,0.49962935507783546,0.68004259494866,tinba
52.4118230342865,4058,323049,79.60793494332184,77.42527859306398,6163.666541205206,2030,2028,103364,219685,50.91822660098522,108.3259368836292,38.73171896104482,38.69355963201916,1972.150442704156,4191.51609850105,0.49975357318876296,0.6800361555058211,tinba
43.8240270614624,4074,323108,79.30976926853215,92.96270272666382,7372.850503830853,2037,2037,103425,219683,50.77319587628866,107.84634266077565,46.48135136333191,46.48135136333191,2360.006757365048,5012.8437464658045,0.5,0.6799057900144844,tinba
52.352823972702026,4067,323055,79.43324317678879,77.68444357692391,6170.7272976993245,2034,2033,103366,219689,50.81907571288102,108.0614854894245,38.85177237164083,38.832671205283084,1974.411161734034,4196.31613596529,0.4998770592574379,0.6800359071984646,tinba
42.21750593185425,4041,323069,79.94778520168275,95.71858665745947,7652.489005899226,2021,2020,103378,219691,51.151904997525975,108.7579207920792,47.87113675692294,47.84744990053653,2448.6998395136957,5203.789166385531,0.4998762682504331,0.6800126288811369,tinba
54.79608106613159,4093,323055,78.92865868556072,74.69512272347164,5895.585846916963,2048,2045,103366,219689,50.4716796875,107.42738386308068,37.37493558213289,37.32018714133875,1886.3757770423576,4009.210069874606,0.49963352064500366,0.6800359071984646,tinba
42.31828308105469,4046,323043,79.84256055363322,95.60879377479608,7633.650906423987,2024,2022,103360,219683,51.06719367588933,108.64638971315529,47.82802733568643,47.78076643910966,2442.443135087228,5191.20777133676,0.49975284231339595,0.68004259494866,tinba
53.522528886795044,4055,323027,79.66140567200986,75.76248888718784,6035.34636196341,2028,2027,103364,219663,50.968441814595664,108.36852491366551,37.89058630412255,37.87190258306529,1931.2241433625857,4104.122218600824,0.4998766954377312,0.6800143641243611,tinba
41.46396994590759,4044,323021,79.87660731948566,97.53045849868349,7790.402135188734,2023,2021,103360,219661,51.09243697478992,108.68926274121722,48.78934657340176,48.741111925281736,2492.7666148427115,5297.6355203460225,0.4997527200791296,0.6800208036010043,tinba
53.088874101638794,4061,323055,79.55060329967988,76.4943704065979,6085.173314874041,2030,2031,103366,219689,50.919211822660095,108.16789758739537,38.23776703407873,38.256603372519166,1947.0369592337843,4138.1363556402575,0.5001231223836493,0.6800359071984646,tinba
43.65991282463074,4045,323021,79.85686032138443,92.64791746716483,7398.571804242534,2023,2022,103360,219661,51.09243697478992,108.63550939663699,46.335410886544985,46.312506580619846,2367.389060421794,5031.18274382074,0.499876390605686,0.6800208036010043,tinba
52.933403968811035,4056,323049,79.64718934911242,76.62458288890397,6102.9326621492955,2029,2027,103364,219685,50.943321833415474,108.3793783917119,38.33118310689994,38.29339978200404,1952.7177972703823,4150.2148648789125,0.4997534516765286,0.6800361555058211,tinba
42.35576009750366,4047,323043,79.82283172720534,95.54780720930846,7626.896536772087,2025,2022,103360,219683,51.04197530864197,108.64638971315529,47.809317914220316,47.738489295088144,2440.282024500648,5186.614512271438,0.49962935507783546,0.68004259494866,tinba
52.04882001876831,4061,323055,79.55060329967988,78.0229023162416,6206.76895044901,2032,2029,103366,219689,50.86909448818898,108.2745194677181,39.040270255258044,38.98263206098355,1985.9431964591552,4220.825753989855,0.49963063284905196,0.6800359071984646,tinba
42.48395299911499,4042,323021,79.91613062840179,95.14180566210968,7603.3649695151735,2022,2020,103360,219661,51.117705242334324,108.74306930693069,47.594441130328,47.54736453178168,2432.9186128737397,5170.446356641433,0.4997525977238991,0.6800208036010043,tinba
54.353718996047974,4064,323052,79.49114173228347,74.76949277924278,5943.512347765733,2031,2033,103365,219687,50.89364844903988,108.06050172159371,37.366348384508385,37.40314439473439,1901.709798505519,4041.8025492602137,0.500246062992126,0.6800360313509899,tinba
42.13679218292236,4041,323021,79.93590695372433,95.90193725372808,7666.008332995916,2022,2019,103360,219661,51.117705242334324,108.79692917285784,47.986566970313824,47.91537028341425,2452.963185980038,5213.045147015878,0.49962880475129917,0.6800208036010043,tinba
53.06489014625549,4060,323052,79.56945812807882,76.51009902800095,6087.867120983686,2031,2029,103365,219687,50.89364844903988,108.27353376047314,38.27389436597782,38.23620466202314,1947.8981246377632,4139.968996345923,0.49975369458128077,0.6800360313509899,tinba
42.9089789390564,4062,323043,79.52806499261447,94.66550126418196,7528.56413709629,2031,2031,103360,219683,50.89118660758247,108.16494337764648,47.33275063209098,47.33275063209098,2408.8198450679092,5119.744292028381,0.5,0.68004259494866,tinba
52.65686798095703,4057,323052,79.62829677101307,77.04598005082991,6135.040164501037,2030,2027,103365,219687,50.91871921182266,108.38036507153429,38.55147633797997,38.49450371284995,1962.9917988548273,4172.048365646209,0.49963026867143207,0.6800360313509899,tinba
41.894237995147705,4048,323043,79.80311264822134,96.62426609761584,7710.917191939752,2025,2023,103360,219683,51.04197530864197,108.59268413247652,48.33600267976089,48.28826341785496,2467.1650552988076,5243.752136640944,0.49975296442687744,0.68004259494866,tinba
52.6368350982666,4057,323052,79.62829677101307,77.07530273098814,6137.375079578797,2030,2027,103365,219687,50.91871921182266,108.38036507153429,38.56614851957257,38.50915421141556,1963.7388875495658,4173.636192029231,0.49963026867143207,0.6800360313509899,tinba
42.23362183570862,4050,323043,79.7637037037037,95.89516181573886,7648.953273689315,2026,2024,103360,219683,51.016781836130306,108.53903162055336,47.971258725601714,47.92390309013715,2447.3392408085847,5201.6140328807305,0.4997530864197531,0.68004259494866,tinba
52.86709499359131,4057,323052,79.62829677101307,76.7396052401177,6110.644060150482,2029,2028,103365,219687,50.94381468703795,108.32692307692308,38.37926029879192,38.360344941325785,1955.1859244872483,4155.458135663233,0.49987675622381067,0.6800360313509899,tinba
42.69597792625427,4042,323021,79.91613062840179,94.6693388070759,7565.607246610704,2022,2020,103360,219661,51.117705242334324,108.74306930693069,47.358090813435794,47.311247993640116,2420.836927040912,5144.770319569792,0.4997525977238991,0.6800208036010043,tinba
44.996581077575684,4103,323043,78.73336582988057,91.18470563188532,7179.278786605199,2052,2051,103360,219683,50.370370370370374,107.11019015114579,45.60346477129629,45.581240860589034,2297.0634107023316,4882.215375902867,0.499878137947843,0.68004259494866,tinba
52.88019394874573,4056,323052,79.64792899408285,76.7016853972073,6109.130392243248,2029,2027,103365,219687,50.94381468703795,108.38036507153429,38.36975337054576,38.33193202666154,1954.7016052964332,4154.428786946814,0.4997534516765286,0.6800360313509899,tinba
43.96693205833435,4079,323043,79.19661681784751,92.7742694120225,7347.408265179697,2041,2038,103360,219683,50.641842234198926,107.79342492639843,46.42125125519439,46.35301815682811,2350.857682379663,4996.550582800034,0.4996322628095121,0.68004259494866,tinba
52.79373288154602,4063,323055,79.51144474526212,76.95989236290993,6119.192229214833,2031,2032,103366,219689,50.89414081733136,108.11466535433071,38.47047536034212,38.4894170025678,1957.9217902989287,4161.270438915904,0.500123061777012,0.6800359071984646,tinba
42.889070987701416,4054,323043,79.68500246669956,94.52291473421045,7532.058693755192,2027,2027,103360,219683,50.99161322150962,108.37839171188949,47.26145736710522,47.26145736710522,2409.937954348296,5122.120739406895,0.5,0.68004259494866,tinba
52.850909948349,4059,323049,79.58832224685884,76.80094825173012,6112.458618323026,2031,2028,103364,219685,50.8931560807484,108.3259368836292,38.428855851013516,38.3720924007166,1955.7657588302125,4156.692859492814,0.49963045084996305,0.6800361555058211,tinba
44.72644114494324,4078,323021,79.2106424717999,91.17649192755096,7222.148503906189,2040,2038,103360,219661,50.666666666666664,107.78263002944063,45.61060410304167,45.56588782450928,2310.9372745541114,4911.211229352077,0.49975478175576266,0.6800208036010043,tinba
52.66761612892151,4062,323055,79.53101920236337,77.12519188369764,6133.845116688316,2032,2030,103366,219689,50.86909448818898,108.22118226600985,38.58158294132782,38.54360894236982,1962.6101881463048,4171.234928542011,0.499753815854259,0.6800359071984646,tinba
41.80809307098389,4053,323043,79.70466321243524,96.9429529617295,7726.8054166336005,2027,2026,103360,219683,50.99161322150962,108.43188548864758,48.48343588784251,48.45951707388699,2472.2486104427244,5254.556806190876,0.4998766345916605,0.68004259494866,tinba
52.47872805595398,4061,323049,79.54912583107608,77.38373528546789,6155.808495502369,2031,2030,103364,219685,50.8931560807484,108.2192118226601,38.70139531267799,38.68233997278991,1969.6361521908652,4186.172343311503,0.49987687761635063,0.6800361555058211,tinba
42.54995107650757,4052,323043,79.72433366238894,95.22925167914391,7592.088635287682,2027,2025,103360,219683,50.99161322150962,108.48543209876543,47.63812762922624,47.59112404991768,2429.1449786664157,5162.943656621267,0.4997532082922014,0.68004259494866,tinba
54.804720878601074,4051,323055,79.746976055295,73.91698990627911,5894.656424135522,2026,2025,103366,219689,51.01974333662389,108.4883950617284,36.967618254781904,36.949371651497216,1886.0783951252647,4008.5780290102575,0.49987657368550975,0.6800359071984646,tinba
42.61049222946167,4045,323043,79.86229913473424,94.92967080073329,7581.301766250008,2023,2022,103360,219683,51.09243697478992,108.64638971315529,47.47656959947675,47.45310120125654,2425.6936400404925,5155.608126209516,0.499876390605686,0.68004259494866,tinba
53.12866687774658,4050,323027,79.75975308641975,76.23003244781921,6080.088565807827,2026,2024,103364,219663,51.018756169792695,108.52915019762845,38.133838454143635,38.09619399367558,1945.5410059102187,4134.547559897608,0.4997530864197531,0.6800143641243611,tinba
42.79326605796814,4042,323021,79.91613062840179,94.45411328325982,7548.407255534851,2022,2020,103360,219661,51.117705242334324,108.74306930693069,47.25042480424328,47.203688479016535,2415.3332877183907,5133.073967816461,0.4997525977238991,0.6800208036010043,tinba
54.15800094604492,4107,323425,78.74969564158754,75.83367052435358,5971.878473177272,2052,2055,103366,220059,50.37329434697856,107.08467153284671,37.889138523490026,37.94453200086355,1908.6007273972077,4063.2777457800644,0.5003652300949598,0.6804019479013682,tinba
43.40619397163391,4050,323021,79.75827160493827,93.30465607389324,7441.8181011469305,2026,2024,103360,219661,51.016781836130306,108.52816205533597,46.67536622363153,46.629289850261706,2381.226975752495,5060.591125394435,0.4997530864197531,0.6800208036010043,tinba
52.95538401603699,4065,323052,79.47158671586716,76.76273292190568,6100.456185950177,2032,2033,103365,219687,50.868602362204726,108.06050172159371,38.371924550384335,38.39080837152134,1951.9261718260223,4148.530014124155,0.5001230012300123,0.6800360313509899,tinba
45.52679800987244,4088,323043,79.0222602739726,89.79326855171149,7095.667038344064,2045,2043,103360,219683,50.54278728606357,107.52961331375428,44.918599361117906,44.874669190593586,2270.311212696893,4825.3558256471715,0.4997553816046967,0.68004259494866,tinba
53.502633810043335,4058,323052,79.60867422375554,75.846733347887,6038.057886027991,2030,2028,103365,219687,50.91871921182266,108.32692307692308,37.942057342585166,37.90467600530183,1931.9609641459683,4106.096921882023,0.49975357318876296,0.6800360313509899,tinba
44.62837290763855,4048,323043,79.80311264822134,90.70462883281922,7238.511712460579,2026,2022,103360,219683,51.016781836130306,108.64638971315529,45.397128956346776,45.30749987647245,2316.0154239526173,4922.496288507961,0.49950592885375494,0.68004259494866,tinba
52.93317103385925,4057,323052,79.62829677101307,76.64381182462878,6103.0161936332215,2030,2027,103365,219687,50.91871921182266,108.38036507153429,38.350243530686825,38.293568293941966,1952.7452820440608,4150.270911589161,0.49963026867143207,0.6800360313509899,tinba
43.473552942276,4053,323021,79.6992351344683,93.22909506341836,7430.287568833077,2026,2027,103360,219661,51.016781836130306,108.36753823384312,46.603046286327555,46.6260487770908,2377.537445288656,5052.7501235444215,0.5001233654083395,0.6800208036010043,tinba
53.596792221069336,4056,323052,79.64792899408285,75.67617075421826,6027.450274776064,2029,2027,103365,219687,50.94381468703795,108.38036507153429,37.85674321013532,37.81942754408294,1928.5669107519159,4098.883364024148,0.4997534516765286,0.6800360313509899,tinba
42.69558095932007,4045,323043,79.86229913473424,94.74048388881361,7566.1928644979025,2024,2021,103360,219683,51.06719367588933,108.70014844136566,47.40537438589833,47.33510950291528,2420.859435042713,5145.333429455189,0.49962917181705807,0.68004259494866,tinba
53.73442220687866,4055,323030,79.66214549938347,75.46373131897025,6011.60274425819,2028,2027,103365,219665,50.968934911242606,108.36951159348791,37.74117068184258,37.72256063712767,1923.6272719569322,4087.975472301258,0.4998766954377312,0.6800142401634524,tinba
43.229888916015625,4048,323043,79.80311264822134,93.63891745972806,7472.6770782961785,2025,2023,103360,219683,51.04197530864197,108.59268413247652,46.842590873505266,46.79632658622279,2390.938366758274,5081.738711537905,0.49975296442687744,0.68004259494866,tinba
53.43596291542053,4062,323052,79.53028064992614,76.01622163016715,6045.59144019418,2032,2030,103365,219687,50.868602362204726,108.22019704433498,38.026824803668056,37.989396826499096,1934.371430035014,4111.220010159165,0.499753815854259,0.6800360313509899,tinba
43.52993202209473,4045,323021,79.85686032138443,92.92456505438274,7420.664011973243,2023,2022,103360,219661,51.09243697478992,108.63550939663699,46.47376887639464,46.45079617798811,2374.458107298146,5046.205904675097,0.499876390605686,0.6800208036010043,tinba
53.759194135665894,4056,323055,79.64866863905326,75.44755953306033,6009.297668873965,2029,2027,103366,219689,50.944307540660425,108.38135175135669,37.74238123584305,37.70517829721728,1922.7594769956395,4086.538191878326,0.4997534516765286,0.6800359071984646,tinba
43.061997175216675,4044,323043,79.8820474777448,93.91111107887559,7501.811833890506,2023,2021,103360,219683,51.09243697478992,108.70014844136566,46.978777871554236,46.932333207321356,2400.2602475550398,5101.551586335467,0.4997527200791296,0.68004259494866,tinba
55.15491199493408,4105,323049,78.6964677222899,74.4267346556013,5857.121121499962,2052,2053,103364,219685,50.372319688109165,107.00681928884559,37.20430195208133,37.222432703519964,1874.0669917031844,3983.054129796777,0.500121802679659,0.6800361555058211,tinba
42.80277705192566,4048,323021,79.79767786561264,94.57330292119174,7546.729961192263,2025,2023,103360,219661,51.04197530864197,108.58180919426594,47.3100144306851,47.263288490506646,2414.7965884225246,5131.9333727697385,0.49975296442687744,0.6800208036010043,tinba
53.58636999130249,4081,323055,79.16074491546189,76.15742586524111,6028.678562336551,2039,2042,103366,219689,50.69445806768024,107.58521057786484,38.050720739825195,38.106705125415914,1928.9606669900788,4099.717895346472,0.5003675569713305,0.6800359071984646,tinba
42.09606099128723,4046,323043,79.84256055363322,96.11350574671143,7673.948402603782,2024,2022,103360,219683,51.06719367588933,108.64638971315529,48.08050806508748,48.032997681623954,2455.3366173949807,5218.6117852088,0.49975284231339595,0.68004259494866,tinba
52.75104308128357,4062,323049,79.52954209748893,77.00321667082305,6124.030561864282,2032,2030,103364,219685,50.868110236220474,108.2192118226601,38.52056530652694,38.48265136429611,1959.4683623739425,4164.56219949034,0.499753815854259,0.6800361555058211,tinba
42.12756705284119,4046,323043,79.84256055363322,96.04162506999387,7668.2092653203235,2024,2022,103360,219683,51.06719367588933,108.64638971315529,48.04454996086693,47.997075109126946,2453.5003379225327,5214.708927397792,0.49975284231339595,0.68004259494866,tinba
55.23548603057861,4098,323055,78.83235724743777,74.19143551540995,5848.68574925104,2049,2049,103366,219689,50.44704734016594,107.21766715470962,37.095717757704975,37.095717757704975,1871.3694298403768,3977.316319410663,0.5,0.6800359071984646,tinba
42.726309061050415,4041,323043,79.94135115070527,94.57872886295723,7560.751375421008,2021,2020,103360,219683,51.14299851558634,108.7539603960396,47.301066823072645,47.27766203988458,2419.118390318055,5141.632985102953,0.4998762682504331,0.68004259494866,tinba
52.90489721298218,4043,323027,79.89784813257482,76.42014658347924,6105.80526599593,2023,2020,103364,219663,51.094414236282745,108.74405940594059,38.23842605450866,38.18172052897058,1953.7699805725322,4152.035285423398,0.4996289883749691,0.6800143641243611,tinba
42.49603509902954,4052,323046,79.72507403751234,95.35007184923313,7601.791537662233,2025,2027,103361,219685,51.04246913580247,108.3793783917119,47.65150431754618,47.69856753168696,2432.250438402909,5169.541099259324,0.5002467917077986,0.6800424707317224,tinba
43.225942850112915,4046,323043,79.84256055363322,93.60119717988826,7473.359253727791,2024,2022,103360,219683,51.06719367588933,108.64638971315529,46.82373284530248,46.77746433458578,2391.156633839162,5082.202619888629,0.49975284231339595,0.68004259494866,tinba
52.6476891040802,4064,323052,79.49114173228347,77.19237195702554,6136.109779887061,2033,2031,103365,219687,50.84358091490408,108.16691285081241,38.615180164525825,38.577191792499725,1963.3340372386679,4172.775742648394,0.499753937007874,0.6800360313509899,tinba
42.149837017059326,4047,323043,79.82283172720534,96.01460613862055,7664.157749157004,2025,2022,103360,219683,51.04197530864197,108.64638971315529,48.042890395529184,47.971715743091366,2452.2040253243936,5211.953723832611,0.49962935507783546,0.68004259494866,tinba
53.66433310508728,4057,323052,79.62829677101307,75.59956055086808,6019.864243302695,2030,2027,103365,219687,50.91871921182266,108.38036507153429,37.82773180139566,37.77182874947241,1926.1396540154,4093.7245892872947,0.49963026867143207,0.6800360313509899,tinba
41.838011026382446,4047,323043,79.82283172720534,96.73021973841013,7721.280053114708,2025,2022,103360,219683,51.04197530864197,108.64638971315529,48.40096243397097,48.32925730443916,2470.480729469254,5250.799323645454,0.49962935507783546,0.68004259494866,tinba
54.44072508811951,4075,323235,79.32147239263804,74.85205227160502,5937.374997794416,2039,2036,103365,219870,50.69396763119176,107.99115913555993,37.45357903847918,37.39847323312584,1898.6705234489455,4038.704474345471,0.4996319018404908,0.6802171794514826,tinba
42.46869492530823,4046,323043,79.84256055363322,95.27017505755471,7606.614720988048,2024,2022,103360,219683,51.06719367588933,108.64638971315529,47.65863428484694,47.61154077270776,2433.792707352658,5172.82201363539,0.49975284231339595,0.68004259494866,tinba
53.169731855392456,4059,323030,79.58364129095837,76.34042637339984,6075.449108499471,2030,2029,103365,219665,50.91871921182266,108.26269098077871,38.17961703325984,38.160809340140005,1944.0571993314793,4131.391909167991,0.4998768169499877,0.6800142401634524,tinba
42.12390112876892,4044,323021,79.87660731948566,96.00250431786603,7668.354339085411,2023,2021,103360,219661,51.09243697478992,108.68926274121722,48.0249916506041,47.97751266726193,2453.713859123302,5214.64047996211,0.4997527200791296,0.6800208036010043,tinba
53.52805209159851,4054,323052,79.68722249629995,75.73598966505817,6035.190659416964,2028,2026,103365,219687,50.968934911242606,108.43385982230997,37.88667662573704,37.849313039321125,1931.0435549404879,4104.147104476476,0.4997533300444006,0.6800360313509899,tinba
42.48694109916687,4046,323021,79.83712308452793,95.22926092882075,7602.830226022888,2024,2022,103360,219661,51.06719367588933,108.63550939663699,47.638167108238555,47.591093820582195,2432.7475060807988,5170.082719942089,0.49975284231339595,0.6800208036010043,tinba
56.75137901306152,4130,323052,78.22082324455207,72.77356201422818,5692.40793119139,2065,2065,103365,219687,50.05569007263922,106.3859564164649,36.38678100711409,36.38678100711409,1821.365432833098,3871.0424983582916,0.5,0.6800360313509899,tinba
42.75652599334717,4046,323046,79.84330202669302,94.62882930735648,7555.4781988196455,2024,2022,103361,219685,51.06768774703557,108.64737883283877,47.3378028962159,47.291026411140585,2417.43213693467,5138.046061884976,0.49975284231339595,0.6800424707317224,tinba
53.65575098991394,4057,323027,79.6221345822036,75.61165252840509,6020.361173599485,2029,2028,103364,219663,50.943321833415474,108.31508875739645,37.815144929784054,37.79650759862103,1926.4290983352387,4093.932075264246,0.49987675622381067,0.6800143641243611,tinba
43.198360204696655,4041,323021,79.93590695372433,93.54521747704327,7477.621800210837,2022,2019,103360,219661,51.117705242334324,108.79692917285784,46.8073322787878,46.73788519825547,2392.6834146070755,5084.938385603762,0.49962880475129917,0.6800208036010043,tinba
57.482672929763794,4096,323055,78.870849609375,71.25625499365295,5620.0413713316775,2049,2047,103366,219689,50.44704734016594,107.32242305813385,35.64552404345578,35.61073095019716,1798.2114388852367,3821.8299324464406,0.499755859375,0.6800359071984646,tinba
42.82804989814758,4049,323043,79.78340330945913,94.5408443678667,7542.790315418317,2024,2025,103360,219683,51.06719367588933,108.48543209876543,47.25874759213688,47.282096775729826,2413.371616167622,5129.418699250694,0.5001234872808101,0.68004259494866,tinba
53.802566051483154,4057,323049,79.62755730835593,75.40532539131863,6004.34186895245,2030,2027,103364,219685,50.91822660098522,108.3793783917119,37.73054240679734,37.674782984521286,1921.1723080473892,4083.1695609050607,0.49963026867143207,0.6800361555058211,tinba
45.29473304748535,4088,323043,79.0222602739726,90.25331920411783,7132.021280737728,2044,2044,103360,219683,50.567514677103716,107.47700587084148,45.126659602058915,45.126659602058915,2281.9430217557774,4850.078258981951,0.5,0.68004259494866,tinba
52.82240009307861,4058,323033,79.60399211434203,76.82346869603384,6115.4547962754805,2030,2028,103366,219667,50.919211822660095,108.31706114398422,38.430665710435854,38.39280298559799,1956.8592077955234,4158.595588479957,0.49975357318876296,0.680014116204846,tinba
42.78764986991882,4056,323043,79.64571005917159,94.79370828570573,7549.9122055570115,2028,2028,103360,219683,50.96646942800789,108.3249506903353,47.39685414285287,47.39685414285287,2415.6503176554597,5134.261887901552,0.5,0.68004259494866,tinba
58.70977210998535,4127,323027,78.271625878362,70.29494156898764,5502.099367629117,2062,2065,103364,219663,50.128031037827355,106.37433414043583,35.12192137515205,35.17302019383558,1760.5927648017537,3741.5066028273636,0.5003634601405379,0.6800143641243611,tinba
42.42784404754639,4045,323043,79.86229913473424,95.3383347847467,7613.93861158688,2023,2022,103360,219683,51.09243697478992,108.64638971315529,47.68095210619099,47.657382678555706,2436.13604038354,5177.8025712033395,0.499876390605686,0.68004259494866,tinba
52.72650504112244,4058,323055,79.60941350418926,76.9631895160714,6126.994378786211,2030,2028,103366,219689,50.919211822660095,108.32790927021696,38.50056055141078,38.46262896466062,1960.4181980084368,4166.576180777774,0.49975357318876296,0.6800359071984646,tinba
42.299309968948364,4049,323043,79.78340330945913,95.72260169190332,7637.074936615838,2026,2023,103360,219683,51.016781836130306,108.59268413247652,47.89676241733666,47.82583927456667,2443.5386789022295,5193.536257713608,0.4996295381575698,0.68004259494866,tinba
53.39120697975159,4058,323052,79.60867422375554,76.00502460150379,6050.65924286964,2030,2028,103365,219687,50.91871921182266,108.32692307692308,38.02124197660243,37.98378262490135,1935.9929442913847,4114.666298578256,0.49975357318876296,0.6800360313509899,tinba
42.291800022125244,4050,323021,79.75827160493827,95.7632448342519,7637.910891260465,2026,2024,103360,219661,51.016781836130306,108.52816205533597,47.90526766276404,47.85797717148787,2443.972589152661,5193.938302107805,0.4997530864197531,0.6800208036010043,tinba
54.66364097595215,4094,323052,78.90864680019541,74.89438915715566,5909.81490131838,2048,2046,103365,219687,50.47119140625,107.37390029325513,37.465488274024125,37.428900883131526,1890.9278298068866,4018.8870715114936,0.49975574010747437,0.6800360313509899,tinba
42.929439067840576,4043,323043,79.90180558990848,94.17779704996667,7524.976030772294,2022,2021,103360,219683,51.117705242334324,108.70014844136566,47.10054554415845,47.07725150580822,2407.6718038794347,5117.304226892858,0.49987632945832305,0.68004259494866,tinba
53.0912389755249,4064,323052,79.49114173228347,76.5474695716464,6084.8457529674,2033,2031,103365,219687,50.84358091490408,108.16691285081241,38.29257028522567,38.25489928642073,1946.9313957365232,4137.914357230877,0.499753937007874,0.6800360313509899,tinba
43.91196608543396,4084,323043,79.09965719882469,93.00426202858414,7356.605244490672,2042,2042,103360,219683,50.617042115572964,107.58227228207639,46.50213101429207,46.50213101429207,2353.8003240143134,5002.804920476358,0.5,0.68004259494866,tinba
54.20236897468567,4059,323052,79.58906134515891,74.88602577307441,5960.10849914837,2030,2029,103365,219687,50.91871921182266,108.27353376047314,37.452237575595234,37.43378819747918,1907.0199689662077,4053.0885301821627,0.4998768169499877,0.6800360313509899,tinba
42.48917293548584,4043,323043,79.90180558990848,95.1536525820062,7602.948649777152,2022,2021,103360,219683,51.117705242334324,108.70014844136566,47.58859399476046,47.56505858724574,2432.6197207212863,5170.328929055866,0.49987632945832305,0.68004259494866,tinba
52.850098848342896,4060,323052,79.56945812807882,76.82104837023026,6112.609191650154,2031,2029,103365,219687,50.89364844903988,108.27353376047314,38.42944562560041,38.39160274462985,1955.8146957608005,4156.794495889353,0.49975369458128077,0.6800360313509899,tinba
42.5768940448761,4046,323043,79.84256055363322,95.02806841042728,7587.2843063543405,2025,2021,103360,219683,51.04197530864197,108.70014844136566,47.56100804031519,47.467060370112094,2427.6077980478904,5159.67650830645,0.4995056846267919,0.68004259494866,tinba
53.20569181442261,4050,323052,79.76592592592593,76.11967558144138,6071.756403934765,2026,2024,103365,219687,51.01924975320829,108.54100790513834,38.078632772345735,38.04104280909564,1942.7432756730095,4129.013128261756,0.4997530864197531,0.6800360313509899,tinba
43.2787652015686,4069,323226,79.4362251167363,94.01839403339822,7468.466313551037,2035,2034,103360,219866,50.79115479115479,108.09537856440511,47.02075002653364,46.99764400686458,2388.2381929938656,5080.228120557172,0.4998771196854264,0.6802237443769994,tinba
52.518407106399536,4056,323055,79.64866863905326,77.23006510427395,6151.271864462826,2029,2027,103366,219689,50.944307540660425,108.38135175135669,38.634073495210025,38.59599160906393,1968.186121688457,4183.085742774369,0.4997534516765286,0.6800359071984646,tinba
44.48230195045471,4060,323043,79.56724137931035,91.27225485142631,7262.281532997366,2031,2029,103360,219683,50.89118660758247,108.27156234598324,45.65860827666178,45.61364657476453,2323.620754050104,4938.660778947263,0.49975369458128077,0.68004259494866,tinba
43.086007833480835,4047,323043,79.82283172720534,93.92840514816038,7497.631278546374,2025,2022,103360,219683,51.04197530864197,108.64638971315529,46.99901666049538,46.92938848766501,2398.9226479154577,5098.708630630917,0.49962935507783546,0.68004259494866,tinba
54.60646891593933,4105,323049,78.6964677222899,75.17424366551144,5915.9474401704765,2052,2053,103364,219685,50.372319688109165,107.00681928884559,37.57796540843593,37.59627825707552,1892.8892867824422,4023.0581533880345,0.500121802679659,0.6800361555058211,tinba
42.437716007232666,4052,323043,79.72433366238894,95.48110457474708,7612.167439570587,2026,2026,103360,219683,51.016781836130306,108.43188548864758,47.74055228737354,47.74055228737354,2435.5693407813073,5176.59809878928,0.5,0.68004259494866,tinba
53.37221097946167,4055,323055,79.66831072749692,75.97586694619822,6052.868975660683,2028,2027,103366,219689,50.96942800788955,108.38135175135669,37.99730164411591,37.97856530208232,1936.7007306438288,4116.168245016854,0.4998766954377312,0.6800359071984646,tinba
47.00757098197937,4109,323107,78.63397420296909,87.41145126548253,6873.509803854043,2055,2054,103424,219683,50.327980535279806,106.9537487828627,43.71636221722233,43.695089048260186,2200.156226741607,4673.353577112435,0.49987831589194454,0.6799078942888889,tinba
52.945104122161865,4057,323049,79.62755730835593,76.62653737802006,6101.58399640917,2030,2027,103364,219685,50.91822660098522,108.3793783917119,38.341599920478366,38.284937457541695,1952.2862729952342,4149.297723413935,0.49963026867143207,0.6800361555058211,tinba
42.2531099319458,4043,323043,79.90180558990848,95.68526450506918,7645.425402303009,2023,2020,103360,219683,51.09243697478992,108.7539603960396,47.87813259801013,47.80713190705906,2446.2104722344675,5199.214930068542,0.4996289883749691,0.68004259494866,tinba
53.13783597946167,4059,323055,79.58980044345898,76.38624955613258,6079.566358796849,2030,2029,103366,219689,50.919211822660095,108.2745194677181,38.20253426926562,38.18371528686696,1945.2429346191675,4134.323424177682,0.4998768169499877,0.6800359071984646,tinba
42.362215995788574,4048,323021,79.79767786561264,95.55685189845664,7625.2148856451,2024,2024,103360,219661,51.06719367588933,108.52816205533597,47.77842594922832,47.77842594922832,2439.9101314783793,5185.304754166721,0.5,0.6800208036010043,tinba
52.829233169555664,4062,323049,79.52954209748893,76.88924779511738,6114.966669366046,2032,2030,103364,219685,50.868110236220474,108.2192118226601,38.4635528113438,38.42569498377358,1956.5682444841243,4158.398424881921,0.499753815854259,0.6800361555058211,tinba
43.74720215797424,4101,323046,78.77249451353329,93.74313779406964,7384.380807564745,2050,2051,103361,219685,50.42,107.11116528522672,46.86013959469465,46.88299819937499,2362.6882383645043,5021.6925692002405,0.5001219214825652,0.6800424707317224,tinba
52.892969846725464,4057,323052,79.62829677101307,76.70206478774918,6107.6547778683625,2030,2027,103365,219687,50.91871921182266,108.38036507153429,38.379391550192466,38.322673237556714,1954.2294618648493,4153.425316003513,0.49963026867143207,0.6800360313509899,tinba
42.541800022125244,4046,323043,79.84256055363322,95.10645994987863,7593.543287589876,2024,2022,103360,219683,51.06719367588933,108.64638971315529,47.57673626756162,47.529723682317,2429.6104054422776,5163.932882147599,0.49975284231339595,0.68004259494866,tinba
52.736868143081665,4059,323052,79.58906134515891,76.96702786724896,6125.733502481032,2031,2028,103365,219687,50.89364844903988,108.32692307692308,38.51195703335369,38.45507083389526,1960.0140023400315,4165.719500141,0.49963045084996305,0.6800360313509899,tinba
42.68104600906372,4044,323043,79.8820474777448,94.74931797925521,7568.769517302804,2023,2021,103360,219683,51.09243697478992,108.70014844136566,47.39808859348004,47.35122938577517,2421.683854187888,5147.085663114916,0.4997527200791296,0.68004259494866,tinba
53.879464864730835,4056,323052,79.64792899408285,75.27914410774025,5995.827924628625,2029,2027,103365,219687,50.94381468703795,108.38036507153429,37.65813200064225,37.621012107098,1918.4488981007325,4077.3790265278926,0.4997534516765286,0.6800360313509899,tinba
42.648808002471924,4046,323043,79.84256055363322,94.86783311190067,7574.4907098288995,2024,2022,103360,219683,51.06719367588933,108.64638971315529,47.45736387011541,47.41046924178526,2423.5143921023364,5150.976317726563,0.49975284231339595,0.68004259494866,tinba
53.88005709648132,4065,323052,79.47158671586716,75.44535434921556,5995.76202047301,2032,2033,103365,219687,50.868602362204726,108.06050172159371,37.71339730322411,37.73195704599145,1918.4278111455515,4077.3342093274587,0.5001230012300123,0.6800360313509899,tinba
42.63381886482239,4046,323043,79.84256055363322,94.90118661029442,7577.153738544078,2024,2022,103360,219683,51.06719367588933,108.64638971315529,47.47404886288579,47.42713774740863,2424.366447859622,5152.787290684456,0.49975284231339595,0.68004259494866,tinba
52.660640001297,4058,323052,79.60867422375554,77.05945085171874,6134.600718715979,2030,2028,103365,219687,50.91871921182266,108.32692307692308,38.54871494060844,38.5107359111103,1962.8511920374342,4171.749526678545,0.49975357318876296,0.6800360313509899,tinba
45.501344203948975,4093,323043,78.92572685072074,89.9533864681909,7099.636409685754,2047,2046,103360,219683,50.49340498290181,107.37194525904204,44.98768192044631,44.96570454774458,2271.5812424510655,4828.055167234688,0.4998778402150012,0.68004259494866,tinba
53.062803983688354,4059,323052,79.58906134515891,76.49426142741622,6088.106465299253,2031,2028,103365,219687,50.89364844903988,108.32692307692308,38.27539910300132,38.21886232441491,1947.9747061948456,4140.131759104407,0.49963045084996305,0.6800360313509899,tinba
42.3130989074707,4045,323046,79.86304079110012,95.59687435906105,7634.6570764393655,2024,2021,103361,219685,51.06768774703557,108.70113805047006,47.833887194744015,47.762987164317025,2442.766014988111,5191.891061451255,0.49962917181705807,0.6800424707317224,tinba
54.76113986968994,4107,323027,78.6527879230582,74.99843885231482,5898.836305611565,2053,2054,103364,219663,50.34778373112518,106.94401168451802,37.490088863842786,37.508349988472034,1887.5428861774212,4011.293419434144,0.5001217433649866,0.6800143641243611,tinba
42.70294690132141,4045,323043,79.86229913473424,94.72414185717076,7564.887752278372,2024,2021,103360,219683,51.06719367588933,108.70014844136566,47.39719730999101,47.32694454717976,2420.4418547236514,5144.44589755472,0.49962917181705807,0.68004259494866,tinba
53.3862190246582,4058,323055,79.60941350418926,76.01212586577216,6051.2807593807365,2030,2028,103366,219689,50.919211822660095,108.32790927021696,38.024794358678534,37.98733150709363,1936.192558462643,4115.088200918093,0.49975357318876296,0.6800359071984646,tinba
43.045506954193115,4047,323043,79.82283172720534,94.01678099195384,7504.685688654248,2025,2022,103360,219683,51.04197530864197,108.64638971315529,47.04323733844984,46.973543653503995,2401.179758667741,5103.505929986507,0.49962935507783546,0.68004259494866,tinba
52.560585021972656,4054,323027,79.68105574740997,77.13003952115922,6145.802978885421,2028,2026,103364,219663,50.968441814595664,108.42201382033564,38.58404542400367,38.54599409715554,1966.568674165047,4179.234304720374,0.4997533300444006,0.6800143641243611,tinba
42.48440194129944,4050,323092,79.7758024691358,95.32910468166345,7604.955824643952,2027,2023,103385,219707,51.00394671928959,108.60454770143352,47.71162844190909,47.61747623975436,2433.481354941673,5171.47446970228,0.49950617283950616,0.6800137422158394,tinba
55.0130569934845,4118,323150,78.47255949490044,74.85495671487075,5874.060044295892,2061,2057,103447,219703,50.19262493934983,106.80748663101605,37.46383336312497,37.39112335174578,1880.4081367856327,3993.6519075102597,0.4995143273433706,0.6798793130125329,tinba
42.806856870651245,4048,323043,79.80311264822134,94.56428936681273,7546.524636838756,2025,2023,103360,219683,51.04197530864197,108.59268413247652,47.30550542682702,47.25878393998571,2414.5664399589336,5131.958196879822,0.49975296442687744,0.68004259494866,tinba
53.04477095603943,4057,323030,79.62287404486074,76.4825623125457,6089.761425640039,2029,2028,103365,219665,50.94381468703795,108.31607495069034,38.250707156064884,38.23185515648082,1948.6369370067257,4141.124488633313,0.49987675622381067,0.6800142401634524,tinba
42.44370102882385,4046,323043,79.84256055363322,95.32627697222561,7611.0940415073355,2025,2021,103360,219683,51.04197530864197,108.70014844136566,47.71025973029087,47.61601724193474,2435.2258991224026,5175.868142384933,0.4995056846267919,0.68004259494866,tinba
55.70456409454346,4114,323052,78.52503646086534,73.85391245531687,5799.381168331314,2057,2057,103365,219687,50.25036460865338,106.7997083130773,36.92695622765844,36.92695622765844,1855.59301432762,3943.788154003694,0.5,0.6800360313509899,tinba
42.439560890197754,4050,323043,79.7637037037037,95.4298280907856,7611.836532328804,2026,2024,103360,219683,51.016781836130306,108.53903162055336,47.73847696590905,47.69135112487656,2435.463464558914,5176.37306776989,0.4997530864197531,0.68004259494866,tinba
53.11519813537598,4062,323052,79.53028064992614,76.47528659588322,6082.101005754128,2033,2029,103365,219687,50.84358091490408,108.27353376047314,38.27529730414342,38.1999892917398,1946.0531755252264,4136.047830228901,0.499507631708518,0.6800360313509899,tinba
43.2875030040741,4049,323043,79.78340330945913,93.5373888306498,7462.73121758943,2026,2023,103360,219683,51.016781836130306,108.59268413247652,46.80334644872721,46.734042381922585,2387.7561149755406,5074.97510261389,0.4996295381575698,0.68004259494866,tinba
52.97830510139465,4052,323055,79.72729516288253,76.48413803055642,6097.87344804082,2027,2025,103366,219689,50.994573260976814,108.4883950617284,38.260944666322274,38.22319336423414,1951.1005458209513,4146.772902219869,0.4997532082922014,0.6800359071984646,tinba
42.725383043289185,4045,323043,79.86229913473424,94.67439989716704,7560.915244989007,2024,2021,103360,219683,51.06719367588933,108.70014844136566,47.3723078842685,47.30209201289854,2419.1708215997987,5141.744423389208,0.49962917181705807,0.68004259494866,tinba
45.957319021224976,4088,323043,79.0222602739726,88.95209918820534,7029.195933966589,2045,2043,103360,219683,50.54278728606357,107.52961331375428,44.49780891386495,44.45429027434039,2249.0432906293795,4780.15264333721,0.4997553816046967,0.68004259494866,tinba
53.02836489677429,4057,323049,79.62755730835593,76.50622469497992,6092.00379134547,2029,2028,103364,219685,50.943321833415474,108.3259368836292,38.26254126352336,38.24368343145657,1949.2209537520102,4142.78283759346,0.49987675622381067,0.6800361555058211,tinba
44.04877185821533,4068,323043,79.41076696165192,92.35217756113889,7333.7572507087,2033,2035,103360,219683,50.8411214953271,107.95233415233415,46.153386672024425,46.19879088911446,2346.4899392132043,4987.267311495495,0.5002458210422812,0.68004259494866,tinba
52.77050995826721,4056,323055,79.64866863905326,76.86111055602132,6121.88512590618,2029,2027,103366,219689,50.944307540660425,108.38135175135669,38.44950525595839,38.411605300062924,1958.7834205457839,4163.101705360396,0.4997534516765286,0.6800359071984646,tinba
42.67110800743103,4046,323043,79.84256055363322,94.81825499575504,7570.532266088407,2024,2022,103360,219683,51.06719367588933,108.64638971315529,47.4325625584301,47.385692437324934,2422.2478587150867,5148.28440737332,0.49975284231339595,0.68004259494866,tinba
52.82062005996704,4056,323049,79.64718934911242,76.78819361444904,6115.9637965863285,2029,2027,103364,219685,50.943321833415474,108.3793783917119,38.41302880762256,38.37516480682648,1956.887289142976,4159.076507443352,0.4997534516765286,0.6800361555058211,tinba
41.54482293128967,4043,323043,79.90180558990848,97.31657796897231,7775.7702935519965,2023,2020,103360,219683,51.09243697478992,108.7539603960396,48.69439456622087,48.62218340275144,2487.9152854001923,5287.855008151804,0.4996289883749691,0.68004259494866,tinba
52.38925790786743,4063,327393,80.57912872261875,77.55406665895622,6249.2391202745885,2033,2030,103063,224330,50.6950319724545,110.50738916256158,38.8056651532508,38.748401505705424,1967.2544356564126,4281.984684618176,0.4996308146689638,0.6852009664226175,tinba
41.96660590171814,4045,323021,79.85686032138443,96.3861602120746,7697.096132970222,2024,2021,103360,219661,51.06719367588933,108.68926274121722,48.22882281068949,48.15733740138511,2462.9106352336294,5234.185497736593,0.49962917181705807,0.6800208036010043,tinba
54.644858837127686,4083,323052,79.12123438648052,74.71883150379487,5911.8461804957,2042,2041,103365,219687,50.61949069539667,107.63694267515923,37.368565743509464,37.35026576028542,1891.577765953896,4020.268414541804,0.49987754102375703,0.6800360313509899,tinba
42.15860199928284,4049,323043,79.78340330945913,96.04208412956572,7662.564332790146,2025,2024,103360,219683,51.04197530864197,108.53903162055336,48.03290204059535,48.00918208897037,2451.694199958487,5210.870132831659,0.4998765127191899,0.68004259494866,tinba
52.43640494346619,4055,323052,79.66757090012331,77.33176987194031,6160.834259104823,2028,2027,103365,219687,50.968934911242606,108.38036507153429,38.675420296003686,38.65634957593662,1971.2449797319628,4189.589279372861,0.4998766954377312,0.6800360313509899,tinba
41.941235065460205,4049,323043,79.78340330945913,96.53983707633985,7702.276756891098,2026,2023,103360,219683,51.016781836130306,108.59268413247652,48.30568286408114,48.23415421225871,2464.400484122126,5237.876272768972,0.4996295381575698,0.68004259494866,tinba
52.414921045303345,4054,323052,79.68722249629995,77.3443881847316,6163.3594701169,2028,2026,103365,219687,50.968934911242606,108.43385982230997,38.69127262916519,38.65311555556641,1972.0529562690633,4191.306513847837,0.4997533300444006,0.6800360313509899,tinba
43.66407299041748,4044,323043,79.8820474777448,92.6161881620044,7398.370739964983,2023,2021,103360,219683,51.09243697478992,108.70014844136566,46.33099620468223,46.28519195732218,2367.1635035669574,5031.207236398025,0.4997527200791296,0.68004259494866,tinba
52.63347387313843,4053,323052,79.70688378978535,77.00422757139073,6137.767018355026,2027,2026,103365,219687,50.99407992106561,108.43385982230997,38.51161344367358,38.492614127717154,1963.8642938358755,4173.90272451915,0.4998766345916605,0.6800360313509899,tinba
41.85413408279419,4051,323043,79.74401382374722,96.78852731695446,7718.3056603433515,2026,2025,103360,219683,51.016781836130306,108.48543209876543,48.4062099096889,48.38231740726556,2469.5290504765276,5248.776609866824,0.49987657368550975,0.68004259494866,tinba
52.5134220123291,4059,323052,79.58906134515891,77.29452479876531,6151.798675853839,2029,2030,103365,219687,50.94381468703795,108.22019704433498,38.63774102406869,38.65678377469662,1968.3539186559194,4183.44475719792,0.5001231830500124,0.6800360313509899,tinba
42.52958106994629,4055,323043,79.66535141800247,95.34540190581569,7595.724948917489,2027,2028,103360,219683,50.99161322150962,108.3249506903353,47.66094442986151,47.68445747595419,2430.308444139361,5165.416504778128,0.5001233045622688,0.68004259494866,tinba
55.291603088378906,4103,323052,78.7355593468194,74.20656611170605,5842.69549001191,2051,2052,103365,219687,50.39736713798147,107.05994152046783,37.09424009142313,37.11232602028292,1869.4520365918831,3973.2434534200265,0.5001218620521569,0.6800360313509899,tinba
42.622745990753174,4047,323043,79.82283172720534,94.94930244236211,7579.122191472197,2025,2022,103360,219683,51.04197530864197,108.64638971315529,47.509843697994384,47.43945874436773,2424.9962689504687,5154.125922521728,0.49962935507783546,0.68004259494866,tinba
55.100778102874756,4100,323033,78.78853658536585,74.4091125599929,5862.585087217607,2048,2052,103366,219667,50.4716796875,107.05019493177387,37.168259151918406,37.2408534080745,1875.9444704576163,3986.6406167599907,0.5004878048780488,0.680014116204846,tinba
43.10832595825195,4046,323043,79.84256055363322,93.8565789800868,7493.749590574438,2024,2022,103360,219683,51.06719367588933,108.64638971315529,46.95148686497669,46.90509211511011,2397.680673104738,5096.0689174697,0.49975284231339595,0.68004259494866,tinba
53.72562289237976,4052,323027,79.72038499506417,75.42025167612752,6012.531500045519,2027,2025,103364,219663,50.99358658115442,108.47555555555556,37.72873893077752,37.69151274535001,1923.9237152643746,4088.6077847811453,0.4997532082922014,0.6800143641243611,tinba
42.964540004730225,4044,323043,79.8820474777448,94.1241311917868,7518.828316663794,2023,2021,103360,219683,51.09243697478992,108.70014844136566,47.085340603606504,47.0387905881803,2405.7047972262817,5113.123519437512,0.4997527200791296,0.68004259494866,tinba
53.029520988464355,4053,323055,79.70762398223538,76.42912710604456,6091.984124659074,2028,2025,103366,219689,50.96942800788955,108.4883950617284,38.24284968444569,38.186277421598874,1949.216173807896,4142.767950851177,0.4996299037749815,0.6800359071984646,tinba
42.40603590011597,4042,323043,79.921573478476,95.31661977367109,7617.854230961413,2022,2020,103360,219683,51.117705242334324,108.7539603960396,47.681891435517805,47.634728338153295,2437.3888717977843,5180.465359163629,0.4997525977238991,0.68004259494866,tinba
56.181605100631714,4134,323334,78.2133526850508,73.5828033498729,5755.157749958347,2067,2067,103429,219905,50.03821964199323,106.38848572810836,36.79140167493645,36.79140167493645,1840.9762379472677,3914.181512011079,0.5,0.6801171543976198,tinba
42.11186122894287,4043,323043,79.90180558990848,96.00620542559408,7671.069161340635,2023,2020,103360,219683,51.09243697478992,108.7539603960396,48.03872213108504,47.96748329450904,2454.415382831908,5216.653778508728,0.4996289883749691,0.68004259494866,tinba
52.776285886764526,4055,323055,79.66831072749692,76.83375083840318,6121.215136152981,2028,2027,103366,219689,50.96942800788955,108.38135175135669,38.42634937121619,38.40740146718699,1958.5690478822155,4162.646088270766,0.4998766954377312,0.6800359071984646,tinba
42.460269927978516,4053,323043,79.70466321243524,95.45393863191954,7608.124030957608,2026,2027,103360,219683,51.016781836130306,108.37839171188949,47.71519360184283,47.738745030076714,2434.2756222539365,5173.848408703671,0.5001233654083395,0.68004259494866,tinba
52.348427057266235,4060,323049,79.56871921182265,77.55724915208222,6171.130980623402,2031,2029,103364,219685,50.8931560807484,108.27254805322819,38.79772734676823,38.759521805314,1974.538793437396,4196.5921871860055,0.49975369458128077,0.6800361555058211,tinba
42.98578500747681,4047,323021,79.81739560168026,94.14740243306196,7514.6004648703,2023,2024,103360,219661,51.09243697478992,108.52816205533597,47.06206946431538,47.08533296874658,2404.5158180087183,5110.084646861582,0.5001235483073881,0.6800208036010043,tinba
52.50899910926819,4060,323055,79.57019704433498,77.32007977435211,6152.373983128897,2031,2029,103366,219689,50.89414081733136,108.2745194677181,38.679084241800275,38.64099553255183,1968.5387600876059,4183.83522304129,0.49975369458128077,0.6800359071984646,tinba
42.1564998626709,4052,323043,79.72433366238894,96.11803667761326,7662.946427059778,2026,2026,103360,219683,51.016781836130306,108.43188548864758,48.05901833880663,48.05901833880663,2451.8164538494834,5211.129973210295,0.5,0.68004259494866,tinba
52.71988320350647,4059,323030,79.58364129095837,76.99182458981682,6127.289750492369,2030,2029,103365,219665,50.91871921182266,108.26269098077871,38.505396382687394,38.48642820712942,1960.6454665499914,4166.644283942378,0.4998768169499877,0.6800142401634524,tinba
42.13772511482239,4048,323043,79.80311264822134,96.06593590350404,7666.360704564145,2024,2024,103360,219683,51.06719367588933,108.53903162055336,48.03296795175202,48.03296795175202,2452.9088772199057,5213.451827344239,0.5,0.68004259494866,tinba
53.69058012962341,4061,323052,79.54986456537799,75.63710412879988,6016.921389563423,2031,2030,103365,219687,50.89364844903988,108.22019704433498,37.827864684952615,37.80923944384727,1925.198046853829,4091.7233427095935,0.49987687761635063,0.6800360313509899,tinba
43.16038417816162,4063,323043,79.50849126261383,94.137252885154,7484.710948505735,2030,2033,103360,219683,50.916256157635466,108.05853418593212,47.03387234970776,47.10338053544624,2394.788692643248,5089.922255862487,0.5003691853310361,0.68004259494866,tinba
42.828654050827026,4047,323043,79.82283172720534,94.49281304047545,7542.683914760147,2024,2023,103360,219683,51.06719367588933,108.59268413247652,47.25808094734923,47.234732093126226,2413.3375724891384,5129.346342271008,0.4998764516926118,0.68004259494866,tinba
55.4202299118042,4106,323116,78.69361909400877,74.08846925634,5830.289778916599,2051,2055,103429,219687,50.42857142857143,106.9036496350365,37.00814672302809,37.08032253331191,1866.2679704612738,3964.0218084553253,0.5004870920603994,0.6799013357432006,tinba
42.31034708023071,4049,323043,79.78340330945913,95.69763141678112,7635.082723085015,2025,2024,103360,219683,51.04197530864197,108.53903162055336,47.86063314867418,47.83699826810694,2442.901255430599,5192.181467654415,0.4998765127191899,0.68004259494866,tinba
53.728509187698364,4058,323052,79.60867422375554,75.52787265739204,6012.673809195617,2030,2028,103365,219687,50.91871921182266,108.32692307692308,37.7825484215145,37.74532423587754,1923.8389741821902,4088.834835013426,0.49975357318876296,0.6800360313509899,tinba
42.91224408149719,4044,323043,79.8820474777448,94.2388375755833,7527.991297460227,2023,2021,103360,219683,51.09243697478992,108.70014844136566,47.142722160090266,47.096115415493045,2408.6365607844436,5119.354736675783,0.4997527200791296,0.68004259494866,tinba
54.893842935562134,4100,323052,78.79317073170732,74.6896150960471,5885.031594148343,2049,2051,103365,219687,50.44655929721816,107.11214041930765,37.32659056873183,37.36302452731527,1882.9980644885143,4002.033529659829,0.5002439024390244,0.6800360313509899,tinba
42.84785294532776,4044,323043,79.8820474777448,94.38045834315179,7539.3042543389665,2023,2021,103360,219683,51.09243697478992,108.70014844136566,47.2135675638467,47.166890779305085,2412.256225110823,5127.048029228144,0.4997527200791296,0.68004259494866,tinba
53.81026887893677,4065,323052,79.47158671586716,75.54320178450519,6003.538111411554,2034,2031,103365,219687,50.81858407079646,108.16691285081241,37.799476612468276,37.74372517203691,1920.9158800628238,4082.622231348731,0.4996309963099631,0.6800360313509899,tinba
42.649080991744995,4048,323043,79.80311264822134,94.9141202077371,7574.442226844866,2025,2023,103360,219683,51.04197530864197,108.59268413247652,47.48050726795149,47.43361293978561,2423.498879612576,5150.94334723229,0.49975296442687744,0.68004259494866,tinba
52.826215982437134,4056,323055,79.64866863905326,76.78005938090432,6115.429507716481,2029,2027,103366,219689,50.944307540660425,108.38135175135669,38.40895968536856,38.37109969553576,1956.7178545282436,4158.711653188237,0.4997534516765286,0.6800359071984646,tinba
42.521124839782715,4044,323043,79.8820474777448,95.10566842334421,7597.235520396237,2023,2021,103360,219683,51.09243697478992,108.70014844136566,47.57635193383416,47.52931648951005,2430.791762669846,5166.443757726391,0.4997527200791296,0.68004259494866,tinba
53.02156710624695,4060,323049,79.56871921182265,76.57261415650717,6092.7848351343555,2031,2029,103364,219685,50.8931560807484,108.27254805322819,38.305167328045826,38.267446828461345,1949.4708595254206,4143.313975608936,0.49975369458128077,0.6800361555058211,tinba
42.46768283843994,4043,323043,79.90180558990848,95.20180357804801,7606.796001301846,2022,2021,103360,219683,51.117705242334324,108.70014844136566,47.61267544764113,47.589128130406884,2433.850709331448,5172.945291970399,0.49987632945832305,0.68004259494866,tinba
54.092921018600464,4073,323240,79.36164988951633,75.29635899306405,5975.643280362882,2037,2036,103366,219874,50.744231713303876,107.99312377210217,37.657422850201684,37.63893614286236,1910.8969908364984,4064.7462895263843,0.4998772403633685,0.680219032297983,tinba
42.42217302322388,4049,323043,79.78340330945913,95.44536999043845,7614.956447967698,2025,2024,103360,219683,51.04197530864197,108.53903162055336,47.73447128442526,47.7108987060132,2436.4617046707135,5178.494743296985,0.4998765127191899,0.68004259494866,tinba
53.1659791469574,4054,323049,79.68648248643315,76.25176974159055,6076.235314072788,2028,2026,103364,219685,50.968441814595664,108.43287265547877,38.14469389145181,38.10707585013874,1944.1756111420239,4132.059702930765,0.4997533300444006,0.6800361555058211,tinba
42.511467933654785,4046,323043,79.84256055363322,95.1743187582786,7598.961308608649,2024,2022,103360,219683,51.06719367588933,108.64638971315529,47.61068244358771,47.56363631469089,2431.343941387958,5167.617367220691,0.49975284231339595,0.68004259494866,tinba
53.13807511329651,4059,323055,79.58980044345898,76.38590580004532,6079.5389993184635,2031,2028,103366,219689,50.89414081733136,108.32790927021696,38.22118124658587,38.16472455345945,1945.2341805684862,4134.304818749977,0.49963045084996305,0.6800359071984646,tinba
45.04639792442322,4102,323043,78.75255972696246,91.06166506103656,7171.339216555933,2052,2050,103360,219683,50.370370370370374,107.16243902439024,45.553031863785236,45.508633197251335,2294.523086472145,4876.816130083787,0.499756216479766,0.68004259494866,tinba
53.51123785972595,4063,323052,79.51070637460005,75.92797630005728,6037.087029211446,2032,2031,103365,219687,50.868602362204726,108.16691285081241,37.97333198171705,37.95464431834023,1931.6503249459563,4105.436704265489,0.49987693822298795,0.6800360313509899,tinba
46.22281002998352,4132,323078,78.1892545982575,89.39309395771656,6989.579382785854,2066,2066,103360,219718,50.02904162633107,106.34946757018393,44.69654697885828,44.69654697885828,2236.125409358563,4753.453973427291,0.5,0.6800772568853342,tinba
52.6159348487854,4061,323052,79.54986456537799,77.18194139610056,6139.81298495274,2031,2030,103365,219687,50.89364844903988,108.22019704433498,38.60047352264965,38.58146787345091,1964.5189294282036,4175.294055524537,0.49987687761635063,0.6800360313509899,tinba
41.954756021499634,4042,323043,79.921573478476,96.34187833028238,7699.794508028059,2022,2020,103360,219683,51.117705242334324,108.7539603960396,48.19477436512395,48.14710396515844,2463.606270217216,5236.188237810842,0.4997525977238991,0.68004259494866,tinba
52.73904895782471,4058,323052,79.60867422375554,76.94488391789494,6125.480197004385,2030,2028,103365,219687,50.91871921182266,108.32692307692308,38.491403241332364,38.45348067656258,1959.932953714443,4165.547243289942,0.49975357318876296,0.6800360313509899,tinba
43.9539840221405,4075,323043,79.27435582822086,92.71059474261402,7349.572676671966,2040,2035,103360,219683,50.666666666666664,107.95233415233415,46.41217503679328,46.29841970582074,2351.550201864193,4998.0224748077735,0.49938650306748467,0.68004259494866,tinba
52.56120300292969,4059,323052,79.58906134515891,77.22425987422238,6146.206356463978,2030,2029,103365,219687,50.91871921182266,108.27353376047314,38.62164265697744,38.60261721724494,1966.5645779499869,4179.641778513992,0.4998768169499877,0.6800360313509899,tinba
42.17469787597656,4049,323043,79.78340330945913,96.00542988848251,7659.639932690801,2025,2024,103360,219683,51.04197530864197,108.53903162055336,48.014570393721186,47.990859494761324,2450.758516491369,5208.881416199432,0.4998765127191899,0.68004259494866,tinba
52.15834093093872,4066,323030,79.44663059517954,77.95493352412547,6193.256806762973,2033,2033,103365,219665,50.84358091490408,108.04968027545499,38.97746676206273,38.97746676206273,1981.753985174921,4211.502821588052,0.5,0.6800142401634524,tinba
41.634567975997925,4044,323043,79.8820474777448,97.13082653652948,7759.009296943644,2023,2021,103360,219683,51.09243697478992,108.70014844136566,48.58943177136477,48.54139476516471,2482.5524804193096,5276.4568165243345,0.4997527200791296,0.68004259494866,tinba
52.44402003288269,4055,323030,79.66214549938347,77.32054097793214,6159.520185475072,2028,2027,103365,219665,50.968934911242606,108.36951159348791,38.66980446442574,38.650736513506395,1970.9587467777942,4188.561438697278,0.4998766954377312,0.6800142401634524,tinba
42.03276014328003,4048,323043,79.80311264822134,96.30583350228007,7685.505279663305,2025,2023,103360,219683,51.04197530864197,108.59268413247652,48.17670771791431,48.129125784365755,2459.0343257894433,5226.470953873862,0.49975296442687744,0.68004259494866,tinba
52.25710988044739,4061,323052,79.54986456537799,77.7119134466231,6181.972189795244,2031,2030,103365,219687,50.89364844903988,108.22019704433498,38.865524799333045,38.84638864729005,1978.0083559246975,4203.963833870546,0.49987687761635063,0.6800360313509899,tinba
41.73227500915527,4049,323046,79.78414423314399,97.02322720512423,7740.915153298731,2026,2023,103361,219685,51.0172754195459,108.59367276322294,48.54755700607105,48.47567019905318,2476.7640867248324,5264.151066573899,0.4996295381575698,0.6800424707317224,tinba
51.915549993515015,4060,323049,79.56871921182265,78.2039292756631,6222.586489796475,2031,2029,103364,219685,50.8931560807484,108.27254805322819,39.12122668937728,39.08270258628582,1991.002695972818,4231.583793823657,0.49975369458128077,0.6800361555058211,tinba
41.79977798461914,4040,323021,79.95569306930693,96.65123105406394,7727.816164929403,2021,2019,103360,219661,51.14299851558634,108.79692917285784,48.34953909907506,48.30169195498889,2472.7404063732797,5255.075758556124,0.49975247524752475,0.6800208036010043,tinba
52.81335783004761,4062,323055,79.53101920236337,76.91236018492593,6116.918394766432,2032,2030,103366,219689,50.86909448818898,108.22118226600985,38.47511469615202,38.43724548877392,1957.1942449224653,4159.724149843967,0.499753815854259,0.6800359071984646,tinba
42.21818423271179,4046,323043,79.84256055363322,95.83548116844517,7651.75020837816,2024,2022,103360,219683,51.06719367588933,108.64638971315529,47.94142706004277,47.89405410840241,2448.2341407737254,5203.516067604434,0.49975284231339595,0.68004259494866,tinba
53.11165118217468,4058,323049,79.60793494332184,76.40508080008526,6082.450701672435,2030,2028,103364,219685,50.91822660098522,108.3259368836292,38.2213686604665,38.18371213961875,1946.1643104534282,4136.286391219007,0.49975357318876296,0.6800361555058211,tinba
42.790148973464966,4045,323021,79.85686032138443,94.53110346749169,7548.957125629823,2023,2022,103360,219661,51.09243697478992,108.63550939663699,47.277236666189296,47.253866801302394,2415.5092347095033,5133.447890920319,0.499876390605686,0.6800208036010043,tinba
42.22393178939819,4046,323021,79.83712308452793,95.82243596310211,7650.1876142454785,2024,2022,103360,219661,51.06719367588933,108.63550939663699,47.93490123314846,47.88753472995365,2447.900885107819,5202.286729137661,0.49975284231339595,0.6800208036010043,tinba
52.945042848587036,4064,323055,79.49187992125984,76.75883862484129,6101.704382861246,2032,2032,103366,219689,50.86909448818898,108.11466535433071,38.379419312420644,38.379419312420644,1952.3263074053507,4149.378075455896,0.5,0.6800359071984646,tinba
42.49668884277344,4048,323043,79.80311264822134,95.25448006023562,7601.604002494737,2024,2024,103360,219683,51.06719367588933,108.53903162055336,47.62724003011781,47.62724003011781,2432.189490866095,5169.414511628642,0.5,0.68004259494866,tinba
53.103490114212036,4056,323049,79.64718934911242,76.37916060275097,6083.385466853575,2029,2027,103364,219685,50.943321833415474,108.3793783917119,38.20841145537025,38.170749147380725,1946.4634015144852,4136.92206533909,0.4997534516765286,0.6800361555058211,tinba
42.31309795379639,4043,323021,79.8963640860747,95.5496098256558,7634.066414912977,2022,2021,103360,219661,51.117705242334324,108.68926274121722,47.78662158483207,47.762988240823745,2442.742436700417,5191.32397821256,0.49987632945832305,0.6800208036010043,tinba
53.09085488319397,4054,323055,79.68796250616676,76.35966700704424,6084.946281440719,2028,2026,103366,219689,50.96942800788955,108.43484698914116,38.19866913919233,38.160997867851904,1946.9643166872556,4137.981964753463,0.4997533300444006,0.6800359071984646,tinba
41.867493867874146,4043,323043,79.90180558990848,96.56656337632579,7715.842773380759,2022,2021,103360,219683,51.117705242334324,108.70014844136566,48.295224127363525,48.27133924896226,2468.741031555042,5247.101741825718,0.49987632945832305,0.68004259494866,tinba
53.16213917732239,4059,323052,79.58906134515891,76.3513294011966,6076.730639496271,2031,2028,103365,219687,50.89364844903988,108.32692307692308,38.2038802694827,38.14744913171389,1944.3348518242635,4132.395787672007,0.49963045084996305,0.6800360313509899,tinba
41.929229974746704,4046,323043,79.84256055363322,96.49592903177188,7704.48205689834,2024,2022,103360,219683,51.06719367588933,108.64638971315529,48.27181422647214,48.224114805299735,2465.1060861898027,5239.375970708537,0.49975284231339595,0.68004259494866,tinba
52.645684003829956,4057,323030,79.62287404486074,77.06234759348658,6135.9255960374585,2029,2028,103365,219665,50.94381468703795,108.31607495069034,38.54067125146272,38.52167634202385,1963.408814148568,4172.51678188889,0.49987675622381067,0.6800142401634524,tinba
42.62340497970581,4044,323043,79.8820474777448,94.87745059141712,7579.005012710969,2023,2021,103360,219683,51.09243697478992,108.70014844136566,47.462186584183186,47.41526400723392,2424.958776738099,5154.04623597287,0.4997527200791296,0.68004259494866,tinba
52.37505102157593,4056,323052,79.64792899408285,77.44145200601578,6168.051270573819,2029,2027,103365,219687,50.94381468703795,108.38036507153429,38.73981906316716,38.70163294284862,1973.5541633633682,4194.497107210451,0.4997534516765286,0.6800360313509899,tinba
42.155864000320435,4043,323043,79.90180558990848,95.90599305399762,7663.062011907631,2023,2020,103360,219683,51.09243697478992,108.7539603960396,47.98857876533198,47.91741428866565,2451.8534360774656,5211.2085758301655,0.4996289883749691,0.68004259494866,tinba
56.76718997955322,4134,323030,78.13981615868408,72.82375614309976,5690.434917006655,2063,2071,103365,219665,50.10421715947649,106.06711733462096,36.34141483386909,36.48234130923067,1820.858140718797,3869.5767762878586,0.5009675858732463,0.6800142401634524,tinba
42.108540058135986,4052,323043,79.72433366238894,96.22751096109528,7671.674191363549,2027,2025,103360,219683,50.99161322150962,108.48543209876543,48.13750363231494,48.09000732878034,2454.6089666680177,5217.0652246955315,0.4997532082922014,0.68004259494866,tinba
52.46877884864807,4056,323030,79.64250493096647,77.30311413764699,6156.613648886614,2029,2027,103365,219665,50.94381468703795,108.36951159348791,38.67061602201325,38.63249811563374,1970.0286964590437,4186.584952427571,0.4997534516765286,0.6800142401634524,tinba
42.38404822349548,4042,323021,79.91613062840179,95.3660674102227,7621.287100672327,2022,2020,103360,219661,51.117705242334324,108.74306930693069,47.70662748725144,47.659439922971266,2438.6533219991634,5182.633778673164,0.4997525977238991,0.6800208036010043,tinba
56.84435296058655,4136,323052,78.1073500967118,72.76008582361253,5683.0974964917,2067,2069,103365,219687,50.00725689404935,106.18028032866118,36.362451014846975,36.39763480876555,1818.3864291967382,3864.7110672949625,0.5002417794970987,0.6800360313509899,tinba
43.04414916038513,4048,323043,79.80311264822134,94.04297863844177,7504.922418057841,2024,2024,103360,219683,51.06719367588933,108.53903162055336,47.02148931922088,47.02148931922088,2401.2555019934143,5103.666916064428,0.5,0.68004259494866,tinba
52.67489194869995,4056,323055,79.64866863905326,77.00063255848984,6132.997867648653,2029,2027,103366,219689,50.944307540660425,108.38135175135669,38.519300656108456,38.48133190238139,1962.339098875952,4170.658768772701,0.4997534516765286,0.6800359071984646,tinba
42.0736620426178,4047,323043,79.82283172720534,96.18844197352396,7678.033817754658,2025,2022,103360,219683,51.04197530864197,108.64638971315529,48.12987274435039,48.05856922917358,2456.643776225213,5221.390041529446,0.49962935507783546,0.68004259494866,tinba
52.48999094963074,4062,323049,79.52954209748893,77.38618213704561,6154.487630032114,2032,2030,103364,219685,50.868110236220474,108.2192118226601,38.71214231966437,38.67403981738124,1969.213522996943,4185.274107035171,0.499753815854259,0.6800361555058211,tinba
42.23538589477539,4044,323043,79.8820474777448,95.74909555876111,7648.633797376079,2023,2021,103360,219683,51.09243697478992,108.70014844136566,47.89822460815374,47.85087095060737,2447.2370219964264,5201.396775379653,0.4997527200791296,0.68004259494866,tinba
56.29204201698303,4116,323055,78.48760932944606,73.11868343234418,5738.910659921271,2057,2059,103366,219689,50.25085075352455,106.69694026226324,36.5415772158241,36.577106216520086,1836.24534297077,3902.6653169505007,0.500242954324587,0.6800359071984646,tinba
42.41268610954285,4053,323043,79.70466321243524,95.56103071453605,7616.659769335274,2027,2026,103360,219683,50.99161322150962,108.43188548864758,47.79230428284346,47.76872643169258,2437.0066949554516,5179.653074379822,0.4998766345916605,0.68004259494866,tinba
53.390292167663574,4056,323049,79.64718934911242,75.9688669105385,6050.706727461181,2029,2027,103364,219685,50.943321833415474,108.3793783917119,38.00316345204207,37.965703458496435,1936.0073864252715,4114.69934103591,0.4997534516765286,0.6800361555058211,tinba
42.995567083358765,4043,323043,79.90180558990848,94.0329497727412,7513.402471787197,2022,2021,103360,219683,51.117705242334324,108.70014844136566,47.028103992204485,47.004845780536726,2403.968757979355,5109.433713807843,0.49987632945832305,0.68004259494866,tinba
53.370965003967285,4058,323055,79.60941350418926,76.03385098430114,6053.010283325138,2030,2028,103366,219689,50.919211822660095,108.32790927021696,38.03566227159471,37.99818871270644,1936.745944022492,4116.264339302646,0.49975357318876296,0.6800359071984646,tinba
43.38746404647827,4045,323043,79.86229913473424,93.22969408091805,7445.537716930039,2023,2022,103360,219683,51.09243697478992,108.64638971315529,46.62637110647644,46.6033229744416,2382.254927120813,5063.282789809226,0.499876390605686,0.68004259494866,tinba
53.552552938461304,4053,323049,79.70614359733531,75.68266642035559,6032.373477530089,2027,2026,103364,219685,50.99358658115442,108.43287265547877,37.85066983322496,37.831996587130625,1930.1414092952466,4102.232068234843,0.4998766345916605,0.6800361555058211,tinba
41.87092304229736,4046,323043,79.84256055363322,96.63030346650808,7715.210855840625,2024,2022,103360,219683,51.06719367588933,108.64638971315529,48.33903465551467,48.29126881099341,2468.5388448586937,5246.672010981932,0.49975284231339595,0.68004259494866,tinba
52.701879024505615,4061,323055,79.55060329967988,77.05607608623771,6129.8573405662455,2032,2029,103366,219689,50.86909448818898,108.2745194677181,38.55650002640606,38.49957605983165,1961.334242977111,4168.5230975891345,0.49963063284905196,0.6800359071984646,tinba
43.20164704322815,4080,323043,79.17720588235294,94.44084379277247,7477.562132683479,2039,2041,103360,219683,50.691515448749385,107.63498285154336,47.19727463075075,47.243569162021714,2392.501376083569,5085.06075659991,0.5002450980392157,0.68004259494866,tinba
52.754191875457764,4057,323052,79.62829677101307,76.90384130189648,6123.721898018304,2030,2027,103365,219687,50.91871921182266,108.38036507153429,38.48035441036476,38.42348689153171,1959.370361392785,4164.351536625519,0.49963026867143207,0.6800360313509899,tinba
42.36083006858826,4049,323043,79.78340330945913,95.58358496384723,7625.9837089345765,2026,2023,103360,219683,51.016781836130306,108.59268413247652,47.82720255291541,47.75638241093182,2439.9899584745,5185.993750460077,0.4996295381575698,0.68004259494866,tinba
52.95949602127075,4055,323052,79.66757090012331,76.56794918084836,6099.982520042275,2028,2027,103365,219687,50.968934911242606,108.38036507153429,38.29341576788175,38.27453341296662,1951.774615802316,4148.207904239959,0.4998766954377312,0.6800360313509899,tinba
44.97619080543518,4102,323043,78.75255972696246,91.20381087284721,7182.533563090488,2050,2052,103360,219683,50.41951219512195,107.05799220272904,45.57967145035027,45.624139422496945,2298.104800540587,4884.428762549901,0.500243783520234,0.68004259494866,tinba
53.01887893676758,4063,323052,79.51070637460005,76.63308016839993,6093.150335850833,2031,2032,103365,219687,50.89364844903988,108.11368110236221,38.30710948117653,38.325970687223396,1949.588563033881,4143.561772816952,0.500123061777012,0.6800360313509899,tinba
42.156131982803345,4048,323043,79.80311264822134,96.0239900959436,7663.013298558279,2025,2023,103360,219683,51.04197530864197,108.59268413247652,48.035716389398665,47.98827370654494,2451.8378498806155,5211.175448677663,0.49975296442687744,0.68004259494866,tinba
53.247398853302,4053,323052,79.70688378978535,76.11639417666434,6067.000585136879,2028,2025,103365,219687,50.968934911242606,108.4874074074074,38.08636747847898,38.03002669818537,1941.221585016262,4125.779000120617,0.4996299037749815,0.6800360313509899,tinba
42.63561415672302,4044,323021,79.87660731948566,94.85028138998484,7576.318680730537,2023,2021,103360,219661,51.09243697478992,108.68926274121722,47.44859526506907,47.40168612491577,2424.264363122857,5152.054317607681,0.4997527200791296,0.6800208036010043,tinba
43.04262614250183,4053,323043,79.70466321243524,94.1624701657765,7505.187971814195,2026,2027,103360,219683,51.016781836130306,108.37839171188949,47.06961869130599,47.09285147447051,2401.340467884199,5103.8475039299965,0.5001233654083395,0.68004259494866,tinba
55.486796855926514,4099,323052,78.8123932666504,73.87342993763367,5822.141812201131,2048,2051,103365,219687,50.47119140625,107.11214041930765,36.909681510679135,36.963748426954545,1862.8756002692132,3959.2662119319175,0.5003659429129056,0.6800360313509899,tinba
42.654311180114746,4046,323046,79.84330202669302,94.8555934455279,7573.583796392489,2024,2022,103361,219685,51.06768774703557,108.64737883283877,47.45124101180141,47.4043524337265,2423.2251592000025,5150.358637192486,0.49975284231339595,0.6800424707317224,tinba
54.34098720550537,4098,323232,78.87554904831626,75.41268958736961,5948.21729641402,2051,2047,103364,219868,50.396879570941,107.40986809965804,37.743149425011,37.66954016235861,1902.1369562003104,4046.0803402137094,0.4995119570522206,0.6802173052173052,tinba
42.35413312911987,4048,323043,79.80311264822134,95.57508797687717,7627.1895121823945,2025,2023,103360,219683,51.04197530864197,108.59268413247652,47.81115443507319,47.763933541803986,2440.375764152674,5186.81374802972,0.49975296442687744,0.68004259494866,tinba
52.51678991317749,4059,323055,79.58980044345898,77.28956790219803,6151.461285697113,2030,2029,103366,219689,50.919211822660095,108.2745194677181,38.65430471580734,38.63526318639069,1968.2467296818431,4183.21455601527,0.4998768169499877,0.6800359071984646,tinba
42.561837911605835,4049,323043,79.78340330945913,95.13217000659438,7589.96828734015,2025,2024,103360,219683,51.04197530864197,108.53903162055336,47.577832616288866,47.55433739030551,2428.466557639317,5161.501729700833,0.4998765127191899,0.68004259494866,tinba
52.78086805343628,4057,323049,79.62755730835593,76.86497304084924,6120.570045815455,2029,2028,103364,219685,50.943321833415474,108.3259368836292,38.44195964995886,38.423013390890375,1958.3611223550258,4162.20892346043,0.49987675622381067,0.6800361555058211,tinba
43.2790629863739,4044,323043,79.8820474777448,93.44010061570012,7464.186553708609,2023,2021,103360,219683,51.09243697478992,108.70014844136566,46.74315616853643,46.69694444716368,2388.22176054371,5075.964793164898,0.4997527200791296,0.68004259494866,tinba
53.18671107292175,4061,323055,79.55060329967988,76.35365898884324,6073.979636700505,2032,2029,103366,219689,50.86909448818898,108.2745194677181,38.20503202790678,38.14862696093645,1943.4553841518764,4130.524252548629,0.49963063284905196,0.6800359071984646,tinba
44.053471088409424,4090,323043,78.9836185819071,92.84171936853551,7332.974951092864,2043,2047,103360,219683,50.592266275085656,107.31949193942354,46.37546031049341,46.4662590580421,2346.239636658149,4986.735314434715,0.5004889975550122,0.68004259494866,tinba
53.15202283859253,4051,323049,79.74549493952111,76.21534955126218,6077.83077195401,2026,2025,103364,219685,51.018756169792695,108.48641975308642,38.117081755333786,38.098267795928386,1944.6860999794283,4133.144671974582,0.49987657368550975,0.6800361555058211,tinba
42.74476504325867,4043,323043,79.90180558990848,94.58468179456345,7557.486856532565,2022,2021,103360,219683,51.117705242334324,108.70014844136566,47.3040382361136,47.280643558449846,2418.0738833257674,5139.412973206798,0.49987632945832305,0.68004259494866,tinba
53.25384998321533,4054,323055,79.68796250616676,76.12595148102436,6066.321967366138,2028,2026,103366,219689,50.96942800788955,108.43484698914116,38.081753725583965,38.04419775544039,1941.0052049303313,4125.316762435807,0.4997533300444006,0.6800359071984646,tinba
46.214925050735474,4103,323043,78.73336582988057,88.78084288778273,6990.014581768948,2051,2052,103360,219683,50.39492930277913,107.05799220272904,44.37960242818483,44.401240459597894,2236.5069268538196,4753.507654915128,0.5001218620521569,0.68004259494866,tinba
53.73110795021057,4061,323052,79.54986456537799,75.58005324891286,6012.382999795074,2032,2029,103365,219687,50.868602362204726,108.27353376047314,37.81794341339348,37.762109835519375,1923.7459256522723,4088.6370741428022,0.49963063284905196,0.6800360313509899,tinba
43.27025604248047,4044,323043,79.8820474777448,93.45911880044835,7465.705765245607,2023,2021,103360,219683,51.09243697478992,108.70014844136566,46.752669963725765,46.70644883672258,2388.7078435248122,5076.997921720795,0.4997527200791296,0.68004259494866,tinba
54.21802496910095,4057,323052,79.62829677101307,74.82751358634142,5958.387458490207,2030,2027,103365,219687,50.91871921182266,108.38036507153429,37.441422869182425,37.386090717159,1906.4692979670153,4051.9181605231915,0.49963026867143207,0.6800360313509899,tinba
43.93199801445007,4046,323043,79.84256055363322,92.09688115412355,7353.250810348871,2024,2022,103360,219683,51.06719367588933,108.64638971315529,46.07120302915128,46.02567812497227,2352.7270479708873,5000.523762377984,0.49975284231339595,0.68004259494866,tinba
54.81279897689819,4054,323030,79.68179575727676,73.96082804873053,5893.331594618013,2028,2026,103365,219665,50.968934911242606,108.42300098716683,36.99865793853614,36.96217011019439,1885.782188272578,4007.549406345435,0.4997533300444006,0.6800142401634524,tinba
44.928431034088135,4043,323043,79.90180558990848,89.98756259555317,7190.168732019611,2022,2021,103360,219683,51.117705242334324,108.70014844136566,45.00491010838697,44.982652487166206,2300.547729378278,4889.621002641333,0.49987632945832305,0.68004259494866,tinba
54.0289671421051,4056,323052,79.64792899408285,75.0708409681801,5979.237010959693,2029,2027,103365,219687,50.94381468703795,108.38036507153429,37.55392907407234,37.51691189410776,1913.140403519708,4066.0966074399853,0.4997534516765286,0.6800360313509899,tinba
43.671504974365234,4045,323043,79.86229913473424,92.62332503481107,7397.111690783801,2024,2021,103360,219683,51.06719367588933,108.70014844136566,46.34600985672623,46.27731517808484,2366.7606614581146,5030.351029325687,0.49962917181705807,0.68004259494866,tinba
54.11064100265503,4059,323052,79.58906134515891,75.01297202893676,5970.212032493737,2031,2028,103365,219687,50.89364844903988,108.32692307692308,37.534206994523416,37.478765034413335,1910.2527355927687,4059.9592969009677,0.49963045084996305,0.6800360313509899,tinba
44.13002586364746,4049,323043,79.78340330945913,91.75158909968832,7320.254037424207,2026,2023,103360,219683,51.016781836130306,108.59268413247652,45.90978501258793,45.841804087100385,2342.1694861308433,4978.084551293364,0.4996295381575698,0.68004259494866,tinba
54.55858016014099,4060,323052,79.56945812807882,74.41542628277789,5921.195145690631,2031,2029,103365,219687,50.89364844903988,108.27353376047314,37.226042064118694,37.18938421865919,1894.5690979604276,4026.6260477302035,0.49975369458128077,0.6800360313509899,tinba
45.772274017333984,4101,323043,78.77176298463789,89.59572335092963,7057.613084236616,2050,2051,103360,219683,50.41951219512195,107.11019015114579,44.786938032042364,44.80878531888727,2258.135568288731,4799.477515947884,0.5001219214825652,0.68004259494866,tinba
53.761054039001465,4062,323055,79.53101920236337,75.55655432375235,6009.08977278676,2033,2029,103366,219689,50.844072798819475,108.2745194677181,37.81547881343883,37.74107551031352,1922.6929577126996,4086.3968150740598,0.499507631708518,0.6800359071984646,tinba
45.18856501579285,4084,323043,79.09965719882469,90.37684641175687,7148.777569880797,2042,2042,103360,219683,50.617042115572964,107.58227228207639,45.188423205878436,45.188423205878436,2287.3043205482836,4861.473249332514,0.5,0.68004259494866,tinba
53.66562294960022,4055,323049,79.66683107274969,75.56047572219988,6019.663655137102,2028,2027,103364,219685,50.968441814595664,108.3793783917119,37.789554812483686,37.77092090971619,1926.0747256595482,4093.588929477554,0.4998766954377312,0.6800361555058211,tinba
43.17996311187744,4047,323043,79.82283172720534,93.72402633866074,7481.317183227076,2024,2023,103360,219683,51.06719367588933,108.59268413247652,46.87359261414611,46.850433724514616,2393.702832311335,5087.614350915741,0.4998764516926118,0.68004259494866,tinba
54.415363073349,4059,323055,79.58980044345898,74.59290484800562,5936.83441135069,2030,2029,103366,219689,50.919211822660095,108.2745194677181,37.305641005531264,37.287263842474346,1899.5738365407608,4037.2605748099295,0.4998768169499877,0.6800359071984646,tinba
45.82358193397522,4096,323043,78.867919921875,89.38629035813285,7049.71079007869,2049,2047,103360,219683,50.44411908247926,107.31949193942354,44.714968003860896,44.67132235427196,2255.6071707560086,4794.103619322681,0.499755859375,0.68004259494866,tinba
53.44962000846863,4060,323049,79.56871921182265,75.95938005465199,6043.990583072727,2031,2029,103364,219685,50.8931560807484,108.27254805322819,37.99839923423601,37.96098082041598,1933.8584630465637,4110.132120026164,0.49975369458128077,0.6800361555058211,tinba
47.69795203208923,4147,323043,77.89799855317096,86.94293619168529,6772.680717668337,2073,2074,103360,219683,49.86010612638688,105.92237222757956,43.46098546548435,43.48195072620094,2166.9693476664074,4605.711370001929,0.5001205690860864,0.68004259494866,tinba
54.03907322883606,4061,323055,79.55060329967988,75.14932728033888,5978.17432271605,2032,2029,103366,219689,50.86909448818898,108.2745194677181,37.60242133308264,37.546905947256235,1912.8011237772737,4065.3731989387757,0.49963063284905196,0.6800359071984646,tinba
41.22909688949585,4054,323043,79.68500246669956,98.32861512503463,7835.315938785536,2027,2027,103360,219683,50.99161322150962,108.37839171188949,49.164307562517315,49.164307562517315,2506.9673555312233,5328.348583254313,0.5,0.68004259494866,tinba
53.44574189186096,4054,323027,79.68105574740997,75.85262841336603,6044.017513192992,2028,2026,103364,219663,50.968441814595664,108.42201382033564,37.94502477116584,37.90760364220019,1933.9987872025572,4110.018725990435,0.4997533300444006,0.6800143641243611,tinba
43.5302369594574,4046,323043,79.84256055363322,92.9468866380927,7421.117424673599,2024,2022,103360,219683,51.06719367588933,108.64638971315529,46.49641585652487,46.45047078156783,2374.4414737798475,5046.675950893752,0.49975284231339595,0.68004259494866,tinba
43.25316905975342,4049,323046,79.78414423314399,93.61163789886434,7468.724420023841,2024,2025,103361,219685,51.06768774703557,108.48641975308642,46.794259102815865,46.81737879604848,2389.6746122164777,5079.049807807363,0.5001234872808101,0.6800424707317224,tinba
54.32081079483032,4063,323052,79.51070637460005,74.79637988736856,5947.112999107603,2034,2029,103365,219687,50.81858407079646,108.27353376047314,37.44421282079933,37.35216706656924,1902.8618771985853,4044.2511219090175,0.4993846911149397,0.6800360313509899,tinba
42.367011070251465,4047,323043,79.82283172720534,95.52243355778413,7624.871140056154,2025,2022,103360,219683,51.04197530864197,108.64638971315529,47.79662168384306,47.72581187394107,2439.633983823219,5185.237156232935,0.49962935507783546,0.68004259494866,tinba
52.89318084716797,4055,323030,79.66214549938347,76.66394675178842,6107.214480697956,2028,2027,103365,219665,50.968934911242606,108.36951159348791,38.34142639029024,38.32252036149818,1954.2216660909025,4152.992814607053,0.4998766954377312,0.6800142401634524,tinba
42.626327991485596,4048,323021,79.79767786561264,94.96478328624902,7577.969185253815,2025,2023,103360,219661,51.04197530864197,108.58180919426594,47.505851322790086,47.45893196345894,2424.792490233868,5153.176695019947,0.49975296442687744,0.6800208036010043,tinba
52.25382685661316,4056,323052,79.64792899408285,77.62110918937756,6182.360593157496,2029,2027,103365,219687,50.94381468703795,108.38036507153429,38.82969194902542,38.79141724035215,1978.13263100592,4204.227962151575,0.4997534516765286,0.6800360313509899,tinba
43.51828598976135,4068,323043,79.41076696165192,93.47794628118137,7423.155408188711,2034,2034,103360,219683,50.816125860373646,108.00540806293019,46.73897314059069,46.73897314059069,2375.09354169688,5048.061866491831,0.5,0.68004259494866,tinba
53.29692602157593,4054,323052,79.68722249629995,76.06442439773805,6061.362711035538,2028,2026,103365,219687,50.968934911242606,108.43385982230997,38.05097500705791,38.013449390680144,1939.4176684440538,4121.945042591485,0.4997533300444006,0.6800360313509899,tinba
42.65205788612366,4047,323043,79.82283172720534,94.88405016248099,7573.913569715431,2025,2022,103360,219683,51.04197530864197,108.64638971315529,47.477193372627625,47.406856789853364,2423.3297318492796,5150.58383786615,0.49962935507783546,0.68004259494866,tinba
52.1288058757782,4053,323052,79.70688378978535,77.74971883411659,6197.1878037994165,2028,2025,103365,219687,50.968934911242606,108.4874074074074,38.903634294495056,38.84608453962154,1982.876804166904,4214.310999632512,0.4996299037749815,0.6800360313509899,tinba
43.1938099861145,4047,323043,79.82283172720534,93.69398071855638,7478.9188567493475,2024,2023,103360,219683,51.06719367588933,108.59268413247652,46.85856609200843,46.83541462654795,2392.935469995055,5085.983386754292,0.4998764516926118,0.68004259494866,tinba
53.61231303215027,4057,323052,79.62829677101307,75.67291486877455,6025.705322698387,2030,2027,103365,219687,50.91871921182266,108.38036507153429,37.86443608173832,37.80847878703624,1928.00858896004,4097.696733738348,0.49963026867143207,0.6800360313509899,tinba
45.79148721694946,4109,323043,78.61839863713799,89.7328357240836,7054.651849796821,2054,2055,103360,219683,50.321324245374875,106.90170316301703,44.85549880196342,44.87733692212017,2257.1880994016255,4797.463750395195,0.5001216841080555,0.68004259494866,tinba
53.88219094276428,4060,323052,79.56945812807882,75.34957151821622,5995.524575887386,2031,2029,103365,219687,50.89364844903988,108.27353376047314,37.69334476687122,37.65622675134501,1918.351837433601,4077.1727384537853,0.49975369458128077,0.6800360313509899,tinba
43.887441873550415,4082,323043,79.13841254287114,93.01066149540362,7360.716100308591,2040,2042,103360,219683,50.666666666666664,107.58227228207639,46.482545186335955,46.52811630906766,2355.1156227743554,5005.600477534236,0.5002449779519843,0.68004259494866,tinba
52.16612100601196,4053,323055,79.70762398223538,77.69410341115656,6192.812380333378,2028,2025,103366,219689,50.96942800788955,108.4883950617284,38.875805999956945,38.818297411199616,1981.477595163486,4211.334785169893,0.4996299037749815,0.6800359071984646,tinba
42.68929982185364,4043,323043,79.90180558990848,94.70757348730969,7567.30612467499,2022,2021,103360,219683,51.117705242334324,108.70014844136566,47.36549928056893,47.34207420674076,2421.2156308801214,5146.090493794869,0.49987632945832305,0.68004259494866,tinba
55.1321439743042,4070,323049,79.37321867321867,73.82263243557028,5859.539947341166,2036,2034,103364,219685,50.76817288801572,108.00639134709931,36.929454456712804,36.89317797885749,1874.840928518498,3984.6990188226678,0.49975429975429975,0.6800361555058211,tinba
43.270751953125,4046,323043,79.84256055363322,93.50426829612327,7465.6202034563885,2024,2022,103360,219683,51.06719367588933,108.64638971315529,46.77524444670131,46.729023849421964,2388.6804673967627,5076.939736059627,0.49975284231339595,0.68004259494866,tinba
53.59112310409546,4058,323033,79.60399211434203,75.72149574319867,6027.733350027771,2030,2028,103366,219667,50.919211822660095,108.31706114398422,37.87940767833743,37.84208806486124,1928.789583290161,4098.94376673761,0.49975357318876296,0.680014116204846,tinba
42.288814067840576,4048,323021,79.79767786561264,95.72271271325121,7638.450193514605,2025,2023,103360,219661,51.04197530864197,108.58180919426594,47.88500327182157,47.837709441429645,2444.145154654557,5194.305038860049,0.49975296442687744,0.6800208036010043,tinba
53.44420385360718,4055,323049,79.66683107274969,75.87352243299084,6044.603094563566,2029,2026,103364,219685,50.943321833415474,108.43287265547877,37.9648278709096,37.908694562081244,1934.0544445779694,4110.548649985597,0.4996300863131936,0.6800361555058211,tinba
43.03257894515991,4054,323043,79.68500246669956,94.2076933192026,7506.940274522734,2028,2026,103360,219683,50.96646942800789,108.43188548864758,47.12708486712947,47.08060845207313,2401.9011301116875,5105.039144411047,0.4997533300444006,0.68004259494866,tinba
54.052364110946655,4057,323033,79.62361350751787,75.0568465733098,5976.297342646287,2029,2028,103366,219667,50.944307540660425,108.31706114398422,37.53767357585546,37.51917299745434,1912.3307870093026,4063.9665556369837,0.49987675622381067,0.680014116204846,tinba
45.104915142059326,4104,323021,78.70882066276803,90.98786655676714,7161.5476713044545,2051,2053,103360,219661,50.39492930277913,106.99512907939601,45.47176274559684,45.51610381117031,2291.5462688370985,4870.001402467356,0.5002436647173489,0.6800208036010043,tinba
53.8812689781189,4052,323030,79.72112537018756,75.2023862252671,5995.218860401785,2027,2025,103365,219665,50.99407992106561,108.47654320987654,37.619752437960614,37.582633787306484,1918.3846624320665,4076.834197969718,0.4997532082922014,0.6800142401634524,tinba
47.223302125930786,4126,323043,78.29447406689287,87.37211957345042,6840.754150112977,2064,2062,103360,219683,50.07751937984496,106.53879728419011,43.70723577304936,43.66488380040106,2188.7499464643324,4652.004203648645,0.4997576345128454,0.68004259494866,tinba
53.01841402053833,4054,323052,79.68722249629995,76.46399981767763,6093.203766428316,2028,2026,103365,219687,50.968934911242606,108.43385982230997,38.2508612802788,38.213138537398834,1949.6056588934998,4143.598107534816,0.4997533300444006,0.6800360313509899,tinba
43.08614993095398,4056,323043,79.64571005917159,94.13697920328885,7497.60655147141,2028,2028,103360,219683,50.96646942800789,108.3249506903353,47.06848960164442,47.06848960164442,2398.9147363047177,5098.691815166692,0.5,0.68004259494866,tinba
53.039011001586914,4059,323052,79.58906134515891,76.52857629412728,6090.837553330969,2031,2028,103365,219687,50.89364844903988,108.32692307692308,38.29256921738667,38.236007076740606,1948.8485559602034,4141.988997370766,0.49963045084996305,0.6800360313509899,tinba
43.06548309326172,4045,323021,79.85686032138443,93.92672993451,7500.693752824563,2023,2022,103360,219661,51.09243697478992,108.63550939663699,46.974975193452096,46.951754741057904,2400.065959463771,5100.627793360792,0.499876390605686,0.6800208036010043,tinba
53.758684158325195,4058,323052,79.60867422375554,75.4854785516838,6009.298870645282,2030,2028,103365,219687,50.91871921182266,108.32692307692308,37.761340921616096,37.7241376300677,1922.7591154496786,4086.5397551956034,0.49975357318876296,0.6800360313509899,tinba
43.107609033584595,4048,323043,79.80311264822134,93.90453543471303,7493.874219475297,2025,2023,103360,219683,51.04197530864197,108.59268413247652,46.975465478086434,46.92906995662659,2397.720549044451,5096.1536704308455,0.49975296442687744,0.68004259494866,tinba
52.09245491027832,4055,323052,79.66757090012331,77.84236713328538,6201.512302624442,2029,2026,103365,219687,50.94381468703795,108.43385982230997,38.94997852365871,38.89238860962668,1984.260487973377,4217.251814651065,0.4996300863131936,0.6800360313509899,tinba
42.4171679019928,4049,323043,79.78340330945913,95.45663230877265,7615.854994053555,2025,2024,103360,219683,51.04197530864197,108.53903162055336,47.740103834345426,47.71652847442723,2436.7492011446634,5179.105792908892,0.4998765127191899,0.68004259494866,tinba
53.58161902427673,4059,323052,79.58906134515891,75.7535900167733,6029.157122960987,2031,2028,103365,219687,50.89364844903988,108.32692307692308,37.90478968318959,37.8488003335837,1929.113040671045,4100.044082289942,0.49963045084996305,0.6800360313509899,tinba
43.1355459690094,4046,323043,79.84256055363322,93.79735225576688,7489.020777251533,2024,2022,103360,219683,51.06719367588933,108.64638971315529,46.92185886447656,46.87549339129032,2396.1676542649693,5092.853122986564,0.49975284231339595,0.68004259494866,tinba
54.60582208633423,4101,323055,78.77468910021946,75.10188187472275,5916.127395522692,2051,2050,103366,219689,50.39785470502194,107.16536585365854,37.560097470142985,37.54178440457977,1892.9483350067283,4023.1790605159636,0.49987807851743477,0.6800359071984646,tinba
42.96171283721924,4043,323021,79.8963640860747,94.10704864861457,7518.8110218956535,2022,2021,103360,219661,51.117705242334324,108.68926274121722,47.06516259398928,47.04188605462529,2405.863108662083,5112.94791323357,0.49987632945832305,0.6800208036010043,tinba
44.62726092338562,4076,323043,79.25490677134445,91.33430812609184,7238.692075558657,2038,2038,103360,219683,50.71638861629048,107.79342492639843,45.66715406304592,45.66715406304592,2316.0731324614458,4922.618943097212,0.5,0.68004259494866,tinba
53.396798849105835,4054,323049,79.68648248643315,75.92215427475737,6049.969416947729,2028,2026,103364,219685,50.968441814595664,108.43287265547877,37.97980485180265,37.94234942295472,1935.7714737188014,4114.197943228928,0.4997533300444006,0.6800361555058211,tinba
42.76847195625305,4052,323043,79.72433366238894,94.74268812186472,7553.297679899196,2027,2025,103360,219683,50.99161322150962,108.48543209876543,47.394725770735384,47.347962351129325,2416.733525240853,5136.564154658343,0.4997532082922014,0.68004259494866,tinba
52.51520609855652,4057,323055,79.6290362336702,77.25381468342965,6151.646808616063,2030,2027,103366,219689,50.919211822660095,108.38135175135669,38.65547049725467,38.598344186174984,1968.3060903542987,4183.340718261764,0.49963026867143207,0.6800359071984646,tinba
6.4668378829956055,65,34507,530.876923076923,10.051280266498706,5335.992740862629,33,32,7550,26957,228.78787878787878,842.40625,5.102957673760882,4.948322592737825,1167.4948617240805,4168.497879138548,0.49230769230769234,0.7812038137189555,tinba
43.94200396537781,4058,323043,79.60645638245441,92.34899717357736,7351.576415461791,2030,2028,103360,219683,50.916256157635466,108.3249506903353,46.1972558556831,46.15174131789425,2352.191312927786,4999.3851025340055,0.49975357318876296,0.68004259494866,tinba
53.22978711128235,4062,323049,79.52954209748893,76.31065650343427,6068.951568876892,2032,2030,103364,219685,50.868110236220474,108.2192118226601,38.17411472549937,38.1365417779349,1941.845076026829,4127.106492850064,0.499753815854259,0.6800361555058211,tinba
42.15643119812012,4045,323043,79.86229913473424,95.95214502361335,7662.958908495211,2024,2021,103360,219683,51.06719367588933,108.70014844136566,48.01165427139516,47.940490752218196,2451.8204473771757,5211.138461118036,0.49962917181705807,0.68004259494866,tinba
53.65200114250183,4057,323055,79.6290362336702,75.61693718048741,6021.303830624196,2029,2028,103366,219689,50.944307540660425,108.32790927021696,37.8177879071257,37.799149273361714,1926.6010176480804,4094.702812976115,0.49987675622381067,0.6800359071984646,tinba
42.517001152038574,4046,323043,79.84256055363322,95.16193264740652,7597.97236980132,2024,2022,103360,219683,51.06719367588933,108.64638971315529,47.60448632682916,47.557446320577355,2431.0275230934103,5166.94484670791,0.49975284231339595,0.68004259494866,tinba
53.31908321380615,4057,323049,79.62755730835593,76.08908022164759,6058.7875958893355,2029,2028,103364,219685,50.943321833415474,108.3259368836292,38.05391761639709,38.03516260525051,1938.5929721543953,4120.19462373494,0.49987675622381067,0.6800361555058211,tinba
42.23622107505798,4045,323043,79.86229913473424,95.77087857390535,7648.482553065539,2023,2022,103360,219683,51.09243697478992,108.64638971315529,47.89727746724611,47.87360110665924,2447.188630259297,5201.293922806241,0.499876390605686,0.68004259494866,tinba
54.09349083900452,4061,323055,79.55060329967988,75.07372767060886,5972.160328152806,2032,2029,103366,219689,50.86909448818898,108.2745194677181,37.56459360420517,37.50913406640368,1910.876861462732,4061.2834666900735,0.49963063284905196,0.6800359071984646,tinba
44.219533920288086,4042,323043,79.921573478476,91.40756678454079,7305.436565259379,2022,2020,103360,219683,51.117705242334324,108.7539603960396,45.72639783234574,45.68116895219505,2337.428526187565,4968.008039071815,0.4997525977238991,0.68004259494866,tinba
55.135401010513306,4115,323237,78.55091130012151,74.63444401565783,5862.603591807823,2057,2058,103365,219872,50.25036460865338,106.8377065111759,37.308153424108916,37.326290591548926,1874.7483124370528,3987.8552793707704,0.5001215066828676,0.6802191580790565,tinba
42.71121406555176,4045,323043,79.86229913473424,94.70580709300063,7563.423495857653,2024,2021,103360,219683,51.06719367588933,108.70014844136566,47.38802312885866,47.317783964141974,2419.9733550389483,5143.450140818704,0.49962917181705807,0.68004259494866,tinba
52.651829957962036,4058,323052,79.60867422375554,77.07234493539853,6135.627199623057,2030,2028,103365,219687,50.91871921182266,108.32692307692308,38.55516515989626,38.51717977550227,1963.1796289422052,4172.447570680852,0.49975357318876296,0.6800360313509899,tinba
42.756717920303345,4046,323043,79.84256055363322,94.62840453613786,7555.374119270287,2024,2022,103360,219683,51.06719367588933,108.64638971315529,47.337590405621114,47.29081413051674,2417.3978973937737,5137.976221876514,0.49975284231339595,0.68004259494866,tinba
55.231573820114136,4104,323030,78.71101364522417,74.3053242220922,5848.647388757905,2053,2051,103365,219665,50.34827082318558,107.10141394441736,37.17076769687019,37.134556525222,1871.4838787077388,3977.163510050166,0.49975633528265107,0.6800142401634524,tinba
42.09953498840332,4046,323043,79.84256055363322,96.10557458923253,7673.315158682512,2024,2022,103360,219683,51.06719367588933,108.64638971315529,48.076540526101496,48.029034063131036,2455.134006313167,5218.181152369345,0.49975284231339595,0.68004259494866,tinba
56.85485219955444,4101,323052,78.77395757132406,72.13104671534329,5682.048013529647,2051,2050,103365,219687,50.39736713798147,107.16439024390245,36.074317681826166,36.05672903351713,1818.05063246317,3863.997381066477,0.49987807851743477,0.6800360313509899,tinba
41.828981161117554,4046,323043,79.84256055363322,96.72719458347673,7722.946890714304,2024,2022,103360,219683,51.06719367588933,108.64638971315529,48.38750416138332,48.33969042209341,2471.0140465022628,5251.932844212041,0.49975284231339595,0.68004259494866,tinba
52.28813290596008,4059,323052,79.58906134515891,77.62755666376707,6178.304369387357,2030,2029,103365,219687,50.91871921182266,108.27353376047314,38.82334073107838,38.80421593268869,1976.8347855506981,4201.469583836659,0.4998768169499877,0.6800360313509899,tinba
42.730276107788086,4051,323043,79.74401382374722,94.80397434786663,7560.049440942454,2026,2025,103360,219683,51.016781836130306,108.48543209876543,47.4136884790861,47.39028586878053,2418.8938011837804,5141.155639758673,0.49987657368550975,0.68004259494866,tinba
53.07532000541687,4053,323030,79.70145571181841,76.36317594668013,6086.256285728123,2027,2026,103365,219665,50.99407992106561,108.42300098716683,38.191008547722824,38.1721673989573,1947.5153421486777,4138.740943579445,0.4998766345916605,0.6800142401634524,tinba
43.451746225357056,4048,323021,79.79767786561264,93.16081289358438,7434.01653698086,2025,2023,103360,219661,51.04197530864197,108.58180919426594,46.603420481597915,46.55739241198646,2378.7306375199805,5055.285899460879,0.49975296442687744,0.6800208036010043,tinba
52.50728893280029,4064,323033,79.48646653543307,77.3987780096812,6152.155378149937,2032,2032,103366,219667,50.86909448818898,108.10383858267717,38.6993890048406,38.6993890048406,1968.602875922418,4183.55250222752,0.5,0.680014116204846,tinba
42.946579933166504,4059,323056,79.590046809559,94.51276460935,7522.275359358998,2030,2029,103360,219696,50.916256157635466,108.2779694430754,47.26802467528468,47.24473993406532,2406.7108524322284,5115.564506926769,0.4998768169499877,0.6800554702590264,tinba
52.45872712135315,4056,323049,79.64718934911242,77.31792635031395,6158.155520104185,2029,2027,103364,219685,50.943321833415474,108.3793783917119,38.67802578027293,38.63990057004102,1970.3871152055847,4187.7684048986,0.4997534516765286,0.6800361555058211,tinba
41.60658597946167,4050,323043,79.7637037037037,97.34035861532135,7764.2275230047535,2026,2024,103360,219683,51.016781836130306,108.53903162055336,48.6942139641089,48.646144651212445,2484.2220904887936,5280.00543251596,0.4997530864197531,0.68004259494866,tinba
6.479199171066284,61,34485,565.327868852459,9.414743765310305,5322.417028634851,31,30,7550,26935,243.5483870967742,897.8333333333334,4.7845419135183525,4.630201851791954,1165.2674660343084,4157.149562600543,0.4918032786885246,0.7810642308249964,tinba
52.29803490638733,4060,323033,79.56477832512316,77.63198000206579,6176.771279804759,2030,2030,103366,219667,50.919211822660095,108.21034482758621,38.815990001032894,38.815990001032894,1976.4796169688505,4200.291662835908,0.5,0.680014116204846,tinba
42.46861505508423,4052,323043,79.72433366238894,95.4116350331727,7606.629026658738,2026,2026,103360,219683,51.016781836130306,108.43188548864758,47.70581751658635,47.70581751658635,2433.7972845579297,5172.831742100809,0.5,0.68004259494866,tinba
53.903128147125244,4057,323049,79.62755730835593,75.26464862904932,5993.140122002897,2029,2028,103364,219685,50.943321833415474,108.3259368836292,37.641600214035265,37.623048415014054,1917.5881540283594,4075.551967974538,0.49987675622381067,0.6800361555058211,tinba
42.3443398475647,4043,323021,79.8963640860747,95.47911278235503,7628.433957474426,2022,2021,103360,219661,51.117705242334324,108.68926274121722,47.751364344774146,47.727748437580885,2440.9401674954775,5187.493789978948,0.49987632945832305,0.6800208036010043,tinba
53.57064890861511,4057,323033,79.62361350751787,75.73176884455403,6030.037092719453,2029,2028,103366,219667,50.944307540660425,108.31706114398422,37.87521789144691,37.85655095310712,1929.5267484313954,4100.510344288057,0.49987675622381067,0.680014116204846,tinba
42.563100814819336,4043,323043,79.90180558990848,94.98838013682348,7589.7430829927935,2023,2020,103360,219683,51.09243697478992,108.7539603960396,47.52943186168535,47.45894827513812,2428.3945018407308,5161.348581152063,0.4996289883749691,0.68004259494866,tinba
52.915043115615845,4062,323049,79.52954209748893,76.76455995934465,6105.050302881913,2031,2031,103364,219685,50.8931560807484,108.16592811422944,38.382279979672326,38.382279979672326,1953.3953657404481,4151.654937141465,0.5,0.6800361555058211,tinba
45.76981210708618,4106,323046,78.67657087189478,89.70978492097197,7058.058251237289,2053,2053,103361,219685,50.34632245494399,107.00681928884559,44.854892460485985,44.854892460485985,2258.278879497463,4799.779371739826,0.5,0.6800424707317224,tinba
55.631125926971436,4073,323052,79.3154922661429,73.21440887870476,5807.036881189131,2038,2035,103365,219687,50.718842001962706,107.95429975429975,36.63416776204279,36.580241116661966,1858.0425665964442,3948.994314592687,0.49963172109010556,0.6800360313509899,tinba
43.19907188415527,4042,323043,79.921573478476,93.5668250197417,7478.007880962993,2022,2020,103360,219683,51.117705242334324,108.7539603960396,46.80656115534828,46.76026386439343,2392.6439965463887,5085.363884416604,0.4997525977238991,0.68004259494866,tinba
43.195306062698364,4053,323046,79.70540340488527,93.82963959364092,7478.729275146145,2026,2027,103362,219684,51.0177690029615,108.3788850518007,46.90324446501764,46.92639512862328,2392.8988916057024,5085.830383540442,0.5001233654083395,0.6800393751973404,tinba
53.24143600463867,4070,323049,79.37321867321867,76.4442191162049,6067.6237202139755,2036,2034,103363,219686,50.767681728880156,108.00688298918388,38.24089192152167,38.20332719468324,1941.4014301003165,4126.222290113659,0.49975429975429975,0.6800392510114565,tinba
42.032464027404785,4044,323043,79.8820474777448,96.211347432864,7685.559423529843,2023,2021,103360,219683,51.09243697478992,108.70014844136566,48.129464850812035,48.08188258205197,2459.0516495204806,5226.507774009363,0.4997527200791296,0.68004259494866,tinba
56.549641847610474,4118,323052,78.44876153472559,72.82097402309202,5712.7152258639935,2059,2059,103365,219687,50.20155415250122,106.69596891694998,36.41048701154601,36.41048701154601,1827.8630354290692,3884.852190434924,0.5,0.6800360313509899,tinba
42.816941022872925,4046,323043,79.84256055363322,94.49530730928713,7544.747295875937,2024,2022,103360,219683,51.06719367588933,108.64638971315529,47.27100889619307,47.22429841309406,2413.997766556579,5130.749529319359,0.49975284231339595,0.68004259494866,tinba
53.624948024749756,4059,323052,79.58906134515891,75.69238105604563,6024.28555923076,2031,2028,103365,219687,50.89364844903988,108.32692307692308,37.87416258310635,37.81821847293928,1927.554315806395,4096.731243424365,0.49963045084996305,0.6800360313509899,tinba
42.50699210166931,4050,323043,79.7637037037037,95.27844243396724,7599.761451653353,2026,2024,103360,219683,51.016781836130306,108.53903162055336,47.66274675832535,47.6156956756419,2431.599953080211,5168.161498573142,0.4997530864197531,0.68004259494866,tinba
52.9526948928833,4061,323052,79.54986456537799,76.6910920816192,6100.76598846374,2032,2029,103365,219687,50.868602362204726,108.27353376047314,38.37387321099488,38.317218870624316,1952.025297467759,4148.740690995981,0.49963063284905196,0.6800360313509899,tinba
42.38259506225586,4045,323043,79.86229913473424,95.44012097556305,7622.067490805639,2023,2022,103360,219683,51.09243697478992,108.64638971315529,47.731857783328564,47.708263192234476,2438.73693548435,5183.3305553212895,0.499876390605686,0.68004259494866,tinba
54.08950114250183,4067,323033,79.42783378411606,75.19019244206487,5972.194107484027,2035,2032,103366,219667,50.794103194103194,108.10383858267717,37.62282803530907,37.56736440675579,1911.0178096794878,4061.1762978045394,0.49963117777231375,0.680014116204846,tinba
42.24054002761841,4046,323043,79.84256055363322,95.78476026477354,7647.700521555423,2024,2022,103360,219683,51.06719367588933,108.64638971315529,47.916054072145734,47.868706192627805,2446.938413486652,5200.76210806877,0.49975284231339595,0.68004259494866,tinba
52.69170594215393,4062,323049,79.52954209748893,77.08993146775983,6130.926949957741,2032,2030,103364,219685,50.868110236220474,108.2192118226601,38.56394405280354,38.52598741495629,1961.6749572214494,4169.251992736292,0.499753815854259,0.6800361555058211,tinba
43.09329605102539,4046,323043,79.84256055363322,93.88931390184824,7496.363230547395,2024,2022,103360,219683,51.06719367588933,108.64638971315529,46.96786241654494,46.921451485303294,2398.516926568224,5097.846303979171,0.49975284231339595,0.68004259494866,tinba
53.76617908477783,4058,323055,79.60941350418926,75.47495598676255,6008.516980360664,2031,2027,103366,219689,50.89414081733136,108.38135175135669,37.774676098845426,37.70027988791713,1922.5096847037205,4086.007295656944,0.49950714637752586,0.6800359071984646,tinba
43.80309796333313,4045,323043,79.86229913473424,92.34506662944261,7374.889334777511,2024,2021,103360,219683,51.06719367588933,108.70014844136566,46.20677746798315,46.13828916145946,2359.6504540962146,5015.238880681296,0.49962917181705807,0.68004259494866,tinba
53.74667501449585,4059,323049,79.58832224685884,75.52095081054334,6010.585769498698,2029,2030,103364,219685,50.943321833415474,108.2192118226601,37.751172504211,37.76977830633234,1923.170130470806,4087.415639027892,0.5001231830500124,0.6800361555058211,tinba
42.8341600894928,4047,323043,79.82283172720534,94.48066663486948,7541.71435426937,2025,2022,103360,219683,51.04197530864197,108.64638971315529,47.27535209676568,47.2053145381038,2413.027354430469,5128.686999838901,0.49962935507783546,0.68004259494866,tinba
55.469295024871826,4102,323033,78.75012189176012,73.95082266974383,5823.636299238264,2050,2052,103366,219667,50.42243902439024,107.05019493177387,36.95738334299728,36.99343932674655,1863.481408113296,3960.154891124968,0.500243783520234,0.680014116204846,tinba
42.56731104850769,4046,323043,79.84256055363322,95.0494616723469,7588.9923991645965,2024,2022,103360,219683,51.06719367588933,108.64638971315529,47.54822304123334,47.501238631113544,2428.1543149910467,5160.83808417355,0.49975284231339595,0.68004259494866,tinba
52.9057080745697,4056,323049,79.64718934911242,76.6646955047485,6106.127519258752,2029,2027,103364,219685,50.943321833415474,108.3793783917119,38.35124930452039,38.31344620022811,1953.7400360337335,4152.387483225018,0.4997534516765286,0.6800361555058211,tinba
42.594319105148315,4046,323043,79.84256055363322,94.98919304266953,7584.180397450097,2024,2022,103360,219683,51.06719367588933,108.64638971315529,47.51807383053958,47.47111921212995,2426.614679409373,5157.565718040724,0.49975284231339595,0.68004259494866,tinba
53.15480613708496,4057,323055,79.6290362336702,76.32423659936028,6077.625401677677,2030,2027,103366,219689,50.919211822660095,108.38135175135669,38.19033776107995,38.133898838280324,1944.6218980353644,4133.003503642311,0.49963026867143207,0.6800359071984646,tinba
45.3114709854126,4111,323043,78.58015081488689,90.72757760001832,7129.386730878793,2056,2055,103360,219683,50.27237354085603,106.90170316301703,45.374823533358715,45.35275406665961,2281.100078019434,4848.286652859359,0.4998783750912187,0.68004259494866,tinba
52.79079794883728,4063,323052,79.51070637460005,76.96417098937766,6119.475600900919,2032,2031,103365,219687,50.868602362204726,108.16691285081241,38.49155684233705,38.472614147040616,1958.0116993150436,4161.463901585875,0.49987693822298795,0.6800360313509899,tinba
41.92156004905701,4044,323043,79.8820474777448,96.46587567990487,7705.891661044389,2024,2020,103360,219683,51.06719367588933,108.7539603960396,48.280645988162085,48.18522969174279,2465.557099474522,5240.334561569867,0.49950544015825915,0.68004259494866,tinba
53.35612916946411,4055,323052,79.66757090012331,75.99876646075536,6054.637115334141,2029,2026,103365,219687,50.94381468703795,108.43385982230997,38.02749621427192,37.97127024648344,1937.2657201519057,4117.371395182235,0.4996300863131936,0.6800360313509899,tinba
42.8025119304657,4048,323043,79.80311264822134,94.57388871419812,7547.290694639501,2025,2023,103360,219683,51.04197530864197,108.59268413247652,47.310307471899996,47.263581242298116,2414.8115458249795,5132.479148814522,0.49975296442687744,0.68004259494866,tinba
54.440765142440796,4056,323052,79.64792899408285,74.5029940227279,5934.00917776881,2029,2027,103365,219687,50.94381468703795,108.38036507153429,37.26986559963385,37.233128423094044,1898.6691265185575,4035.3400512502526,0.4997534516765286,0.6800360313509899,tinba
42.88625407218933,4047,323043,79.82283172720534,94.36590085923076,7532.553425072519,2025,2022,103360,219683,51.04197530864197,108.64638971315529,47.21792667159434,47.14797418763642,2410.096247296786,5122.457177775733,0.49962935507783546,0.68004259494866,tinba
53.022416830062866,4054,323052,79.68722249629995,76.4582273379407,6092.743773551165,2028,2026,103365,219687,50.968934911242606,108.43385982230997,38.247973616513015,38.21025372142769,1949.458477746976,4143.2852958041885,0.4997533300444006,0.6800360313509899,tinba
44.360015869140625,4083,323043,79.11903012490815,92.04234759619122,7282.301272230321,2040,2043,103360,219683,50.666666666666664,107.52961331375428,45.98735956312272,46.0549880330685,2330.026217864885,4952.2750543654365,0.5003673769287289,0.68004259494866,tinba
52.5855188369751,4056,323052,79.64792899408285,77.13150102358703,6143.364316733688,2029,2027,103365,219687,50.94381468703795,108.38036507153429,38.584767154057715,38.54673386952932,1965.655227638825,4177.709089094863,0.4997534516765286,0.6800360313509899,tinba
42.28270387649536,4052,323043,79.72433366238894,95.83114674585597,7640.07431841598,2027,2025,103360,219683,50.99161322150962,108.48543209876543,47.93922370529369,47.891923040562276,2444.4983533197615,5195.575965096218,0.4997532082922014,0.68004259494866,tinba
53.074121952056885,4053,323052,79.70688378978535,76.36489970877278,6086.808186705765,2028,2025,103365,219687,50.968934911242606,108.4874074074074,38.21071221549253,38.15418749328026,1947.5593038236611,4139.248882882103,0.4996299037749815,0.6800360313509899,tinba
43.7088680267334,4052,323043,79.72433366238894,92.70429967487831,7390.788519218093,2026,2026,103360,219683,51.016781836130306,108.43188548864758,46.35214983743916,46.35214983743916,2364.7375158922564,5026.051003325837,0.5,0.68004259494866,tinba
53.46350884437561,4060,323055,79.57019704433498,75.93964720531271,6042.532691604015,2031,2029,103366,219689,50.89414081733136,108.2745194677181,37.98852794925865,37.951119256054064,1933.393490892698,4109.139200711316,0.49975369458128077,0.6800359071984646,tinba
44.016928911209106,4090,323226,79.0283618581907,92.91879513562482,7343.220165405249,2047,2043,103360,219866,50.49340498290181,107.61918746940773,46.50483463144841,46.41396050417641,2348.1874487086016,4995.032716696647,0.49951100244498775,0.6802237443769994,tinba
52.90310597419739,4057,323049,79.62755730835593,76.68736882818817,6106.427856193582,2029,2028,103364,219685,50.943321833415474,108.3259368836292,38.35313565501449,38.33423317317368,1953.8361329940453,4152.591723199536,0.49987675622381067,0.6800361555058211,tinba
42.60496497154236,4052,323043,79.72433366238894,95.10628638484977,7582.285309136481,2026,2026,103360,219683,51.016781836130306,108.43188548864758,47.55314319242488,47.55314319242488,2426.008331870205,5156.276977266276,0.5,0.68004259494866,tinba
53.020442962646484,4061,323055,79.55060329967988,76.59309830476184,6093.027178735492,2031,2030,103366,219689,50.89414081733136,108.22118226600985,38.30597947721529,38.28711882754654,1949.5499136592002,4143.4772650762925,0.49987687761635063,0.6800359071984646,tinba
45.5164258480072,4089,323043,79.00293470286134,89.8357004931446,7097.28398004571,2044,2045,103360,219683,50.567514677103716,107.42444987775062,44.90686520126866,44.928835291875934,2270.828565167871,4826.455414877839,0.5001222792858889,0.68004259494866,tinba
42.50748610496521,4052,323043,79.72433366238894,95.32438568571794,7599.67313057043,2027,2025,103360,219683,50.99161322150962,108.48543209876543,47.685718110797204,47.63866757492074,2431.5716940957072,5168.1014364747225,0.4997532082922014,0.68004259494866,tinba
53.16679883003235,4059,323027,79.5829021926583,76.34463780631441,6075.727843473842,2031,2028,103364,219663,50.8931560807484,108.31508875739645,38.200531999168405,38.144105807146,1944.1456374013012,4131.58220607254,0.49963045084996305,0.6800143641243611,tinba
42.994469165802,4054,323043,79.68500246669956,94.29119788329821,7513.594335918674,2027,2027,103360,219683,50.99161322150962,108.37839171188949,47.145598941649105,47.145598941649105,2404.0301463289843,5109.56418958969,0.5,0.68004259494866,tinba
53.4193160533905,4066,323055,79.45277914412199,76.11478956293999,6047.531564745592,2033,2033,103366,219689,50.844072798819475,108.0614854894245,38.057394781469995,38.057394781469995,1934.992950802473,4112.538613943119,0.5,0.6800359071984646,tinba
42.57887506484985,4044,323043,79.8820474777448,94.97667549555446,7586.931301214243,2023,2021,103360,219683,51.09243697478992,108.70014844136566,47.51182357257831,47.46485192297615,2427.494851439295,5159.436449774948,0.4997527200791296,0.68004259494866,tinba
53.41922187805176,4067,323052,79.43250553233341,76.13364360275341,6047.486066672411,2033,2034,103365,219687,50.84358091490408,108.00737463126843,38.05746187469823,38.07618172805518,1934.9776422420964,4112.508424430314,0.5001229407425621,0.6800360313509899,tinba
42.305960178375244,4047,323043,79.82283172720534,95.66028008669639,7635.874440337698,2025,2022,103360,219683,51.04197530864197,108.64638971315529,47.86559604041517,47.794684046281226,2443.1545712283023,5192.719869109395,0.49962935507783546,0.68004259494866,tinba
53.26614212989807,4058,323052,79.60867422375554,76.18347861769139,6064.86573050824,2030,2028,103365,219687,50.91871921182266,108.32692307692308,38.110512960550395,38.07296565714099,1940.538508456794,4124.3272220514455,0.49975357318876296,0.6800360313509899,tinba
44.51525592803955,4089,323043,79.00293470286134,91.85614942010015,7256.9053746924465,2044,2045,103360,219683,50.567514677103716,107.42444987775062,45.91684260569448,45.939306814405676,2321.9006123897166,4935.004762302729,0.5001222792858889,0.68004259494866,tinba
53.09303689002991,4060,323030,79.56403940886699,76.46953796237653,6084.225332016377,2030,2030,103365,219665,50.91871921182266,108.20935960591133,38.23476898118827,38.23476898118827,1946.8654658820321,4137.359866134346,0.5,0.6800142401634524,tinba
42.2657790184021,4049,323043,79.78340330945913,95.79854184722599,7643.133700655329,2024,2025,103360,219683,51.06719367588933,108.48543209876543,47.88744102217471,47.911100825051285,2445.4772253221236,5197.656475333205,0.5001234872808101,0.68004259494866,tinba
53.118319034576416,4065,323052,79.47158671586716,76.52727107862658,6081.743659653745,2033,2032,103365,219687,50.84358091490408,108.11368110236221,38.27304848778545,38.25422259084114,1945.9388376487668,4135.804822004979,0.4998769987699877,0.6800360313509899,tinba
44.37823295593262,4054,323043,79.68500246669956,91.3510910636213,7279.311916740358,2027,2027,103360,219683,50.99161322150962,108.37839171188949,45.67554553181065,45.67554553181065,2329.0697514395406,4950.242165300818,0.5,0.68004259494866,tinba
52.85786199569702,4062,323052,79.53028064992614,76.84760311210987,6111.711442780235,2032,2030,103365,219687,50.868602362204726,108.22019704433498,38.44272021757933,38.40488289453053,1955.5274484695312,4156.183994310704,0.499753815854259,0.6800360313509899,tinba
42.39646315574646,4043,323043,79.90180558990848,95.36172829199805,7619.5742747049035,2023,2020,103360,219683,51.09243697478992,108.7539603960396,47.716244455778394,47.645483836219654,2437.939212530526,5181.635062174377,0.4996289883749691,0.68004259494866,tinba
52.9457368850708,4059,323052,79.58906134515891,76.66339612594047,6101.567737195694,2030,2029,103365,219687,50.91871921182266,108.27353376047314,38.34114169392933,38.322254432011135,1952.2818281738942,4149.285909021799,0.4998768169499877,0.6800360313509899,tinba
42.18299198150635,4052,323043,79.72433366238894,96.05767181655719,7658.13387873546,2026,2026,103360,219683,51.016781836130306,108.43188548864758,48.028835908278595,48.028835908278595,2450.2766433759502,5207.857235359509,0.5,0.68004259494866,tinba
54.287992000579834,4056,323030,79.64250493096647,74.71265468718532,5950.302969329752,2029,2027,103365,219665,50.94381468703795,108.36951159348791,37.37474762334788,37.337907063837434,1904.0122168986466,4046.2907524311054,0.4997534516765286,0.6800142401634524,tinba
45.07791304588318,4087,323046,79.04232933692195,90.66524432575196,7166.39210140858,2044,2043,103361,219685,50.56800391389432,107.53059226627508,45.34371406944874,45.32153025630322,2292.941110534389,4873.450990874191,0.49987766087594815,0.6800424707317224,tinba
53.77821087837219,4063,323049,79.50996800393797,75.55104444045392,6007.061126124588,2031,2032,103364,219685,50.8931560807484,108.1126968503937,37.766224774443,37.78481966601092,1922.0423720263548,4085.018754098233,0.500123061777012,0.6800361555058211,tinba
44.8581600189209,4091,323043,78.96431190417991,91.198568962134,7201.43224474081,2045,2046,103360,219683,50.54278728606357,107.37194525904204,45.58813823699928,45.61043072513473,2304.1515736803153,4897.280671060495,0.5001222195062331,0.68004259494866,tinba
54.37765312194824,4061,323033,79.5451859147993,74.6814135375194,5940.5469242219915,2031,2030,103366,219667,50.89414081733136,108.21034482758621,37.349901722408745,37.33151181511066,1900.891157773758,4039.6557664482334,0.49987687761635063,0.680014116204846,tinba
43.50896215438843,4047,323043,79.82283172720534,93.0153191344696,7424.74616732307,2025,2022,103360,219683,51.04197530864197,108.64638971315529,46.542135222955515,46.4731839115141,2375.602516861571,5049.143650461499,0.49962935507783546,0.68004259494866,tinba
53.588318824768066,4057,323049,79.62755730835593,75.70679746954274,6028.347354138109,2030,2027,103364,219685,50.91822660098522,108.3793783917119,37.8813899095814,37.82540755996133,1928.8531953763409,4099.494158761769,0.49963026867143207,0.6800361555058211,tinba
43.25622606277466,4049,323043,79.78340330945913,93.6050221793269,7468.127236324104,2026,2023,103360,219683,51.016781836130306,108.59268413247652,46.83718817864072,46.76783400068617,2389.482611127495,5078.644625196609,0.4996295381575698,0.68004259494866,tinba
63.58409595489502,4062,323033,79.52560315115707,63.88389956635512,5080.405644662332,2031,2031,103366,219667,50.89414081733136,108.15706548498277,31.94194978317756,31.94194978317756,1625.6580902451656,3454.747554417166,0.5,0.680014116204846,tinba
44.06833600997925,4077,323107,79.25116507235713,92.51540605201806,7331.953716764631,2038,2039,103424,219683,50.74779195289499,107.74055909759686,46.24635701104067,46.2690490409774,2346.900504175599,4985.053212589032,0.5001226391954868,0.6799078942888889,tinba
40.76320505142212,3585,286047,79.78995815899582,87.9469608799794,7017.2843288243985,1794,1791,91586,194461,51.05128205128205,108.57677275265215,44.010278331571286,43.93668254840812,2246.7811322604725,4770.503196563926,0.499581589958159,0.6798218474586344,tinba
0.04730105400085449,4,63,15.75,84.56471181229365,1331.894211043625,2,2,0,63,0.0,31.5,42.282355906146826,42.282355906146826,0.0,1331.894211043625,0.5,1.0,zloader
174.59548497200012,318,19171,60.28616352201258,1.8213529407762044,109.80238121893274,160,158,4954,14217,30.9625,89.98101265822785,0.9164039953590964,0.9049489454171078,28.374158706306027,81.42822251262672,0.4968553459119497,0.7415888581711961,zloader
44.44528102874756,144,6451,44.798611111111114,3.2399390141522484,145.1447679187233,72,72,2127,4324,29.541666666666668,60.05555555555556,1.6199695070761242,1.6199695070761242,47.85659918820717,97.28816873051613,0.5,0.6702836769493102,zloader
98.61429214477539,234,14969,63.97008547008547,2.3728812012001788,151.79341325113452,118,116,3538,11431,29.983050847457626,98.54310344827586,1.1965811185539363,1.1763000826462426,35.877152520710396,115.91626073042413,0.49572649572649574,0.7636448660565168,zloader
179.8868191242218,211,10398,49.279620853080566,1.1729597589598426,57.80301219746181,108,103,3844,6554,35.592592592592595,63.63106796116505,0.6003775069557488,0.5725822520040937,21.368992006832393,36.434020190629425,0.4881516587677725,0.6303135218311213,zloader
175.48182702064514,399,17373,43.54135338345865,2.273739718660772,99.00170459221454,198,201,5639,11734,28.47979797979798,58.37810945273632,1.1283219656512102,1.145417753009562,32.13438163791503,66.86732295429951,0.5037593984962406,0.6754158752086571,zloader
175.56603288650513,387,16950,43.798449612403104,2.2042988249906896,96.54487101703407,193,194,5555,11395,28.78238341968912,58.73711340206186,1.099301481196907,1.1049973437937823,31.64051672564155,64.90435429139252,0.5012919896640827,0.6722713864306785,zloader
11.378696918487549,32,1356,42.375,2.8122728137707904,119.17006048353724,16,16,444,912,27.75,57.0,1.4061364068853952,1.4061364068853952,39.02028529106972,80.14977519246753,0.5,0.672566371681416,zloader
120.0170750617981,37,6468,174.8108108108108,0.30828946615261454,53.89233154257056,19,18,766,5702,40.31578947368421,316.77777777777777,0.1583108069432345,0.14997865920938003,6.382425164132506,47.50990637843805,0.4864864864864865,0.8815708101422387,zloader
99.43532681465149,220,14947,67.94090909090909,2.2124933567129754,150.31881001267655,110,110,3538,11409,32.163636363636364,103.71818181818182,1.1062466783564877,1.1062466783564877,35.580915891138666,114.73789412153789,0.5,0.7632969826721081,zloader
0.3122420310974121,25,1801,72.04,80.06609460018723,5767.961454997488,13,12,947,854,72.84615384615384,71.16666666666667,41.63436919209736,38.43172540808987,3032.903663455092,2735.0577915423955,0.48,0.47418101054969464,zloader
98.71901082992554,216,10609,49.11574074074074,2.188028406930938,107.46663596819593,109,107,3841,6768,35.23853211009175,63.25233644859813,1.104143964608668,1.0838844423222702,38.908412551026544,68.5582234171694,0.49537037037037035,0.6379489113017249,zloader
174.2293541431427,395,18448,46.70379746835443,2.2671265811814774,105.88342068262253,198,197,6409,12039,32.36868686868687,61.111675126903556,1.1364330710732469,1.1306935101082305,36.7848462247901,69.09857445783243,0.49873417721518987,0.652591066782307,zloader
176.0304560661316,381,16937,44.45406824146982,2.1643981871913396,96.21630471511737,192,189,5545,11392,28.880208333333332,60.27513227513227,1.0907203463011477,1.0736778408901921,31.500230834582624,64.71607388053476,0.49606299212598426,0.6726102615575368,zloader
87.55614304542542,184,8475,46.05978260869565,2.101508741705743,96.79503579324006,94,90,2775,5700,29.52127659574468,63.333333333333336,1.07359685717576,1.027911884529983,31.69394977300781,65.10108602023226,0.4891304347826087,0.672566371681416,zloader
0.3117949962615967,27,6117,226.55555555555554,86.59536016847089,19618.659931501352,14,13,644,5473,46.0,421.0,44.90129786513305,41.69406230333784,2065.4597017961205,17553.200229705228,0.48148148148148145,0.8947196338074219,zloader
98.10147500038147,220,10631,48.32272727272727,2.2425758634021,108.36738183558057,111,109,3841,6790,34.6036036036036,62.293577981651374,1.1314814583528776,1.1110944050492222,39.1533358696703,69.21404596591027,0.4954545454545455,0.6386981469287931,zloader
98.81787896156311,228,10957,48.05701754385965,2.3072747805959737,110.88074460960563,115,113,3947,7010,34.321739130434786,62.0353982300885,1.1637570165286708,1.1435177640673027,39.94216473251012,70.9385798770955,0.4956140350877193,0.639773660673542,zloader
176.65019512176514,395,18067,45.73924050632911,2.236057535785489,102.27557341528211,198,197,6283,11784,31.732323232323232,59.81725888324873,1.1208592204696883,1.115198315315801,35.567467081874,66.70810633340811,0.49873417721518987,0.6522388885813915,zloader
175.6288640499115,375,16611,44.296,2.135184339024306,94.58012548142067,188,187,5439,11172,28.930851063829788,59.74331550802139,1.0704390819641854,1.0647452570601206,30.968713653208535,63.61141182821213,0.49866666666666665,0.672566371681416,zloader
88.68880891799927,208,8801,42.3125,2.3452789877053664,99.23461716728332,104,104,2881,5920,27.701923076923077,56.92307692307692,1.1726394938526832,1.1726394938526832,32.48436905566904,66.75024811161428,0.5,0.6726508351323713,zloader
133.6428439617157,245,15295,62.42857142857143,1.8332444352215707,114.44683117026092,123,122,3644,11651,29.6260162601626,95.5,0.920363532784707,0.9128809024368638,27.266704987540425,87.18012618272049,0.49795918367346936,0.7617522066034652,zloader
97.90869188308716,219,14947,68.25114155251141,2.2367779181597895,152.66264631385562,111,108,3538,11409,31.873873873873872,105.63888888888889,1.1337093557796194,1.1030685623801704,36.13570901575039,116.52693729810521,0.4931506849315068,0.7632969826721081,zloader
175.4923539161682,405,18393,45.41481481481482,2.307792852294103,104.80798501788996,203,202,6389,12004,31.472906403940886,59.42574257425743,1.1567455531251922,1.1510472991689105,36.40614452668401,68.40184049120595,0.49876543209876545,0.6526395911488067,zloader
179.82159280776978,387,17306,44.718346253229974,2.152133089009533,96.2398326573617,193,194,5671,11635,29.383419689119172,59.97422680412371,1.0732860107980358,1.0788470782114972,31.53681330173918,64.70301935562253,0.5012919896640827,0.672310181439963,zloader
87.44215703010559,184,8136,44.21739130434783,2.1042481824487744,93.04436528480015,93,91,2664,5472,28.64516129032258,60.13186813186813,1.0635602226507392,1.0406879597980352,30.46585411980182,62.57851116499833,0.4945652173913043,0.672566371681416,zloader
0.352139949798584,29,6139,211.68965517241378,82.35362110032486,17433.40965292739,14,15,644,5495,46.0,366.3333333333333,39.756920531191305,42.596700569133546,1828.8183444348,15604.591308492589,0.5172413793103449,0.895096921322691,zloader
0.21561908721923828,25,1830,73.2,115.94520838769887,8487.189253979557,13,12,965,865,74.23076923076923,72.08333333333333,60.29150836160341,55.65370002609546,4475.485043765177,4011.704210214381,0.48,0.4726775956284153,zloader
157.80149817466736,235,14969,63.69787234042553,1.4892127306667466,94.85968240574694,118,117,3538,11431,29.983050847457626,97.7008547008547,0.7477749030581962,0.7414378276085504,22.420572940846593,72.43910946490034,0.4978723404255319,0.7636448660565168,zloader
0.31189799308776855,25,1801,72.04,80.15441123074159,5774.323785062625,13,12,947,854,72.84615384615384,71.16666666666667,41.68029383998563,38.474117390755964,3036.2490974204916,2738.074687642133,0.48,0.47418101054969464,zloader
99.14947390556335,229,10631,46.4235807860262,2.3096441259800837,107.22195066940729,115,114,3841,6790,33.4,59.56140350877193,1.1598649540948018,1.149779171885282,38.739489466766386,68.48246120264092,0.4978165938864629,0.6386981469287931,zloader
6.244898080825806,22,5598,254.45454545454547,3.5228757483726283,896.4117472449988,13,9,742,4856,57.07692307692308,539.5555555555555,2.081699305856553,1.4411764425160751,118.81699114965865,777.5947560953401,0.4090909090909091,0.8674526616648803,zloader
6.859745979309082,173,205600,1188.4393063583816,25.219592754865346,29971.95532023303,77,96,768,204832,9.974025974025974,2133.6666666666665,11.224905445807119,13.994687309058225,111.9574984724658,29859.997821760568,0.5549132947976878,0.9962645914396887,zloader
175.32705903053284,417,19755,47.37410071942446,2.3784121076677636,112.67513474095125,210,207,6833,12922,32.53809523809524,62.42512077294686,1.1977614930700968,1.1806506145976667,38.972877534037956,73.70225720691329,0.49640287769784175,0.6541128828144773,zloader
175.361713886261,388,16934,43.644329896907216,2.212569616259884,96.56611825191978,195,193,5542,11392,28.42051282051282,59.02590673575129,1.111987307140921,1.1005823091189628,31.60324951884607,64.9628687330737,0.49742268041237114,0.6727294201015708,zloader
87.4713020324707,196,8475,43.23979591836735,2.240734909001832,96.88892017240065,98,98,2775,5700,28.316326530612244,58.16326530612245,1.120367454500916,1.120367454500916,31.724690675918794,65.16422949648185,0.5,0.672566371681416,zloader
0.31219983100891113,26,6117,235.26923076923077,83.27999382952223,19593.22008673798,13,13,644,5473,49.53846153846154,421.0,41.63999691476111,41.63999691476111,2062.7813856235502,17530.438701114428,0.5,0.8947196338074219,zloader
98.8310399055481,217,10609,48.88940092165899,2.1956664647805475,107.34481808689783,110,107,3841,6768,34.91818181818182,63.25233644859813,1.1130106503495862,1.0826558144309613,38.864308254479646,68.48050983241818,0.4930875576036866,0.6379489113017249,zloader
0.02509593963623047,19,1419,74.6842105263158,757.0945848375451,56543.01136234087,10,9,785,634,78.5,70.44444444444444,398.47083412502377,358.62375071252137,31279.960478814366,25263.050883526506,0.47368421052631576,0.44679351656095845,zloader
0.22041702270507812,26,2133,82.03846153846153,117.95822156072065,9677.111022654506,13,13,1067,1066,82.07692307692308,82.0,58.97911078036032,58.97911078036032,4840.823938664959,4836.287083989547,0.5,0.4997655883731833,zloader
98.827467918396,227,10957,48.268722466960355,2.2969322677318704,110.86998615655553,114,113,3947,7010,34.62280701754386,62.0353982300885,1.1535254560415562,1.1434068116903144,39.93828925435107,70.93169690220446,0.4977973568281938,0.639773660673542,zloader
175.72947812080383,389,18089,46.501285347043705,2.2136297459017378,102.93662846688056,194,195,6283,11806,32.38659793814433,60.54358974358974,1.1039695905011238,1.109660155400614,35.75381926349774,67.18280920338282,0.5012853470437018,0.6526618386864945,zloader
177.1414439678192,392,16611,42.375,2.2129208796063193,93.77252227331778,196,196,5439,11172,27.75,57.0,1.1064604398031597,1.1064604398031597,30.70427720453768,63.068245068780094,0.5,0.672566371681416,zloader
87.86844897270203,196,8801,44.9030612244898,2.230607257684622,100.16109425960387,97,99,2881,5920,29.701030927835053,59.7979797979798,1.1039229795684098,1.126684278116212,32.78765055810916,67.37344370149471,0.5051020408163265,0.6726508351323713,zloader
149.50621795654297,235,15295,65.08510638297872,1.571840979004014,102.30343733560167,119,116,3644,11651,30.6218487394958,100.4396551724138,0.7959535170275646,0.7758874619764494,24.373568202087775,77.9298691335139,0.49361702127659574,0.7617522066034652,zloader
0.31175994873046875,25,1831,73.24,80.18990284609549,5873.108484448034,13,12,962,869,74.0,72.41666666666667,41.698749479969656,38.491153366125836,3085.7074615177544,2787.4010229302794,0.48,0.474604041507373,zloader
98.92175889015198,230,10631,46.221739130434784,2.325069859052995,107.4687724851843,116,114,3841,6790,33.11206896551724,59.56140350877193,1.1726439289136843,1.1524259301393105,38.82866664618501,68.64010583899929,0.4956521739130435,0.6386981469287931,zloader
177.78773307800293,381,17715,46.496062992125985,2.143004994798147,99.64129523057525,191,190,6167,11548,32.287958115183244,60.77894736842105,1.074314839911932,1.068690154886215,34.68743255359625,64.953862676979,0.49868766404199477,0.6518769404459498,zloader
175.32123494148254,384,16950,44.140625,2.1902652016349804,96.67967491591905,190,194,5550,11400,29.210526315789473,58.76288659793814,1.0837249695589746,1.1065402320760056,31.656176742380573,65.02349817353847,0.5052083333333334,0.672566371681416,zloader
93.81078505516052,198,8814,44.515151515151516,2.1106315215630747,93.95508197503506,100,98,2886,5928,28.86,60.48979591836735,1.0659755159409467,1.044656005622128,30.764053390055725,63.19102858497933,0.494949494949495,0.672566371681416,zloader
0.41345882415771484,27,6139,227.37037037037038,65.3027542827355,14847.911427470863,14,13,644,5495,46.0,422.6923076923077,33.860687405862855,31.44206687687265,1557.5916206696913,13290.319806801172,0.48148148148148145,0.895096921322691,zloader
0.3118720054626465,25,1831,73.24,80.16109032586543,5870.998255466384,13,12,962,869,74.0,72.41666666666667,41.68376696945002,38.477323356415404,3084.5987557393014,2786.399499727082,0.48,0.474604041507373,zloader
144.09297609329224,229,10957,47.8471615720524,1.5892516499328542,76.04118047298813,116,113,3947,7010,34.025862068965516,62.0353982300885,0.8050357702716642,0.7842158796611901,27.392036079847056,48.649144393141086,0.49344978165938863,0.639773660673542,zloader
98.10575699806213,209,10631,50.866028708133975,2.1303540831363073,108.36265195130183,104,105,3841,6790,36.93269230769231,64.66666666666667,1.0600805006994063,1.0702735824369007,39.15162695371558,69.21102499758625,0.5023923444976076,0.6386981469287931,zloader
175.24522304534912,389,18067,46.44473007712082,2.219746668354757,103.09553485132493,196,193,6283,11784,32.05612244897959,61.056994818652846,1.1184327686311886,1.1013138997235683,35.852617782192645,67.24291706913228,0.4961439588688946,0.6522388885813915,zloader
179.98409390449524,391,17422,44.55754475703325,2.172414192375666,96.79744260759296,197,194,5767,11655,29.274111675126903,60.077319587628864,1.0945411659795554,1.0778730263961103,32.04172032590912,64.75572228168384,0.4961636828644501,0.6689817472161634,zloader
87.65197086334229,178,7990,44.8876404494382,2.03075867258614,91.15596513462505,89,89,2553,5437,28.685393258426966,61.08988764044944,1.01537933629307,1.01537933629307,29.126555568047277,62.02940956657777,0.5,0.6804755944931163,zloader
0.3122291564941406,27,6117,226.55555555555554,86.47494776967342,19591.379833596013,14,13,644,5473,46.0,421.0,44.83886180649733,41.63608596317609,2062.5876430988774,17528.792190497134,0.48148148148148145,0.8947196338074219,zloader
98.93377113342285,225,10609,47.15111111111111,2.274248696095525,107.23335296389966,112,113,3841,6768,34.294642857142854,59.89380530973451,1.132070462056439,1.1421782340390858,38.82395218534627,68.40940077855339,0.5022222222222222,0.6379489113017249,zloader
163.23233485221863,230,10957,47.63913043478261,1.409034553161474,67.1251808651751,116,114,3947,7010,34.025862068965516,61.49122807017544,0.7106435137683956,0.6983910393930784,24.18025817968843,42.94492268548667,0.4956521739130435,0.639773660673542,zloader
175.68287897109985,393,18067,45.972010178117046,2.2369851991362757,102.83870634299005,196,197,6283,11784,32.05612244897959,59.81725888324873,1.1156465624191094,1.121338636717166,35.76330281469013,67.07540352829993,0.5012722646310432,0.6522388885813915,zloader
176.1361598968506,377,16611,44.06100795755968,2.140389572594179,94.30772199034989,188,189,5439,11172,28.930851063829788,59.111111111111114,1.0673560733360892,1.0730334992580897,30.879519589760584,63.428202400589306,0.5013262599469496,0.672566371681416,zloader
86.7384979724884,192,8801,45.838541666666664,2.213549974786263,101.46590275048905,98,94,2881,5920,29.397959183673468,62.97872340425532,1.1298327996304882,1.0837171751557744,33.21477852791262,68.25112422257644,0.4895833333333333,0.6726508351323713,zloader
65.33431696891785,33,6139,186.03030303030303,0.5050944362929427,93.96287104249622,18,15,644,5495,35.77777777777778,366.3333333333333,0.2755060561597869,0.22958838013315577,9.85699445371682,84.1058765887794,0.45454545454545453,0.895096921322691,zloader
99.34115600585938,227,10631,46.83259911894273,2.2850549472829873,107.01506231086096,114,113,3841,6790,33.69298245614035,60.08849557522124,1.1475606343183284,1.1374943129646589,38.66474031944473,68.35032199141622,0.4977973568281938,0.6386981469287931,zloader
97.69664597511292,222,10631,47.887387387387385,2.2723400356707426,108.81642756403453,111,111,3841,6790,34.6036036036036,61.171171171171174,1.1361700178353713,1.1361700178353713,39.315576923474424,69.5008506405601,0.5,0.6386981469287931,zloader
176.3703830242157,361,16381,45.37673130193906,2.046828916567214,92.87840576810952,181,180,5723,10658,31.61878453038674,59.21111111111111,1.0262494013813457,1.0205795151858685,32.448758696715146,60.42964707139437,0.4986149584487535,0.650631829558635,zloader
174.6037678718567,378,16611,43.94444444444444,2.1649017349809867,95.13540402055335,189,189,5439,11172,28.77777777777778,59.111111111111114,1.0824508674904934,1.0824508674904934,31.150530520004196,63.98487350054916,0.5,0.672566371681416,zloader
109.36408495903015,233,10509,45.103004291845494,2.130498326642482,96.09187517032552,117,116,3441,7068,29.41025641025641,60.93103448275862,1.0698210481423622,1.06067727850012,31.463711338956145,64.62816383136938,0.4978540772532189,0.672566371681416,zloader
0.21714496612548828,27,6117,226.55555555555554,124.34089761213563,28170.12113679384,14,13,644,5473,46.0,421.0,64.47305802110736,59.86783959102827,2965.760668970939,25204.360467822902,0.48148148148148145,0.8947196338074219,zloader
130.46058702468872,238,15273,64.17226890756302,1.824305757224289,117.06983962221246,119,119,3644,11629,30.6218487394958,97.72268907563026,0.9121528786121444,0.9121528786121444,27.93180747615676,89.13803214605569,0.5,0.7614090224579323,zloader
98.41970920562744,222,10631,47.887387387387385,2.255645762335848,108.0169824296955,112,110,3841,6790,34.294642857142854,61.72727272727273,1.1379834476649324,1.1176623146709157,39.02673591500898,68.99024651468653,0.4954954954954955,0.6386981469287931,zloader
174.39734196662903,396,18393,46.446969696969695,2.270676809258794,105.46605695125506,198,198,6389,12004,32.26767676767677,60.62626262626262,1.135338404629397,1.135338404629397,36.634732662511205,68.83132428874386,0.5,0.6526395911488067,zloader
176.4507818222046,385,16611,43.14545454545455,2.181911556435799,94.13956588040274,193,192,5439,11172,28.181347150259068,58.1875,1.093789429589894,1.088122126845905,30.82445962455665,63.315106255846096,0.4987012987012987,0.672566371681416,zloader
88.17615509033203,191,8475,44.3717277486911,2.1661184909268285,96.11441995081084,96,95,2775,5700,28.90625,60.0,1.0887297127171494,1.0773887782096792,31.4710932582301,64.64332669258074,0.4973821989528796,0.672566371681416,zloader
0.3128659725189209,26,6117,235.26923076923077,83.10267745217203,19551.50299903601,13,13,644,5473,49.53846153846154,421.0,41.551338726086016,41.551338726086016,2058.3893953537995,17493.11360368221,0.5,0.8947196338074219,zloader
97.92030000686646,224,10631,47.45982142857143,2.2875746906851027,108.5678863244345,112,112,3841,6790,34.294642857142854,60.625,1.1437873453425513,1.1437873453425513,39.22577851304232,69.34210781139218,0.5,0.6386981469287931,zloader
99.02672696113586,230,10957,47.63913043478261,2.3226052910974837,110.64689641110925,116,114,3947,7010,34.025862068965516,61.49122807017544,1.1714009294230787,1.151204361674405,39.85792645200769,70.78896995910156,0.4956521739130435,0.639773660673542,zloader
179.76064205169678,403,18235,45.24813895781638,2.2418700523115764,101.44044765236127,203,200,6394,11841,31.497536945812808,59.205,1.1292794556308934,1.112590596680683,35.569521375881436,65.87092627647984,0.49627791563275436,0.6493556347683027,zloader
175.21311688423157,380,16465,43.328947368421055,2.1687873987829183,93.97127505515986,189,191,5328,11137,28.19047619047619,58.30890052356021,1.078686364131504,1.0901010346514142,30.408682265040497,63.56259279011937,0.5026315789473684,0.6764044943820224,zloader
88.68359184265137,202,8801,43.56930693069307,2.2777606973610465,99.24045493799292,102,100,2881,5920,28.245098039215687,59.2,1.150156391736766,1.1276043056242804,32.48628004503552,66.75417489295741,0.49504950495049505,0.6726508351323713,zloader
0.3117399215698242,27,6117,226.55555555555554,86.61065885959196,19622.125934967557,14,13,644,5473,46.0,421.0,44.90923051978842,41.70142833980354,2065.824603910268,17556.30133105729,0.48148148148148145,0.8947196338074219,zloader
99.64630317687988,227,10631,46.83259911894273,2.2780574167117615,106.6873497667962,114,113,3841,6790,33.69298245614035,60.08849557522124,1.1440464559697834,1.1340109607419784,38.546337169999454,68.14101259679676,0.4977973568281938,0.6386981469287931,zloader
98.12202596664429,221,10609,48.00452488687783,2.252297563394451,108.12047443462323,112,109,3841,6768,34.294642857142854,62.091743119266056,1.1414358692315771,1.1108616941628742,39.14513547962935,68.97533895499387,0.49321266968325794,0.6379489113017249,zloader
175.02157998085022,322,14686,45.608695652173914,1.8397731298919324,83.90965275028857,162,160,5168,9518,31.901234567901234,59.4875,0.925600146094699,0.9141729837972336,29.527787376650643,54.38186537363793,0.4968944099378882,0.6481002315130056,zloader
175.42452597618103,384,16950,44.140625,2.1889755600772673,96.62274933153563,193,191,5550,11400,28.756476683937823,59.68586387434555,1.100188237226335,1.0887873228509324,31.637537391741755,64.98521193979387,0.4973958333333333,0.672566371681416,zloader
125.34906196594238,263,11865,45.11406844106464,2.098140950360344,94.65567443355697,132,131,3885,7980,29.431818181818183,60.916030534351144,1.05305933630253,1.0450816140578139,30.993450920722193,63.66222351283477,0.49809885931558934,0.672566371681416,zloader
0.21016597747802734,30,6139,204.63333333333333,142.7443221781055,29210.246461712988,15,15,644,5495,42.93333333333333,366.3333333333333,71.37216108905275,71.37216108905275,3064.244782756665,26146.001678956323,0.5,0.895096921322691,zloader
114.90534496307373,236,15273,64.71610169491525,2.0538644227197747,132.91809884830136,118,118,3644,11629,30.88135593220339,98.55084745762711,1.0269322113598873,1.0269322113598873,31.713059137249402,101.20503971105195,0.5,0.7614090224579323,zloader
162.00803685188293,225,10609,47.15111111111111,1.3888199892558908,65.48440562673665,114,111,3841,6768,33.69298245614035,60.972972972972975,0.7036687945563179,0.6851511946995728,23.70870034991945,41.77570527681719,0.49333333333333335,0.6379489113017249,zloader
175.01979112625122,395,18415,46.620253164556964,2.256887620869489,105.21667224889022,200,195,6389,12026,31.945,61.67179487179487,1.142727909301007,1.1141597115684818,36.504443062620666,68.71222918626955,0.4936708860759494,0.6530545750746674,zloader
174.81307792663574,374,16611,44.4144385026738,2.139428036139021,95.02149494199273,187,187,5439,11172,29.085561497326204,59.74331550802139,1.0697140180695106,1.0697140180695106,31.113232857112667,63.90826208488007,0.5,0.672566371681416,zloader
88.28304100036621,192,8475,44.140625,2.174823135048141,95.99805244548435,95,97,2775,5700,29.210526315789473,58.76288659793814,1.0760843636956947,1.0987387713524461,31.43299062374266,64.56506182174168,0.5052083333333334,0.672566371681416,zloader
0.31258583068847656,31,6139,198.03225806451613,99.17276138755835,19639.405876071636,16,15,644,5495,40.25,366.3333333333333,51.18594136132044,47.98682002623791,2060.2341397931477,17579.171736278488,0.4838709677419355,0.895096921322691,zloader
98.51439785957336,217,10609,48.88940092165899,2.2027237105922435,107.68984260678853,110,107,3841,6768,34.91818181818182,63.25233644859813,1.1165880560605843,1.0861356545316592,38.98922475753367,68.70061784925485,0.4930875576036866,0.6379489113017249,zloader
99.4445948600769,233,10935,46.93133047210301,2.3430132158297963,109.96072753261296,117,116,3947,6988,33.73504273504273,60.241379310344826,1.176534533270756,1.16647868255904,39.69044275914251,70.27028477347045,0.4978540772532189,0.6390489254686785,zloader
174.54939007759094,389,18067,46.44473007712082,2.228595584476584,103.50652037207826,195,194,6283,11784,32.22051282051282,60.74226804123711,1.1171623109844058,1.1114332734921781,35.995542563666774,67.51097780841147,0.4987146529562982,0.6522388885813915,zloader
178.60609793663025,371,17615,47.47978436657682,2.07719671548746,98.62485213830624,187,184,5767,11848,30.83957219251337,64.3913043478261,1.046996727213356,1.0301999882741042,32.288931154221515,66.33592098408471,0.49595687331536387,0.6726085722395686,zloader
82.337641954422,180,7797,43.31666666666667,2.1861204150058002,94.69544931000125,90,90,2553,5244,28.366666666666667,58.266666666666666,1.0930602075029001,1.0930602075029001,31.006474552832266,63.68897475716898,0.5,0.672566371681416,zloader
0.3116910457611084,27,6117,226.55555555555554,86.62424014802724,19625.20285131417,14,13,644,5473,46.0,421.0,44.91627266934746,41.70796747867978,2066.148542789983,17559.054308524188,0.48148148148148145,0.8947196338074219,zloader
98.72593092918396,219,10631,48.54337899543379,2.218262192504303,107.6819423219783,111,108,3841,6790,34.6036036036036,62.870370370370374,1.12432467291314,1.0939375195911631,38.90568530323757,68.77625701874072,0.4931506849315068,0.6386981469287931,zloader
98.20888996124268,221,10609,48.00452488687783,2.250305446759614,108.02484382204864,111,110,3841,6768,34.6036036036036,61.527272727272724,1.130243912173381,1.1200615345862333,39.11051231223384,68.9143315098148,0.497737556561086,0.6379489113017249,zloader
176.23758387565613,292,13647,46.736301369863014,1.6568543075693756,77.43524224451805,145,147,4835,8812,33.3448275862069,59.945578231292515,0.8227529951971215,0.8341013123722542,27.434556770883326,50.00068547363472,0.5034246575342466,0.6457096797831026,zloader
175.42541909217834,384,16950,44.140625,2.1889644156883836,96.62225741124506,194,190,5550,11400,28.608247422680414,60.0,1.105883064175902,1.0830813515124815,31.63737632049617,64.98488109074889,0.4947916666666667,0.672566371681416,zloader
136.31080603599548,286,12882,45.04195804195804,2.098146202176196,94.50461320431383,142,144,4218,8664,29.704225352112676,60.166666666666664,1.0417369255560134,1.0564092766201825,30.943988394332848,63.560624809980986,0.5034965034965035,0.672566371681416,zloader
0.31201601028442383,27,6117,226.55555555555554,86.5340210439447,19604.763212067028,14,13,644,5473,46.0,421.0,44.86949239315651,41.66452865078819,2063.9966500851997,17540.76656198183,0.48148148148148145,0.8947196338074219,zloader
103.01645398139954,236,15273,64.71610169491525,2.2908961712331095,148.25786959001388,118,118,3644,11629,30.88135593220339,98.55084745762711,1.1454480856165548,1.1454480856165548,35.372990033785804,112.88487955622809,0.5,0.7614090224579323,zloader
100.05691695213318,228,10631,46.62719298245614,2.278703031686198,106.24952600814022,115,113,3841,6790,33.4,60.08849557522124,1.1493458273855823,1.1293572043006157,38.388150634678446,67.86137537346177,0.4956140350877193,0.6386981469287931,zloader
174.80675506591797,400,18393,45.9825,2.2882410914221465,105.21904598631886,201,199,6389,12004,31.786069651741293,60.321608040201006,1.1498411484396287,1.138399942982518,36.54893083274024,68.67011515357862,0.4975,0.6526395911488067,zloader
175.72248315811157,380,16611,43.713157894736845,2.162500740773641,94.52973632892358,188,192,5439,11172,28.930851063829788,58.1875,1.0698687875406436,1.0926319532329978,30.952214550178514,63.57752177874506,0.5052631578947369,0.672566371681416,zloader
88.3762879371643,196,8475,43.23979591836735,2.2177894611205704,95.89676368875936,98,98,2775,5700,28.316326530612244,58.16326530612245,1.1088947305602852,1.1088947305602852,31.399825278620323,64.49693841013904,0.5,0.672566371681416,zloader
0.21631503105163574,31,6139,198.03225806451613,143.3095048887292,28379.904855222856,16,15,644,5495,40.25,366.3333333333333,73.96619607160217,69.34330881712702,2977.139391881987,25402.765463340867,0.4838709677419355,0.895096921322691,zloader
98.92909789085388,232,14947,64.42672413793103,2.345113873937879,151.0880046282305,116,116,3538,11409,30.5,98.35344827586206,1.1725569369689395,1.1725569369689395,35.76298657755265,115.32501805067785,0.5,0.7632969826721081,zloader
98.31151390075684,220,10935,49.70454545454545,2.2377846833086594,111.22807050900086,113,107,3947,6988,34.92920353982301,65.30841121495327,1.1494075873358114,1.088377095972848,40.14789156826945,71.08017894073141,0.4863636363636364,0.6390489254686785,zloader
179.0007541179657,386,18213,47.1839378238342,2.1564154961359376,101.74817469203066,193,193,6394,11819,33.129533678756474,61.23834196891192,1.0782077480679688,1.0782077480679688,35.72051990231395,66.0276547897167,0.5,0.6489320814802614,zloader
176.94620203971863,393,16791,42.725190839694655,2.221014045341218,94.8932489448458,196,197,5434,11357,27.724489795918366,57.6497461928934,1.1076813050556713,1.113332740285547,30.709899039145498,64.1833499057003,0.5012722646310432,0.6763742481091061,zloader
88.19173407554626,195,8475,43.46153846153846,2.211091572742637,96.09744143073769,98,97,2775,5700,28.316326530612244,58.76288659793814,1.1112152519424534,1.0998763208001836,31.465533919799064,64.63190751093862,0.49743589743589745,0.672566371681416,zloader
0.31245994567871094,33,6139,186.03030303030303,105.61353689132518,19647.31827199531,17,16,644,5495,37.88235294117647,343.4375,54.40697355007661,51.206563341248575,2061.064174485255,17586.254097510056,0.48484848484848486,0.895096921322691,zloader
98.01048588752747,217,10631,48.99078341013825,2.214048813603676,108.46798588673123,109,108,3841,6790,35.23853211009175,62.870370370370374,1.1121259017640583,1.1019229118396174,39.189684299777504,69.27830158695373,0.4976958525345622,0.6386981469287931,zloader
161.5838360786438,227,10631,46.83259911894273,1.4048434887355798,65.79247193281034,115,112,3841,6790,33.4,60.625,0.7117048511215492,0.6931386376140306,23.770942027459743,42.021529905350604,0.4933920704845815,0.6386981469287931,zloader
0.3118610382080078,21,1779,84.71428571428571,67.3376838628788,5704.4637900981625,11,10,947,832,86.0909090909091,83.2,35.272120118650804,32.06556374422801,3036.6088865783922,2667.8549035197702,0.47619047619047616,0.46767847105115234,zloader
177.05454802513123,406,18089,44.55418719211823,2.2930786276236863,102.16625442139129,203,203,6283,11806,30.950738916256157,58.1576354679803,1.1465393138118432,1.1465393138118432,35.486238959013846,66.68001546237744,0.5,0.6526618386864945,zloader
174.5115818977356,371,16611,44.77358490566038,2.1259333963141045,95.18565942364849,187,184,5439,11172,29.085561497326204,60.71739130434783,1.0715621162014488,1.0543712801126555,31.166985828982245,64.01867359466624,0.49595687331536387,0.672566371681416,zloader
88.16940879821777,191,8475,44.3717277486911,2.1662842317239264,96.12177415633653,95,96,2775,5700,29.210526315789473,59.375,1.077471214731796,1.0888130169921306,31.473501272428777,64.64827288390775,0.5026178010471204,0.672566371681416,zloader
0.3571810722351074,28,6139,219.25,78.39161192049266,17187.360913568016,14,14,644,5495,46.0,392.5,39.19580596024633,39.19580596024633,1803.0070741713314,15384.353839396686,0.5,0.895096921322691,zloader
99.44233798980713,234,15273,65.26923076923077,2.3531224700688864,153.58649352718845,117,117,3644,11629,31.145299145299145,99.3931623931624,1.1765612350344432,1.1765612350344432,36.644351627910346,116.94214189927811,0.5,0.7614090224579323,zloader
99.33995294570923,222,10609,47.788288288288285,2.2347504042137643,106.79489656893614,111,111,3841,6768,34.6036036036036,60.972972972972975,1.1173752021068821,1.1173752021068821,38.665208570203006,68.12968799873313,0.5,0.6379489113017249,zloader
175.35204887390137,401,18415,45.922693266832916,2.286828141303133,105.01730728702542,202,199,6389,12026,31.628712871287128,60.4321608040201,1.1519682906315034,1.1348598506716296,36.435274301211265,68.58203298581415,0.49625935162094764,0.6530545750746674,zloader
175.22380208969116,383,16611,43.37075718015666,2.185776107083644,94.79876479051282,191,192,5439,11172,28.476439790575917,58.1875,1.0900345599294412,1.0957415471542027,31.040303515477646,63.75846127503517,0.5013054830287206,0.672566371681416,zloader
87.56139588356018,186,8475,45.564516129032256,2.124223787470728,96.78922902588397,93,93,2775,5700,29.838709677419356,61.29032258064516,1.062111893735364,1.062111893735364,31.6920484421036,65.09718058378037,0.5,0.672566371681416,zloader
6.6546630859375,57,35893,629.7017543859649,8.565422360818124,5393.661487663946,29,28,7550,28343,260.3448275862069,1012.25,4.357846464275887,4.207575896542236,1134.5427863890673,4259.118701274879,0.49122807017543857,0.7896525784972,zloader
0.31174206733703613,27,6117,226.55555555555554,86.61006270549069,19621.990872943945,14,13,644,5473,46.0,421.0,44.90892140284702,41.70114130264366,2065.810384530963,17556.18048841298,0.48148148148148145,0.8947196338074219,zloader
98.21441411972046,229,14969,65.36681222707423,2.331633315257125,152.41143710080308,114,115,3538,11431,31.035087719298247,99.4,1.1607257551935033,1.1709075600636216,36.023225630479075,116.388211470324,0.5021834061135371,0.7636448660565168,zloader
101.58715200424194,234,10935,46.73076923076923,2.303440891720529,107.64156474770934,117,117,3947,6988,33.73504273504273,59.72649572649573,1.1517204458602646,1.1517204458602646,38.8533384599185,68.78822628779085,0.5,0.6390489254686785,zloader
175.6791479587555,393,18089,46.027989821882954,2.2370327074461067,102.96611868954867,198,195,6283,11806,31.732323232323232,60.54358974358974,1.1270546464995652,1.1099780609465415,35.764062343216004,67.20205634633267,0.4961832061068702,0.6526618386864945,zloader
175.3160538673401,387,16937,43.76485788113695,2.2074418826061364,96.60838027312695,194,193,5545,11392,28.582474226804123,59.02590673575129,1.1065729333994585,1.1008689492066779,31.628592348969057,64.97978792415789,0.49870801033591733,0.6726102615575368,zloader
86.84146499633789,182,8475,46.565934065934066,2.0957730274089106,97.59162861148636,92,90,2775,5700,30.16304347826087,63.333333333333336,1.05940175011879,1.0363712772901206,31.95478104977872,65.63684756170764,0.4945054945054945,0.672566371681416,zloader
0.08599305152893066,24,5757,239.875,279.09231703361144,66947.26954843754,12,12,482,5275,40.166666666666664,439.5833333333333,139.54615851680572,139.54615851680572,5605.104033758363,61342.165514679175,0.5,0.9162758381101268,zloader
0.6253249645233154,29,6471,223.13793103448276,46.375887171091385,10348.219513245944,14,15,764,5707,54.57142857142857,380.46666666666664,22.388359323975152,23.987527847116233,1221.7647516797867,9126.454761566156,0.5172413793103449,0.8819347859681657,zloader
0.31143903732299805,21,1779,84.71428571428571,67.42892663844381,5712.19335665674,11,10,947,832,86.0909090909091,83.2,35.31991395347057,32.109012684973244,3040.723501266966,2671.469855389774,0.47619047619047616,0.46767847105115234,zloader
98.41707491874695,217,10631,48.99078341013825,2.2049019459189885,108.01987367310952,109,108,3841,6790,35.23853211009175,62.870370370370374,1.1075313921897223,1.097370553729266,39.02778052661214,68.99209314649737,0.4976958525345622,0.6386981469287931,zloader
98.51208591461182,222,10631,47.887387387387385,2.2535305992040904,107.9156927934175,110,112,3841,6790,34.91818181818182,60.625,1.1166142608668916,1.1369163383371987,38.99013978172483,68.92555301169267,0.5045045045045045,0.6386981469287931,zloader
0.31345582008361816,22,1801,81.86363636363636,70.185329448122,5745.626288003079,12,10,947,854,78.91666666666667,85.4,38.282906971702914,31.902422476419094,3021.159408516888,2724.4668794861905,0.45454545454545453,0.47418101054969464,zloader
174.3983118534088,385,18089,46.984415584415586,2.2075901762375616,103.72233428041883,194,191,6283,11806,32.38659793814433,61.81151832460733,1.1123960888054207,1.095194087432141,36.026724876105455,67.69560940431339,0.4961038961038961,0.6526618386864945,zloader
175.10915994644165,382,16611,43.48429319371728,2.181496388406165,94.86082855448903,191,191,5439,11172,28.476439790575917,58.49214659685864,1.0907481942030826,1.0907481942030826,31.06062527890349,63.800203275585545,0.5,0.672566371681416,zloader
88.14316892623901,193,8475,43.9119170984456,2.1896194832921028,96.1503892274641,96,97,2775,5700,28.90625,58.76288659793814,1.0891371523110978,1.100482330981005,31.48287080899267,64.66751841847143,0.5025906735751295,0.672566371681416,zloader
0.21796607971191406,33,6139,186.03030303030303,151.39970422744733,28164.93285613028,17,16,644,5495,37.88235294117647,343.4375,77.99378702626075,73.4059172011866,2954.58816734776,25210.34468878252,0.48484848484848486,0.895096921322691,zloader
98.92355704307556,240,15273,63.6375,2.4261157521407535,154.3919411768572,121,119,3644,11629,30.115702479338843,97.72268907563026,1.2231666917042965,1.202949060436457,36.83652417000378,117.55541700685343,0.49583333333333335,0.7614090224579323,zloader
98.92272520065308,222,10631,47.887387387387385,2.244175941874824,107.46772269401465,111,111,3841,6790,34.6036036036036,61.171171171171174,1.122087970937412,1.122087970937412,38.82828735469008,68.63943533932456,0.5,0.6386981469287931,zloader
176.07254219055176,400,18393,45.9825,2.27179090517763,104.46262529733036,202,198,6389,12004,31.628712871287128,60.62626262626262,1.147254407114703,1.1245364980629269,36.28618023294969,68.17644506438067,0.495,0.6526395911488067,zloader
175.47925901412964,383,16611,43.37075718015666,2.1825941262332362,94.66075987169788,191,192,5439,11172,28.476439790575917,58.1875,1.0884477235262353,1.094146402707001,30.99511606418426,63.66564380751361,0.5013054830287206,0.672566371681416,zloader
87.14683413505554,186,8475,45.564516129032256,2.134328823830216,97.24966011807032,92,94,2775,5700,30.16304347826087,60.638297872340424,1.055689525765483,1.0786392980647328,31.842809065208865,65.40685105286146,0.5053763440860215,0.672566371681416,zloader
0.516430139541626,29,6139,211.68965517241378,56.15473958537717,11887.377459125188,15,14,644,5495,42.93333333333333,392.5,29.04555495795371,27.10918462742346,1247.0224928614791,10640.354966263709,0.4827586206896552,0.895096921322691,zloader
98.20691800117493,225,14947,66.43111111111111,2.29108096027724,152.19905383672847,114,111,3538,11409,31.035087719298247,102.78378378378379,1.1608143532071349,1.130266607070105,36.025975277603884,116.17307855912458,0.49333333333333335,0.7632969826721081,zloader
115.81927704811096,239,10957,45.84518828451883,2.0635597638959546,94.60428591216726,120,119,3947,7010,32.891666666666666,58.90756302521008,1.036096952583743,1.0274628113122117,34.07895559873361,60.52533031343364,0.497907949790795,0.639773660673542,zloader
175.64048290252686,401,18089,45.109725685785534,2.283072748225922,102.98878539316384,201,200,6283,11806,31.258706467661693,59.03,1.1443830982379308,1.1386896499879908,35.77193535437274,67.21685003879111,0.49875311720698257,0.6526618386864945,zloader
174.40610218048096,392,16937,43.20663265306123,2.2476277784956515,97.11242776627768,197,195,5545,11392,28.14720812182741,58.42051282051282,1.1295476335807229,1.1180801449149287,31.793612325914253,65.31881544036342,0.49744897959183676,0.6726102615575368,zloader
88.39000415802002,193,8475,43.9119170984456,2.1835048186553143,95.88188258084865,96,97,2775,5700,28.90625,58.76288659793814,1.086095661092799,1.0974091575625156,31.39495270346372,64.48692987738494,0.5025906735751295,0.672566371681416,zloader
0.21921896934509277,30,6139,204.63333333333333,136.84947105455203,28003.963426796494,15,15,644,5495,42.93333333333333,366.3333333333333,68.42473552727601,68.42473552727601,2937.701978637717,25066.261448158777,0.5,0.895096921322691,zloader
99.84726214408875,224,10609,47.361607142857146,2.243426561629176,106.25228746573183,113,111,3841,6768,33.991150442477874,60.972972972972975,1.1317285779647182,1.1116979836644578,38.46875635365029,67.78353111208153,0.4955357142857143,0.6379489113017249,zloader
98.71920704841614,222,10631,47.887387387387385,2.2488025039658357,107.68927666513875,112,110,3841,6790,34.294642857142854,61.72727272727273,1.134530992991773,1.1142715109740629,38.9083352150125,68.78094145012624,0.4954954954954955,0.6386981469287931,zloader
0.3116579055786133,21,1779,84.71428571428571,67.38157327025645,5708.181849894583,11,10,947,832,86.0909090909091,83.2,35.295109808229576,32.086463462026884,3038.588089853946,2669.593760040637,0.47619047619047616,0.46767847105115234,zloader
177.3703258037567,406,18260,44.97536945812808,2.2889961900910083,102.94844933759067,203,203,6283,11977,30.950738916256157,59.0,1.1444980950455041,1.1444980950455041,35.423061729905925,67.52538760768475,0.5,0.6559145673603505,zloader
176.5522439479828,388,16611,42.81185567010309,2.1976497795990384,94.0854651776279,194,194,5439,11172,28.036082474226806,57.58762886597938,1.0988248897995192,1.0988248897995192,30.806745235152498,63.2787199424754,0.5,0.672566371681416,zloader
134.4651381969452,202,8801,43.56930693069307,1.5022481121027775,65.45190908226013,102,100,2881,5920,28.245098039215687,59.2,0.7585609278934817,0.7436871842092958,21.425627777069813,44.02628130519032,0.49504950495049505,0.6726508351323713,zloader
99.54454612731934,246,15295,62.17479674796748,2.4712554285531767,153.64980398260502,123,123,3644,11651,29.6260162601626,94.72357723577235,1.2356277142765884,1.2356277142765884,36.60672675466575,117.04307722793926,0.5,0.7617522066034652,zloader
98.93031907081604,226,10609,46.942477876106196,2.2844361781369096,107.23709475156846,113,113,3841,6768,33.991150442477874,59.89380530973451,1.1422180890684548,1.1422180890684548,38.82530690364544,68.41178784792302,0.5,0.6379489113017249,zloader
175.52584099769592,398,18393,46.21356783919598,2.267472400290191,104.78798959431529,199,199,6389,12004,32.10552763819096,60.321608040201006,1.1337362001450955,1.1337362001450955,36.399198908175954,68.38879068613933,0.5,0.6526395911488067,zloader
176.85826992988586,392,16611,42.375,2.2164640655786436,93.92266477889503,196,196,5439,11172,27.75,57.0,1.1082320327893218,1.1082320327893218,30.75343890990368,63.16922586899134,0.5,0.672566371681416,zloader
87.57427787780762,199,8475,42.58793969849246,2.2723567333054655,96.77499153147647,99,100,2775,5700,28.03030303030303,57.0,1.130468927624327,1.1418878056811383,31.68738660765159,65.08760492382488,0.5025125628140703,0.672566371681416,zloader
0.21559691429138184,33,6139,186.03030303030303,153.0634151627982,28474.43350558843,17,16,644,5495,37.88235294117647,343.4375,78.85085023538089,74.21256492741732,2987.055738328547,25487.377767259884,0.48484848484848486,0.895096921322691,zloader
98.61790084838867,234,14947,63.876068376068375,2.3727943708692654,151.56477547599533,117,117,3538,11409,30.23931623931624,97.51282051282051,1.1863971854346327,1.1863971854346327,35.87583967579257,115.68893580020277,0.5,0.7632969826721081,zloader
139.67683386802673,239,10957,45.84518828451883,1.7110926227452898,78.44536346200896,120,119,3947,7010,32.891666666666666,58.90756302521008,0.8591260030520284,0.8519666196932615,28.25808611705297,50.187277344955994,0.497907949790795,0.639773660673542,zloader
174.6362750530243,395,22427,56.77721518987342,2.2618439375213844,128.42119996656226,198,197,5980,16447,30.2020202020202,83.48730964467005,1.1337850623524914,1.1280588751688931,34.242599357918685,94.17860060864358,0.49873417721518987,0.7333571141927141,zloader
175.61962819099426,381,16937,44.45406824146982,2.169461374702635,96.44138399826385,192,189,5545,11392,28.880208333333332,60.27513227513227,1.0932718738658946,1.0761895008367401,31.57391948222076,64.86746451604309,0.49606299212598426,0.6726102615575368,zloader
87.45536398887634,191,8475,44.3717277486911,2.1839712430251135,96.90657740648082,97,94,2775,5700,28.608247422680414,60.638297872340424,1.1091372281331728,1.0748340148919406,31.730472248139737,65.17610515834107,0.49214659685863876,0.672566371681416,zloader
0.25951409339904785,30,6139,204.63333333333333,115.60065816491056,23655.748015812864,16,14,644,5495,40.25,392.5,61.65368435461896,53.94697381029159,2481.560795273413,21174.18722053945,0.4666666666666667,0.895096921322691,zloader
98.007000207901,220,10631,48.32272727272727,2.2447376160204557,108.47184361778848,109,111,3841,6790,35.23853211009175,61.171171171171174,1.1121654552101348,1.1325721608103207,39.19107810515714,69.28076551263133,0.5045454545454545,0.6386981469287931,zloader
155.55185103416443,238,10957,46.03781512605042,1.530036437481719,70.43953464490419,119,119,3947,7010,33.168067226890756,58.90756302521008,0.7650182187408595,0.7650182187408595,25.374175708993047,45.065358935911135,0.5,0.639773660673542,zloader
175.4233260154724,391,18067,46.20716112531969,2.228894006749784,102.99086450114669,196,195,6283,11784,32.05612244897959,60.43076923076923,1.1172972514653652,1.1115967552844193,35.81621750488208,67.1746469962646,0.49872122762148335,0.6522388885813915,zloader
174.80288004875183,375,16611,44.296,2.1452735784182386,95.02703842961431,187,188,5439,11172,29.085561497326204,59.42553191489362,1.0697764244378951,1.0754971539803437,31.115047981378137,63.91199044823617,0.5013333333333333,0.672566371681416,zloader
116.94512891769409,197,8801,44.6751269035533,1.684550710433168,75.25751676407265,97,100,2881,5920,29.701030927835053,59.2,0.8294488269645548,0.8551018834686132,24.635485262730747,50.6220315013419,0.5076142131979695,0.6726508351323713,zloader
96.87641882896423,223,15273,68.48878923766816,2.3019017702719538,157.65446518997106,111,112,3644,11629,32.828828828828826,103.83035714285714,1.1457896704044255,1.1561120998675283,37.61493296354708,120.03953222642399,0.5022421524663677,0.7614090224579323,zloader
99.33200001716614,221,10609,48.00452488687783,2.2248620783011286,106.80344700767726,111,110,3841,6768,34.6036036036036,61.527272727272724,1.1174646637621053,1.1073974145390233,38.668304265858076,68.13514274181918,0.497737556561086,0.6379489113017249,zloader
175.42267513275146,402,18393,45.75373134328358,2.2916079674180416,104.84961528537323,201,201,6389,12004,31.786069651741293,59.72139303482587,1.1458039837090208,1.1458039837090208,36.42060523341758,68.42901005195564,0.5,0.6526395911488067,zloader
177.04863810539246,386,16611,43.03367875647668,2.1801918621380425,93.82167622273323,193,193,5439,11172,28.181347150259068,57.8860103626943,1.0900959310690213,1.0900959310690213,30.72037186054097,63.10130436219226,0.5,0.672566371681416,zloader
88.17024183273315,198,8475,42.803030303030305,2.2456556303386774,96.12086599555703,99,99,2775,5700,28.03030303030303,57.57575757575758,1.1228278151693387,1.1228278151693387,31.473203910049648,64.64766208550738,0.5,0.672566371681416,zloader
0.3120710849761963,29,6139,211.68965517241378,92.9275456654756,19671.80009794327,15,14,644,5495,42.93333333333333,392.5,48.06597189593566,44.86157376953995,2063.632393398838,17608.16770454443,0.4827586206896552,0.895096921322691,zloader
97.69449591636658,220,14969,68.0409090909091,2.251918062900244,153.2225521979716,111,109,3538,11431,31.873873873873872,104.87155963302752,1.136195022645123,1.1157230402551208,36.21493684791392,117.00761535005766,0.4954545454545455,0.7636448660565168,zloader
152.88765907287598,228,10957,48.05701754385965,1.4912910654961413,71.66700089754922,115,113,3947,7010,34.321739130434786,62.0353982300885,0.7521862830353344,0.7391047824608068,25.816341383830128,45.85065951371908,0.4956140350877193,0.639773660673542,zloader
175.8311369419098,396,22405,56.57828282828283,2.2521608338961516,127.42339263495778,199,197,5980,16425,30.050251256281406,83.3756345177665,1.131767691781147,1.1203931421150048,34.009903501765116,93.41348913319266,0.49747474747474746,0.7330952912296362,zloader
175.10868096351624,380,16937,44.57105263157895,2.1700808772534397,96.72278899484607,190,190,5545,11392,29.18421052631579,59.95789473684211,1.0850404386267198,1.0850404386267198,31.666048590448217,65.05674040439786,0.5,0.6726102615575368,zloader
87.15322780609131,196,8475,43.23979591836735,2.2489126901425123,97.24252575998872,98,98,2775,5700,28.316326530612244,58.16326530612245,1.1244563450712561,1.1244563450712561,31.840473036456487,65.40205272353224,0.5,0.672566371681416,zloader
0.31252408027648926,33,6139,186.03030303030303,105.59186341994827,19643.286349547343,17,16,644,5495,37.88235294117647,343.4375,54.395808428458196,51.196054991490065,2060.6412134074753,17582.64513613987,0.48484848484848486,0.895096921322691,zloader
98.12275910377502,230,10631,46.221739130434784,2.3440025749454425,108.34387554019564,115,115,3841,6790,33.4,59.04347826086956,1.1720012874727213,1.1720012874727213,39.14484300158889,69.19903253860676,0.5,0.6386981469287931,zloader
141.9395718574524,230,10957,47.63913043478261,1.62040787491585,77.19482211066507,116,114,3947,7010,34.025862068965516,61.49122807017544,0.8172491890879938,0.803158685827856,27.807608183881996,49.387213926783076,0.4956521739130435,0.639773660673542,zloader
174.83875393867493,394,18067,45.85532994923858,2.2535049645697907,103.33521369259495,196,198,6283,11784,32.05612244897959,59.515151515151516,1.1210329265372563,1.1324720380325344,35.93596876241623,67.39924493017871,0.5025380710659898,0.6522388885813915,zloader
179.65371203422546,377,16757,44.44827586206897,2.0984815494832554,93.27388680289366,189,188,5550,11207,29.365079365079364,59.611702127659576,1.05202390677012,1.0464576427131353,30.89276551626543,62.38112128662823,0.4986737400530504,0.6687951303932684,zloader
104.24715614318848,189,8655,45.79365079365079,1.8129990974564276,83.02384755812372,95,94,2770,5885,29.157894736842106,62.6063829787234,0.9112958426368287,0.901703254819599,26.57146825372648,56.45237930439723,0.4973544973544973,0.6799537839399191,zloader
98.92993021011353,239,15273,63.90376569037657,2.415851294875039,154.38199509048732,120,119,3644,11629,30.366666666666667,97.72268907563026,1.212979729644371,1.2028715652306678,36.83415112353407,117.54784396695325,0.497907949790795,0.7614090224579323,zloader
97.99649119377136,217,10609,48.88940092165899,2.214364997731597,108.25897816098855,110,107,3841,6768,34.91818181818182,63.25233644859813,1.1224891693570307,1.0918758283745664,39.19528090454868,69.06369725643985,0.4930875576036866,0.6379489113017249,zloader
179.61029195785522,407,18561,45.6044226044226,2.266017139460476,103.34040325682037,204,203,6500,12061,31.862745098039216,59.41379310344828,1.13579237456987,1.1302247648906059,36.189462915216446,67.15094034160393,0.4987714987714988,0.6498033511125478,zloader
175.10675597190857,393,17466,44.44274809160305,2.2443451585788434,99.74486651332845,199,194,5647,11819,28.376884422110553,60.922680412371136,1.1364495841149869,1.1078955744638566,32.24889849998659,67.49596801334187,0.49363867684478374,0.6766861330585137,zloader
88.21542406082153,199,8800,44.221105527638194,2.2558413352158944,99.75579773819031,100,99,2879,5921,28.79,59.80808080808081,1.1335886106612536,1.122252724554641,32.63601610093749,67.11978163725283,0.49748743718592964,0.6728409090909091,zloader
0.3112649917602539,27,6117,226.55555555555554,86.7428098717772,19652.065480950412,14,13,644,5473,46.0,421.0,44.97775326684744,41.76505660492976,2068.976650274982,17583.088830675428,0.48148148148148145,0.8947196338074219,zloader
98.34393501281738,225,14947,66.43111111111111,2.287888927473517,151.98700355087402,113,112,3538,11409,31.309734513274336,101.86607142857143,1.1490286613533662,1.1388602661201506,35.9757823351169,116.01122121575713,0.49777777777777776,0.7632969826721081,zloader
63.797142028808594,24,1779,74.125,0.3761924004238689,27.885261681419284,13,11,947,832,72.84615384615384,75.63636363636364,0.203770883562929,0.17242151686093993,14.843925133391828,13.041336548027456,0.4583333333333333,0.46767847105115234,zloader
99.33403611183167,226,10631,47.03982300884956,2.275151688647444,107.02273275226096,114,112,3841,6790,33.69298245614035,60.625,1.1476428871938436,1.1275088014536006,38.66751166413643,68.35522108812454,0.49557522123893805,0.6386981469287931,zloader
176.2404429912567,399,18089,45.335839598997495,2.2639525481662255,102.63818958340563,199,200,6283,11806,31.57286432160804,59.03,1.1291392408147338,1.1348133073514914,35.6501600504471,66.98802953295854,0.5012531328320802,0.6526618386864945,zloader
176.23810195922852,385,16937,43.99220779220779,2.184544634332632,96.10294148491374,193,192,5545,11392,28.730569948186528,59.333333333333336,1.095109388119995,1.0894352462126373,31.46311687629726,64.63982460861648,0.4987012987012987,0.6726102615575368,zloader
87.76223397254944,193,8475,43.9119170984456,2.1991236009371318,96.56773325358648,97,96,2775,5700,28.608247422680414,59.375,1.1052590118699575,1.0938645890671743,31.619523277723008,64.94820997586348,0.49740932642487046,0.672566371681416,zloader
0.3119180202484131,29,6139,211.68965517241378,92.97314716509246,19681.453463672504,15,14,644,5495,42.93333333333333,392.5,48.0895588784961,44.883588286596364,2064.6450611834325,17616.80840248907,0.4827586206896552,0.895096921322691,zloader
99.23088598251343,221,10609,48.00452488687783,2.2271291625769103,106.91227731121467,110,111,3841,6768,34.91818181818182,60.972972972972975,1.108525827526969,1.1186033350499414,38.70770639573716,68.2045709154775,0.502262443438914,0.6379489113017249,zloader
127.29618501663208,233,10935,46.93133047210301,1.8303769273961905,85.9020244681431,116,117,3947,6988,34.025862068965516,59.72649572649573,0.9112606162144123,0.9191163111817781,31.00642803619212,54.895596431950985,0.5021459227467812,0.6390489254686785,zloader
175.52432489395142,396,18089,45.67929292929293,2.256097553653922,103.05694103041867,197,199,6283,11806,31.893401015228427,59.32663316582914,1.1223515607823804,1.1337459928715417,35.79560840809998,67.26133262231869,0.5025252525252525,0.6526618386864945,zloader
176.3365080356598,381,16611,43.59842519685039,2.1606416291455197,94.2005724455019,190,191,5439,11172,28.626315789473683,58.49214659685864,1.0774853268704692,1.0831563022750506,30.844435225518325,63.35613721998359,0.5013123359580053,0.672566371681416,zloader
88.38422107696533,202,8801,43.56930693069307,2.285475818405387,99.57659741478125,102,100,2881,5920,28.245098039215687,59.2,1.1540521459274726,1.1314236724779143,32.59631600408871,66.98028141069253,0.49504950495049505,0.6726508351323713,zloader
100.66831588745117,237,15273,64.44303797468355,2.354266065849059,151.71605748401976,120,117,3644,11629,30.366666666666667,99.3931623931624,1.1920334510628148,1.1622326147862443,36.19808246394081,115.51797502007894,0.4936708860759494,0.7614090224579323,zloader
99.02880883216858,226,10609,46.942477876106196,2.282164176921676,107.13044138478787,114,112,3841,6768,33.69298245614035,60.42857142857143,1.1511801600401375,1.1309840168815386,38.78669293608919,68.34374844869869,0.49557522123893805,0.6379489113017249,zloader
176.8608820438385,401,18393,45.86783042394015,2.2673187839276077,103.99699349820571,201,200,6389,12004,31.786069651741293,60.02,1.1364864727417685,1.1308323111858394,36.12443818083164,67.87255531737408,0.49875311720698257,0.6526395911488067,zloader
176.34255599975586,381,16611,43.59842519685039,2.160567526312409,94.19734167867567,188,193,5439,11172,28.930851063829788,57.8860103626943,1.0661068108838134,1.0944607154285957,30.843377363814156,63.35396431486151,0.5065616797900262,0.672566371681416,zloader
87.86705183982849,196,8475,43.23979591836735,2.230642725526804,96.45253621856972,98,98,2775,5700,28.316326530612244,58.16326530612245,1.115321362763402,1.115321362763402,31.581803894575923,64.87073232399379,0.5,0.672566371681416,zloader
0.3112361431121826,27,6117,226.55555555555554,86.7508501101945,19653.887041631842,14,13,644,5473,46.0,421.0,44.98192227936011,41.76892783083439,2069.1684248505653,17584.71861678128,0.48148148148148145,0.8947196338074219,zloader
6.654482126235962,60,35893,598.2166666666667,9.016479248391695,5393.808161042052,31,29,7550,28343,243.5483870967742,977.3448275862069,4.658514278335709,4.357964970055987,1134.573638755955,4259.234522286098,0.48333333333333334,0.7896525784972,zloader
98.81695294380188,232,14969,64.52155172413794,2.3477752864120447,151.4821045788875,117,115,3538,11431,30.23931623931624,99.4,1.1840073642681432,1.1637679221439015,35.80357311778368,115.6785314611038,0.4956896551724138,0.7636448660565168,zloader
0.21275687217712402,21,1779,84.71428571428571,98.70421474572682,8361.657049173715,11,10,947,832,86.0909090909091,83.2,51.70220772395214,47.00200702177467,4451.090064962062,3910.5669842116527,0.47619047619047616,0.46767847105115234,zloader
98.61452984809875,218,10631,48.76605504587156,2.2106275853649264,107.80358651382812,109,109,3841,6790,35.23853211009175,62.293577981651374,1.1053137926824632,1.1053137926824632,38.949635575168266,68.85395093865986,0.5,0.6386981469287931,zloader
175.8317220211029,385,18067,46.92727272727273,2.1895935248464053,102.75165250233768,194,191,6283,11784,32.38659793814433,61.696335078534034,1.1033276462862405,1.0862658785601647,35.73302887431159,67.01862362802608,0.4961038961038961,0.6522388885813915,zloader
176.44447588920593,395,16937,42.87848101265823,2.23866458844555,95.99053704937288,197,198,5545,11392,28.14720812182741,57.535353535353536,1.116498541579173,1.122166046866377,31.42631681754576,64.56422023182711,0.5012658227848101,0.6726102615575368,zloader
87.35361099243164,190,8475,44.60526315789474,2.1750674968257657,97.01945808209666,95,95,2775,5700,29.210526315789473,60.0,1.0875337484128829,1.0875337484128829,31.767433177323685,65.25202490477298,0.5,0.672566371681416,zloader
0.2166299819946289,31,6139,198.03225806451613,143.1011520869194,28338.64427940639,16,15,644,5495,40.25,366.3333333333333,73.85865914163581,69.24249294528357,2972.8110304508414,25365.83324895555,0.4838709677419355,0.895096921322691,zloader
98.72809791564941,218,10631,48.76605504587156,2.2080846750056224,107.67957880726959,109,109,3841,6790,35.23853211009175,62.293577981651374,1.1040423375028112,1.1040423375028112,38.904831360993555,68.77474744627604,0.5,0.6386981469287931,zloader
105.07271099090576,233,10957,47.02575107296137,2.2175120238419144,104.28016843448866,117,116,3947,7010,33.73504273504273,60.43103448275862,1.1135146214141802,1.1039974024277341,37.5644633395023,66.71570509498635,0.4978540772532189,0.639773660673542,zloader
175.52380895614624,394,18089,45.911167512690355,2.2447097196850314,103.05724395782369,198,196,6283,11806,31.732323232323232,60.234693877551024,1.1280520926335944,1.1166576270514368,35.79571362634785,67.26153033147584,0.49746192893401014,0.6526618386864945,zloader
176.0454339981079,396,17291,43.66414141414141,2.2494193175396764,98.21896318075389,197,199,5665,11626,28.756345177664976,58.42211055276382,1.1190293069578692,1.130390010581807,32.1791930148037,66.03977016595019,0.5025252525252525,0.6723729107628246,zloader
87.6659791469574,200,8798,43.99,2.2813867129087027,100.35820150085382,99,101,2878,5920,29.07070707070707,58.613861386138616,1.1292864228898079,1.1521002900188948,32.82915479875623,67.52904670209759,0.505,0.6728802000454649,zloader
121.9634780883789,232,15273,65.83189655172414,1.9022087893548334,125.2260122405878,116,116,3644,11629,31.413793103448278,100.25,0.9511043946774167,0.9511043946774167,29.877796674176782,95.34821556641103,0.5,0.7614090224579323,zloader
99.34071707725525,231,14969,64.80086580086581,2.3253305069295607,150.68343012220168,116,115,3538,11431,30.5,99.4,1.1676984363802123,1.1576320705493484,35.61480230959647,115.06862781260523,0.49783549783549785,0.7636448660565168,zloader
176.44559693336487,401,18393,45.86783042394015,2.2726551808002253,104.24176244503377,201,200,6389,12004,31.786069651741293,60.02,1.1391613250395143,1.1334938557607108,36.209461222275905,68.03230122275787,0.49875311720698257,0.6526395911488067,zloader
176.84835505485535,384,16611,43.2578125,2.1713518335010225,93.92793048511845,191,193,5439,11172,28.476439790575917,57.8860103626943,1.0800213546841024,1.0913304788169202,30.755163079198077,63.172767405920375,0.5026041666666666,0.672566371681416,zloader
89.1953330039978,192,8475,44.140625,2.1525789919007803,95.01618206437038,95,97,2775,5700,29.210526315789473,58.76288659793814,1.0650781470342403,1.0875008448665402,31.111493242315966,63.90468882205442,0.5052083333333334,0.672566371681416,zloader
0.31112098693847656,27,6117,226.55555555555554,86.7829594708093,19661.16159566446,14,13,644,5473,46.0,421.0,44.99857157745667,41.78438789335262,2069.934292563007,17591.227303101456,0.48148148148148145,0.8947196338074219,zloader
100.05027103424072,237,14969,63.16033755274262,2.3688091751284737,149.6147870991482,119,118,3538,11431,29.73109243697479,96.87288135593221,1.1894020752754784,1.1794070998529953,35.362223044744894,114.25256405440331,0.4978902953586498,0.7636448660565168,zloader
0.31290602684020996,21,1779,84.71428571428571,67.11280128434201,5685.413023087831,11,10,947,832,86.0909090909091,83.2,35.15432448227439,31.958476802067626,3026.467753155804,2658.9452699320263,0.47619047619047616,0.46767847105115234,zloader
98.10402512550354,217,10609,48.88940092165899,2.211937784636196,108.14031316684517,111,106,3841,6768,34.6036036036036,63.84905660377358,1.1314520465189757,1.0804857381172202,39.152318114228706,68.98799505261647,0.48847926267281105,0.6379489113017249,zloader
175.1516580581665,390,18089,46.38205128205128,2.226641781892148,103.27621331447963,196,194,6283,11806,32.05612244897959,60.855670103092784,1.1190302288483613,1.1076115530437862,35.871770040072725,67.40444327440692,0.49743589743589745,0.6526618386864945,zloader
174.9654197692871,387,16937,43.76485788113695,2.2118656389948708,96.80198534278068,195,192,5545,11392,28.435897435897434,59.333333333333336,1.1145059421291983,1.0973596968656723,31.691976662084127,65.11000868069655,0.49612403100775193,0.6726102615575368,zloader
87.45800685882568,191,8475,44.3717277486911,2.1839052461864505,96.9036490127234,96,95,2775,5700,28.90625,60.0,1.0976696525335041,1.0862355936529466,31.7295133935466,65.1741356191768,0.4973821989528796,0.672566371681416,zloader
0.3515031337738037,30,6139,204.63333333333333,85.34774548924888,17464.99365194996,15,15,644,5495,42.93333333333333,366.3333333333333,42.67387274462444,42.67387274462444,1832.1316031692093,15632.862048780753,0.5,0.895096921322691,zloader
98.93088603019714,228,10609,46.530701754385966,2.304639219853004,107.23648019044087,114,114,3841,6768,33.69298245614035,59.36842105263158,1.152319609926502,1.152319609926502,38.82508440112012,68.41139578932075,0.5,0.6379489113017249,zloader
98.93948602676392,222,10957,49.35585585585586,2.2437957676467737,110.74446047795361,112,110,3947,7010,35.24107142857143,63.72727272727273,1.13200507196594,1.1117906956808339,39.89307159865683,70.85138887929678,0.4954954954954955,0.639773660673542,zloader
176.95972609519958,401,18067,45.05486284289277,2.2660523320672,102.096677016105,201,200,6283,11784,31.258706467661693,58.92,1.1358516676945318,1.1302006643726685,35.50525387126738,66.59142314483762,0.49875311720698257,0.6522388885813915,zloader
176.79141783714294,374,16611,44.4144385026738,2.1154873046186102,93.9581807941704,188,186,5439,11172,28.930851063829788,60.064516129032256,1.0634000354767346,1.0520872691418757,30.765068047648718,63.19311274652169,0.49732620320855614,0.672566371681416,zloader
87.86453914642334,203,8801,43.354679802955665,2.310374605865823,100.16555126219265,102,101,2881,5920,28.245098039215687,58.613861386138616,1.1608778807798716,1.1494967250859514,32.789109554184414,67.37644170800824,0.4975369458128079,0.6726508351323713,zloader
145.8227961063385,227,15273,67.28193832599119,1.5566839071887262,104.73671063653488,114,113,3644,11629,31.964912280701753,102.91150442477876,0.781770772773193,0.7749131344155333,24.989234175311534,79.74747646122334,0.4977973568281938,0.7614090224579323,zloader
98.61630201339722,228,14947,65.55701754385964,2.311990972537439,151.567232747882,114,114,3538,11409,31.035087719298247,100.07894736842105,1.1559954862687194,1.1559954862687194,35.87642131946254,115.69081142841947,0.5,0.7632969826721081,zloader
179.10838413238525,402,18764,46.67661691542288,2.244451045367412,104.7633816300351,199,203,6510,12254,32.71356783919598,60.364532019704434,1.1110590995724252,1.1333919457949864,36.34670722721853,68.41667440281657,0.5049751243781094,0.6530590492432318,zloader
179.40733218193054,371,16757,45.16711590296496,2.0679199422227748,93.40197970842868,186,185,5550,11207,29.838709677419356,60.57837837837838,1.036746925211418,1.0311730170113569,30.935190510340703,62.46678919808797,0.49865229110512127,0.6687951303932684,zloader
87.56308102607727,186,8329,44.77956989247312,2.12418290700172,95.11999694848026,93,93,2664,5665,28.64516129032258,60.913978494623656,1.06209145350086,1.06209145350086,30.423780990605284,64.69621595787498,0.5,0.680153679913555,zloader
0.306596040725708,30,6139,204.63333333333333,97.84862168797245,20023.089618082096,15,15,644,5495,42.93333333333333,366.3333333333333,48.92431084398623,48.92431084398623,2100.4837455684756,17922.60587251362,0.5,0.895096921322691,zloader
149.50868916511536,233,15273,65.54935622317596,1.5584378493391644,102.15459773801312,116,117,3644,11629,31.413793103448278,99.3931623931624,0.7758746374392407,0.7825632118999237,24.373165334729247,77.78143240328387,0.5021459227467812,0.7614090224579323,zloader
99.02482891082764,216,10631,49.217592592592595,2.18127112539128,107.35691358349399,110,106,3841,6790,34.91818181818182,64.05660377358491,1.1108325175603744,1.070438607830906,38.78825181772179,68.56866176577219,0.49074074074074076,0.6386981469287931,zloader
175.6278259754181,383,18067,47.17232375979112,2.1807478278163446,102.87094257221383,193,190,6283,11784,32.55440414507772,62.02105263157895,1.0989147017455732,1.0818331260707714,35.774513321592934,67.0964292506209,0.4960835509138381,0.6522388885813915,zloader
174.7074680328369,380,16937,44.57105263157895,2.1750644335855043,96.94491134641495,189,191,5545,11392,29.33862433862434,59.64397905759162,1.0818083630201587,1.0932560705653456,31.73876916903058,65.20614217738438,0.5026315789473684,0.6726102615575368,zloader
87.26613807678223,194,8475,43.68556701030928,2.223084512222904,97.11670742829439,96,98,2775,5700,28.90625,58.16326530612245,1.100083057594839,1.1230014546280649,31.799275883600817,65.31743154469356,0.5051546391752577,0.672566371681416,zloader
0.21575617790222168,27,6117,226.55555555555554,125.14126020639883,28351.447728983025,14,13,644,5473,46.0,421.0,64.88806084776236,60.25319935863647,2984.8507989970685,25366.596929985953,0.48148148148148145,0.8947196338074219,zloader
97.80059099197388,221,10631,48.10407239819005,2.2597000463743275,108.70077462898405,110,111,3841,6790,34.91818181818182,61.171171171171174,1.1247375796433303,1.134962466730997,39.27379130372756,69.42698332525649,0.502262443438914,0.6386981469287931,zloader
97.08833408355713,229,10957,47.8471615720524,2.358676788118702,112.85598937736513,114,115,3947,7010,34.62280701754386,60.95652173913044,1.1741884447403144,1.1844883433783873,40.65369992447387,72.20228945289126,0.5021834061135371,0.639773660673542,zloader
174.8081910610199,390,18067,46.325641025641026,2.231016736875125,103.35328047467407,196,194,6283,11784,32.05612244897959,60.74226804123711,1.1212289241731397,1.1097878127019853,35.94225168663182,67.41102878804223,0.49743589743589745,0.6522388885813915,zloader
175.62564897537231,387,16611,42.92248062015504,2.203550576227441,94.58185690365382,193,194,5439,11172,28.181347150259068,57.58762886597938,1.0989283235449514,1.10462225268249,30.96928057907249,63.612576324581326,0.5012919896640827,0.672566371681416,zloader
87.35046887397766,205,8801,42.93170731707317,2.3468677689155597,100.75504016695533,102,103,2881,5920,28.245098039215687,57.47572815533981,1.1677098167287174,1.1791579521868423,32.98207825485721,67.77296191209811,0.5024390243902439,0.6726508351323713,zloader
156.41222405433655,229,15295,66.79039301310044,1.4640799425014694,97.78647476227063,115,114,3644,11651,31.68695652173913,102.20175438596492,0.7352366523478995,0.72884329015357,23.29741183613692,74.48906292613371,0.4978165938864629,0.7617522066034652,zloader
114.69332194328308,241,15316,63.551867219917014,2.1012557306446906,133.53872518902108,121,120,3665,11651,30.289256198347108,97.09166666666667,1.0549873170456745,1.046268413599016,31.95478113200328,101.58394405701779,0.4979253112033195,0.760707756594411,zloader
174.90301299095154,354,16698,47.16949152542373,2.0239788551745184,95.47005345679126,178,176,5834,10864,32.7752808988764,61.72727272727273,1.0177068819804076,1.0062719731941108,33.355628929627514,62.11442452716375,0.4971751412429379,0.6506168403401605,zloader
179.82603883743286,390,17289,44.33076923076923,2.1687626693071382,96.14291740936183,196,194,5661,11628,28.882653061224488,59.93814432989691,1.0899422645748695,1.0788204047322687,31.480424284481305,64.66249312488053,0.49743589743589745,0.672566371681416,zloader
6.551943063735962,54,34485,638.6111111111111,8.241829862484922,5263.324126070232,27,27,7550,26935,279.6296296296296,997.5925925925926,4.120914931242461,4.120914931242461,1152.32991595854,4110.994210111692,0.5,0.7810642308249964,zloader
98.41157698631287,209,9492,45.41626794258373,2.1237338776622576,96.45206682665142,105,104,3108,6384,29.6,61.38461538461539,1.066947641887737,1.0567862357745204,31.581650199877014,64.87041662677441,0.49760765550239233,0.672566371681416,zloader
0.21853899955749512,31,6139,198.03225806451613,141.85111153052685,28091.095925351754,16,15,644,5495,40.25,366.3333333333333,73.2134769189816,68.63763461154525,2946.84244598901,25144.253479362746,0.4838709677419355,0.895096921322691,zloader
137.95514702796936,229,15295,66.79039301310044,1.659959812543797,110.86936826575274,115,114,3644,11651,31.68695652173913,102.20175438596492,0.8336042726748326,0.8263555398689646,26.414382344583395,84.45498592116935,0.4978165938864629,0.7617522066034652,zloader
98.52038908004761,222,10609,47.788288288288285,2.2533406746863887,107.68329377363918,112,110,3841,6768,34.294642857142854,61.527272727272724,1.1368205205625024,1.1165201541238863,38.98685374536225,68.69644002827694,0.4954954954954955,0.6379489113017249,zloader
174.71352195739746,383,18067,47.17232375979112,2.192160032658443,103.40928279383834,194,189,6283,11784,32.38659793814433,62.34920634920635,1.1103891549235978,1.0817708777348451,35.96172711538642,67.44755567845193,0.4934725848563969,0.6522388885813915,zloader
177.22999119758606,382,17615,46.11256544502618,2.155391406492396,99.39062729152764,194,188,5767,11848,29.72680412371134,63.02127659574468,1.0946228608888084,1.0607685456035876,32.53963937497814,66.8509879165495,0.49214659685863876,0.6726085722395686,zloader
81.41523694992065,178,7797,43.80337078651685,2.1863229374311053,95.7683142873614,89,89,2553,5244,28.685393258426966,58.92134831460674,1.0931614687155526,1.0931614687155526,31.35776662506524,64.41054766229617,0.5,0.672566371681416,zloader
0.31078290939331055,32,6139,191.84375,102.96576495299642,19753.33847020141,16,16,644,5495,40.25,343.4375,51.48288247649821,51.48288247649821,2072.186019679053,17681.152450522357,0.5,0.895096921322691,zloader
99.4356279373169,226,10631,47.03982300884956,2.2728272017597946,106.91338930047954,114,112,3841,6790,33.69298245614035,60.625,1.146470358409808,1.1263568433499866,38.62800567238659,68.28538362809294,0.49557522123893805,0.6386981469287931,zloader
99.23546099662781,226,10957,48.482300884955755,2.2774117007193615,110.41415931319489,114,112,3947,7010,34.62280701754386,62.589285714285715,1.1487828932832178,1.1286288074361437,39.77408841920053,70.64007089399435,0.49557522123893805,0.639773660673542,zloader
177.580983877182,387,18406,47.56072351421189,2.179287396378295,103.64848531715478,196,191,6394,12012,32.62244897959184,62.890052356020945,1.1037217821450798,1.0755656142332155,36.00610752569204,67.64237779146275,0.4935400516795866,0.6526132782788221,zloader
175.7537910938263,388,16950,43.68556701030928,2.207633744826966,96.44173189385843,194,194,5550,11400,28.608247422680414,58.76288659793814,1.103816872413483,1.103816872413483,31.578266195334177,64.86346569852425,0.5,0.672566371681416,zloader
82.74876809120178,185,8123,43.90810810810811,2.2356828296960476,98.1646033817351,93,92,2659,5464,28.591397849462364,59.391304347826086,1.1238838008742293,1.1117990288218182,32.13340888736103,66.03119449437408,0.4972972972972973,0.6726578850178505,zloader
0.3115808963775635,29,6139,211.68965517241378,93.07374212332567,19702.748375692976,15,14,644,5495,42.93333333333333,392.5,48.14159075344431,44.93215136988136,2066.8789630145425,17635.869412678432,0.4827586206896552,0.895096921322691,zloader
98.21019387245178,223,10631,47.672645739910315,2.2706400548360195,108.24741893704808,112,111,3841,6790,34.294642857142854,61.171171171171174,1.1404111486171935,1.1302289062188258,39.10999305213072,69.13742588491736,0.4977578475336323,0.6386981469287931,zloader
163.0251829624176,219,10609,48.44292237442922,1.3433507389498611,65.07583556858026,112,107,3841,6768,34.294642857142854,63.25233644859813,0.6870104235725317,0.6563403153773294,23.560777115554416,41.515058453025844,0.4885844748858447,0.6379489113017249,zloader
175.3146460056305,341,16359,47.97360703812317,1.9450742295030403,93.31222674615906,174,167,5723,10636,32.89080459770115,63.68862275449102,0.9925012197464194,0.952573009756621,32.64416368165953,60.66806306449952,0.4897360703812317,0.650161990341708,zloader
174.90014505386353,372,16611,44.653225806451616,2.126927910125153,94.97419224486266,186,186,5439,11172,29.241935483870968,60.064516129032256,1.0634639550625764,1.0634639550625764,31.09774436336211,63.87644788150055,0.5,0.672566371681416,zloader
110.09039998054504,239,10509,43.97071129707113,2.170943152556768,95.45791460342708,118,121,3441,7068,29.161016949152543,58.413223140495866,1.0718464100489482,1.0990967425078197,31.256131330325683,64.2017832731014,0.5062761506276151,0.672566371681416,zloader
0.3116030693054199,27,6117,226.55555555555554,86.6486972037357,19630.743733157455,14,13,644,5473,46.0,421.0,44.928954105640734,41.719743098094966,2066.7318888594737,17564.01184429798,0.48148148148148145,0.8947196338074219,zloader
130.57320284843445,239,15273,63.90376569037657,1.8303908825566928,116.96887008070448,120,119,3644,11629,30.366666666666667,97.72268907563026,0.9190247109071261,0.9113661716495667,27.907717054546396,89.06115302615808,0.497907949790795,0.7614090224579323,zloader
98.72553610801697,226,10631,47.03982300884956,2.289174705040146,107.68237296142385,113,113,3841,6790,33.991150442477874,60.08849557522124,1.144587352520073,1.144587352520073,38.90584089406725,68.7765320673566,0.5,0.6386981469287931,zloader
176.03621792793274,395,18415,46.620253164556964,2.2438564327808304,104.609154961162,198,197,6389,12026,32.26767676767677,61.045685279187815,1.124768540988872,1.1190878917919584,36.29366771908032,68.31548724208169,0.49873417721518987,0.6530545750746674,zloader
176.44039297103882,380,16611,43.713157894736845,2.1537018457126975,94.14510883982533,189,191,5439,11172,28.77777777777778,58.49214659685864,1.0711832864202628,1.082518559292435,30.82627457587201,63.31883426395331,0.5026315789473684,0.672566371681416,zloader
88.68294906616211,200,8475,42.375,2.2552249570635,95.56515755556582,100,100,2775,5700,27.75,57.0,1.12761247853175,1.12761247853175,31.29124627925606,64.27391127630975,0.5,0.672566371681416,zloader
0.311816930770874,27,6117,226.55555555555554,86.58926868804264,19617.27987276877,14,13,644,5473,46.0,421.0,44.89813931972581,41.69112936831682,2065.3144087073874,17551.965464061384,0.48148148148148145,0.8947196338074219,zloader
97.59376382827759,217,10631,48.99078341013825,2.2235027268937517,108.93114050510357,108,109,3841,6790,35.56481481481482,62.293577981651374,1.1066280852743096,1.1168746416194422,39.357022921653915,69.57411758344965,0.5023041474654378,0.6386981469287931,zloader
98.2078149318695,220,10935,49.70454545454545,2.2401475906232347,111.34551774302305,111,109,3947,6988,35.55855855855856,64.11009174311927,1.1302562843599047,1.1098913062633298,40.190284273590485,71.15523346943256,0.4954545454545455,0.6390489254686785,zloader
174.94464802742004,382,18067,47.295811518324605,2.1835477924430533,103.27266483264043,192,190,6283,11784,32.723958333333336,62.02105263157895,1.0974899899190216,1.0860578025240317,35.91421670136048,67.35844813127994,0.4973821989528796,0.6522388885813915,zloader
174.6416699886322,371,16611,44.77358490566038,2.1243498188270253,95.11475698257607,186,185,5439,11172,29.241935483870968,60.38918918918919,1.0650379145601798,1.0593119042668455,31.14376998544526,63.97098699713081,0.49865229110512127,0.672566371681416,zloader
87.6779899597168,198,8801,44.44949494949495,2.2582634489108395,100.3786697669914,99,99,2881,5920,29.1010101010101,59.7979797979798,1.1291317244554198,1.1291317244554198,32.85887371874812,67.51979604824328,0.5,0.6726508351323713,zloader
0.3119049072265625,30,6139,204.63333333333333,96.18316129347879,19682.28090602221,16,14,644,5495,40.25,392.5,51.29768602318869,44.8854752702901,2064.7318624333448,17617.549043588864,0.4666666666666667,0.895096921322691,zloader
99.02432584762573,225,10609,47.15111111111111,2.27216896529263,107.13529134573116,113,112,3841,6768,33.991150442477874,60.42857142857143,1.141133747013632,1.131035218278998,38.78844886972885,68.34684247600231,0.49777777777777776,0.6379489113017249,zloader
97.90713500976562,215,10609,49.34418604651163,2.195958445506092,108.35778208546107,109,106,3841,6768,35.23853211009175,63.84905660377358,1.1132998630705304,1.0826585824355617,39.231052972971625,69.12672911248944,0.4930232558139535,0.6379489113017249,zloader
174.946613073349,306,14686,47.99346405228758,1.7491050248095108,83.94560913187084,155,151,5168,9518,33.34193548387097,63.033112582781456,0.8859845713904385,0.8631204534190724,29.540440419005073,54.405168712865766,0.4934640522875817,0.6481002315130056,zloader
174.94602394104004,388,16950,43.68556701030928,2.2178269117494374,96.88702617049734,193,195,5550,11400,28.756476683937823,58.46153846153846,1.1031974071330966,1.114629504616341,31.724070516003554,65.16295565449379,0.5025773195876289,0.672566371681416,zloader
126.46528816223145,270,11865,43.94444444444444,2.1349731924355417,93.82021084536187,134,136,3885,7980,28.992537313432837,58.6764705882353,1.0595792880976393,1.0753939043379026,30.719892046711408,63.100318798650456,0.5037037037037037,0.672566371681416,zloader
0.11657309532165527,26,6117,235.26923076923077,223.03602669431814,52473.51443419785,13,13,644,5473,49.53846153846154,421.0,111.51801334715907,111.51801334715907,5524.43081504388,46949.08361915397,0.5,0.8947196338074219,zloader
177.35951399803162,245,15273,62.33877551020408,1.381375007617122,86.11322649525023,123,122,3644,11629,29.6260162601626,95.31967213114754,0.6935066364771675,0.6878683711399547,20.545838888803235,65.56738760644699,0.49795918367346936,0.7614090224579323,zloader
98.04473209381104,221,10609,48.00452488687783,2.254073169260568,108.20571155061253,110,111,3841,6768,34.91818181818182,60.972972972972975,1.1219368715776585,1.13213629768291,39.17599567027078,69.02971588034175,0.502262443438914,0.6379489113017249,zloader
176.1706838607788,404,18393,45.527227722772274,2.2932305826732575,104.40443095819114,202,202,6389,12004,31.628712871287128,59.42574257425743,1.1466152913366288,1.1466152913366288,36.26596582351347,68.13846513467767,0.5,0.6526395911488067,zloader
174.90540599822998,365,16611,45.50958904109589,2.0868423015106448,94.97133553532417,184,181,5439,11172,29.559782608695652,61.72375690607735,1.0519972150081058,1.034845086502539,31.09680898059287,63.8745265547313,0.4958904109589041,0.672566371681416,zloader
87.05393409729004,188,8475,45.079787234042556,2.1595807466885333,97.35344057545383,93,95,2775,5700,29.838709677419356,60.0,1.0683032417129448,1.0912775049755887,31.876790276918513,65.47665029853532,0.5053191489361702,0.672566371681416,zloader
0.21444010734558105,27,6117,226.55555555555554,125.90928224302806,28525.44738817047,14,13,644,5473,46.0,421.0,65.28629449638493,60.62298774664314,3003.169546833706,25522.277841336763,0.48148148148148145,0.8947196338074219,zloader
99.54538679122925,225,10609,47.15111111111111,2.260275511027743,106.57450176219254,113,112,3841,6768,33.991150442477874,60.42857142857143,1.1351605899828219,1.1251149210449207,38.58541439047804,67.9890873717145,0.49777777777777776,0.6379489113017249,zloader
162.3074290752411,238,10935,45.945378151260506,1.4663530890484995,67.37214717960228,120,118,3947,6988,32.891666666666666,59.220338983050844,0.7393376919572267,0.7270153970912728,24.31804891795978,43.054098261642494,0.4957983193277311,0.6390489254686785,zloader
176.9576380252838,401,18067,45.05486284289277,2.266079071097823,102.09788173946228,201,200,6283,11784,31.258706467661693,58.92,1.1358650705502804,1.1302140005475427,35.50567282720106,66.59220891226123,0.49875311720698257,0.6522388885813915,zloader
175.42150115966797,374,16937,45.286096256684495,2.1320077500624435,96.55030818932514,189,185,5545,11392,29.33862433862434,61.57837837837838,1.0774049859941224,1.0546027640683209,31.609580144642376,64.94072804468277,0.4946524064171123,0.6726102615575368,zloader
86.67807602882385,178,8475,47.6123595505618,2.0535758078064403,97.77558972561563,90,88,2775,5700,30.833333333333332,64.77272727272727,1.0383248466437058,1.0152509611627345,32.0150161048476,65.76057362076803,0.4943820224719101,0.672566371681416,zloader
0.21629905700683594,33,6139,186.03030303030303,152.56654585857518,28382.000758357364,17,16,644,5495,37.88235294117647,343.4375,78.59488726047812,73.97165859809705,2977.3592585734064,25404.641499783957,0.48484848484848486,0.895096921322691,zloader
98.71752905845642,229,10609,46.327510917030565,2.3197501212210825,107.46824906565267,115,114,3841,6768,33.4,59.36842105263158,1.1649400172070938,1.1548101040139886,38.90899657471693,68.55925249093575,0.4978165938864629,0.6379489113017249,zloader
0.0697929859161377,19,1419,74.6842105263158,272.2336600246641,20331.555977631495,10,9,785,634,78.5,70.44444444444444,143.28087369719165,128.95278632747247,11247.548585229544,9084.00739240195,0.47368421052631576,0.44679351656095845,zloader
105.78417611122131,234,11289,48.243589743589745,2.2120510704169285,106.71728433306285,119,115,4067,7222,34.1764705882353,62.8,1.1249319546137373,1.0871191158031914,38.44620386062243,68.27108047244042,0.49145299145299143,0.6397377978563203,zloader
0.01766490936279297,10,601,60.1,566.0940452410516,34022.252118987206,5,5,594,7,118.8,1.4,283.0470226205258,283.0470226205258,33625.98628731847,396.26583166873615,0.5,0.011647254575707155,zloader
176.2678918838501,291,18137,62.32646048109966,1.6508962403189766,102.8945192806367,147,144,4847,13290,32.97278911564626,92.29166666666667,0.8339578945941223,0.8169383457248545,27.497917789780345,75.39660149085636,0.4948453608247423,0.7327562441418095,zloader
176.64452981948853,387,17983,46.46770025839793,2.1908405564297513,101.80332229011941,193,194,6125,11858,31.735751295336787,61.123711340206185,1.092589734860315,1.098250821569436,34.67415609336492,67.1291661967545,0.5012919896640827,0.659400544959128,zloader
142.35833883285522,311,14680,47.20257234726688,2.1846279083457776,103.1200568955499,156,155,5000,9680,32.05128205128205,62.45161290322581,1.0958262176911295,1.088801690654648,35.122635182408,67.99742171314189,0.4983922829581994,0.659400544959128,zloader
0.21703815460205078,29,5864,202.20689655172413,133.6170594206019,27018.290911807224,15,14,802,5062,53.46666666666667,361.57142857142856,69.11227211410443,64.50478730649746,3695.2028157007835,23323.08809610644,0.4827586206896552,0.8632332878581174,zloader
6.667485952377319,57,34463,604.6140350877193,8.548949395187915,5168.814789585283,30,27,7550,26913,251.66666666666666,996.7777777777778,4.499447050098903,4.049502345089012,1132.3608409415572,4036.453948643725,0.47368421052631576,0.7809244697211503,zloader
98.31995892524719,240,15776,65.73333333333333,2.441009970137115,160.455722037013,120,120,4180,11596,34.833333333333336,96.63333333333334,1.2205049850685574,1.2205049850685574,42.51425697988808,117.94146505712493,0.5,0.7350405679513184,zloader
99.43876481056213,222,10777,48.54504504504504,2.2325297425297435,108.37825691550921,112,110,4018,6759,35.875,61.445454545454545,1.1263213115465374,1.1062084309832063,40.40677705173202,67.97147986377719,0.4954954954954955,0.627168970956667,zloader
175.76862907409668,408,23850,58.455882352941174,2.321233329003234,135.689742393939,203,205,6930,16920,34.13793103448276,82.53658536585365,1.154927367126609,1.1663059618766247,39.42683080880492,96.2629115851341,0.5024509803921569,0.7094339622641509,zloader
175.92834496498108,381,17983,47.199475065616795,2.165654432069141,102.21775236718992,191,190,6125,11858,32.068062827225134,62.410526315789475,1.0856692822183882,1.0799851498507527,34.81531075176768,67.40244161542223,0.49868766404199477,0.659400544959128,zloader
87.36578607559204,184,9175,49.86413043478261,2.1060876146732834,105.01822752514877,92,92,3125,6050,33.96739130434783,65.76086956521739,1.0530438073366417,1.0530438073366417,35.76915106442397,69.24907646072481,0.5,0.659400544959128,zloader
165.38751101493835,95,9220,97.05263157894737,0.5744085476406938,55.7478611499705,48,47,1928,7292,40.166666666666664,155.14893617021278,0.29022747670266635,0.28418107093802747,11.657470314223767,44.09039083574673,0.49473684210526314,0.7908893709327549,zloader
179.01328706741333,254,16697,65.73622047244095,1.4188890900838436,93.27240605169267,128,126,4572,12125,35.71875,96.23015873015873,0.715030722561937,0.7038583675219067,25.540003621509186,67.73240243018348,0.49606299212598426,0.7261783553931844,zloader
0.003473997116088867,2,196,98.0,575.7057168348089,56419.16024981127,1,1,0,196,0.0,196.0,287.85285841740443,287.85285841740443,0.0,56419.16024981127,0.5,1.0,zloader
99.03946018218994,255,16493,64.67843137254901,2.5747313195256702,166.52958295269366,128,127,4430,12063,34.609375,94.98425196850394,1.292414152546219,1.2823171669794515,44.729646060779295,121.79993689191436,0.4980392156862745,0.731401200509307,zloader
0.3125290870666504,21,1238,58.95238095238095,67.19374569932913,3961.2312940842603,11,10,773,465,70.27272727272727,46.5,35.19672393774383,31.9970217615853,2473.3697821705437,1487.8615119137166,0.47619047619047616,0.3756058158319871,zloader
174.95707201957703,391,18851,48.21227621483376,2.2348339251827936,107.74643049519396,195,196,6768,12083,34.707692307692305,61.64795918367347,1.114559118697301,1.1202748064854924,38.683774950478636,69.06265554471533,0.5012787723785166,0.6409739536364119,zloader
175.6699447631836,384,18337,47.752604166666664,2.1859174631019616,104.38325135651216,191,193,6245,12092,32.696335078534034,62.652849740932645,1.087266238157486,1.0986512249444755,35.54962124237435,68.8336301141378,0.5026041666666666,0.6594317500136336,zloader
87.96951007843018,192,9175,47.786458333333336,2.1825743922959253,104.29750025684955,95,97,3125,6050,32.89473684210526,62.371134020618555,1.079919621188088,1.1026547711078372,35.523671749608155,68.77382850724139,0.5052083333333334,0.659400544959128,zloader
0.21705198287963867,27,5885,217.96296296296296,124.3941642079918,27113.320606075253,14,13,816,5069,58.285714285714285,389.9230769230769,64.50067773747723,59.893486470514574,3759.4680738415304,23353.852532233723,0.48148148148148145,0.8613423959218351,zloader
0.31220507621765137,19,1190,62.63157894736842,60.85743457532477,3811.5972181387615,10,9,760,430,76.0,47.77777777777778,32.03022872385514,28.827205851469625,2434.297383012991,1377.299835125771,0.47368421052631576,0.36134453781512604,zloader
98.62585496902466,222,10777,48.54504504504504,2.2509310572742143,109.27154956866761,111,111,4018,6759,36.1981981981982,60.891891891891895,1.1254655286371071,1.1254655286371071,40.739824270845915,68.5317252978217,0.5,0.627168970956667,zloader
99.12856698036194,231,15422,66.76190476190476,2.330307065225332,155.57573835456742,117,114,4060,11362,34.7008547008547,99.66666666666667,1.1802853966725708,1.1500216685527613,40.956912055475534,114.61882629909188,0.4935064935064935,0.7367397224743872,zloader
0.31121397018432617,20,1219,60.95,64.26446726718076,3916.919279934668,11,9,760,459,69.0909090909091,51.0,35.34545699694942,28.919010270231343,2442.049756152869,1474.8695237817985,0.45,0.37653814602132896,zloader
174.74377012252808,394,18822,47.77157360406091,2.254729880920689,107.7119944636782,196,198,6768,12054,34.53061224489796,60.878787878787875,1.121642275787957,1.133087605132732,38.73099450271884,68.98099996095935,0.5025380710659898,0.6404207841887153,zloader
175.01139783859253,374,17983,48.08288770053476,2.1370036730117907,102.75330762505624,187,187,6125,11858,32.75401069518717,63.411764705882355,1.0685018365058954,1.0685018365058954,34.99772058074122,67.755587044315,0.5,0.659400544959128,zloader
88.6855411529541,196,9175,46.81122448979592,2.2100558608754826,103.45542103843138,98,98,3125,6050,31.887755102040817,61.734693877551024,1.1050279304377413,1.1050279304377413,35.236860026713686,68.2185610117177,0.5,0.659400544959128,zloader
0.21834206581115723,29,5864,202.20689655172413,132.81911523674017,26856.941094767048,15,14,802,5062,53.46666666666667,361.57142857142856,68.69954236383113,64.11957287290905,3673.1355317195043,23183.805563047543,0.4827586206896552,0.8632332878581174,zloader
98.82053017616272,236,15295,64.80932203389831,2.388167717571378,154.77553067904333,120,116,3644,11651,30.366666666666667,100.4396551724138,1.2143225682566328,1.173845149314745,36.87492865605975,117.90060202298358,0.4915254237288136,0.7617522066034652,zloader
99.22976899147034,233,10631,45.62660944206009,2.348085684045363,107.13518844243029,117,116,3841,6790,32.82905982905983,58.53448275862069,1.1790816525034657,1.1690040315418975,38.708142113383005,68.42704632904729,0.4978540772532189,0.6386981469287931,zloader
176.58931398391724,404,18393,45.527227722772274,2.2877941529168297,104.1569253826714,202,202,6389,12004,31.628712871287128,59.42574257425743,1.1438970764584149,1.1438970764584149,36.17999218560798,67.97693319706343,0.5,0.6526395911488067,zloader
175.22217297554016,369,16611,45.016260162601625,2.105897865172063,94.79964617445296,186,183,5439,11172,29.241935483870968,61.049180327868854,1.0615094930135602,1.0443883721585028,31.04059211021911,63.759054064233844,0.4959349593495935,0.672566371681416,zloader
88.59317994117737,197,8475,43.02030456852792,2.223647465084793,95.66199120098285,98,99,2775,5700,28.316326530612244,57.57575757575758,1.1061799572503033,1.11746750783449,31.32295287111828,64.33903832986458,0.5025380710659898,0.672566371681416,zloader
0.21678709983825684,32,6139,191.84375,147.61025920765096,28318.10566486779,16,16,644,5495,40.25,343.4375,73.80512960382548,73.80512960382548,2970.656466553976,25347.449198313814,0.5,0.895096921322691,zloader
99.03494095802307,235,14969,63.69787234042553,2.3728998848962513,151.14867394473185,118,117,3538,11431,29.983050847457626,97.7008547008547,1.1914986656074795,1.181401219288772,35.724765075586966,115.4239088691449,0.4978723404255319,0.7636448660565168,zloader
107.0144100189209,229,10935,47.751091703056765,2.1398987291478893,102.1825004507955,115,114,3947,6988,34.321739130434786,61.29824561403509,1.0746216325415165,1.065277096606373,36.88288333601188,65.29961711478363,0.4978165938864629,0.6390489254686785,zloader
175.32160806655884,385,18067,46.92727272727273,2.1959643437324576,103.0506176576995,193,192,6283,11784,32.55440414507772,61.375,1.1008340736113358,1.0951302701211216,35.83699732901567,67.21362032868385,0.4987012987012987,0.6522388885813915,zloader
175.41358089447021,387,16937,43.76485788113695,2.2062145817137235,96.55466762399311,193,194,5545,11392,28.730569948186528,58.72164948453608,1.1002568844205391,1.1059576972931844,31.61100737881808,64.94366024517504,0.5012919896640827,0.6726102615575368,zloader
87.14935183525085,185,8475,45.810810810810814,2.1227926095162277,97.2468506251353,92,93,2775,5700,30.16304347826087,61.29032258064516,1.055659027435097,1.0671335820811307,31.841889142743415,65.40496148239188,0.5027027027027027,0.672566371681416,zloader
0.312701940536499,27,6117,226.55555555555554,86.34420353668551,19561.75900125575,14,13,644,5473,46.0,421.0,44.771068500503596,41.57313503618191,2059.4691510231655,17502.289850232584,0.48148148148148145,0.8947196338074219,zloader
99.74247097969055,227,10631,46.83259911894273,2.275861002543455,106.58448598255274,114,113,3841,6790,33.69298245614035,60.08849557522124,1.1429434109689598,1.1329175915744951,38.509172294138374,68.07531368841435,0.4977973568281938,0.6386981469287931,zloader
6.245271921157837,23,5598,243.3913043478261,3.682786000411001,896.3580882739471,13,10,742,4856,57.07692307692308,485.6,2.0815746958844787,1.6012113045265224,118.80987879586796,777.5482094780792,0.43478260869565216,0.8674526616648803,zloader
6.823994874954224,197,205662,1043.969543147208,28.868720391780997,30138.064838652095,89,108,768,204894,8.629213483146067,1897.1666666666667,13.04221378105842,15.826506610722577,112.54404700958277,30025.520791642513,0.5482233502538071,0.9962657175365406,zloader
98.92673301696777,226,10609,46.942477876106196,2.2845189880195154,107.24098205265061,114,112,3841,6768,33.69298245614035,60.42857142857143,1.1523679851071893,1.1321510029123263,38.82671430523433,68.41426774741629,0.49557522123893805,0.6379489113017249,zloader
0.3108539581298828,21,1779,84.71428571428571,67.55583916748989,5722.944660903072,11,10,947,832,86.0909090909091,83.2,35.386391944875655,32.16944722261423,3046.446651981568,2676.498008921504,0.47619047619047616,0.46767847105115234,zloader
174.88919281959534,394,18089,45.911167512690355,2.252855042943823,103.43120525840308,198,196,6283,11806,31.732323232323232,60.234693877551024,1.1321454276722767,1.1207096152715466,35.925604656893505,67.50560060150958,0.49746192893401014,0.6526618386864945,zloader
176.03390097618103,383,16611,43.37075718015666,2.1757172787520247,94.36250578942528,193,190,5439,11172,28.181347150259068,58.8,1.0963797253241274,1.0793375534278975,30.89745764786492,63.465048141560366,0.4960835509138381,0.672566371681416,zloader
147.05704998970032,193,8801,45.601036269430054,1.3124158278268023,59.84752176530408,97,96,2881,5920,29.701030927835053,61.666666666666664,0.6596079549181338,0.6528078729086685,19.591036269269523,40.25648549603456,0.49740932642487046,0.6726508351323713,zloader
94.9467260837555,241,15295,63.46473029045643,2.538265508885544,161.0903359269892,121,120,3644,11651,30.115702479338843,97.09166666666667,1.2743988654570575,1.2638666434284866,38.379417072111714,122.71091885487749,0.4979253112033195,0.7617522066034652,zloader
95.23242592811584,224,10609,47.361607142857146,2.352140017614185,111.40113145923613,112,112,3841,6768,34.294642857142854,60.42857142857143,1.1760700088070926,1.1760700088070926,40.3329009270361,71.06823053220003,0.5,0.6379489113017249,zloader
175.3081259727478,414,18754,45.29951690821256,2.3615562467672353,106.97735713012737,208,206,6500,12254,31.25,59.48543689320388,1.1864823655255676,1.175073881241668,37.077573922673984,69.89978320745338,0.4975845410628019,0.6534072731150687,zloader
179.8382568359375,409,17774,43.45721271393643,2.274265816383673,98.83325335061956,202,207,5883,11891,29.123762376237625,57.44444444444444,1.1232315278960927,1.1510342884875802,32.712728111944124,66.12052523867543,0.5061124694376528,0.6690109148193991,zloader
73.92955207824707,157,6973,44.4140127388535,2.123643327824185,94.3195218147646,78,79,2220,4753,28.46153846153846,60.164556962025316,1.0550584686005504,1.0685848592236344,30.028587183246437,64.29093463151816,0.5031847133757962,0.6816291409723219,zloader
0.11298799514770508,26,6117,235.26923076923077,230.11294222904965,54138.49490827295,13,13,644,5473,49.53846153846154,421.0,115.05647111452483,115.05647111452483,5699.720569057999,48438.77433921495,0.5,0.8947196338074219,zloader
97.01753878593445,210,14969,71.28095238095239,2.164557075224894,154.29168980495925,106,104,3538,11431,33.37735849056604,109.91346153846153,1.0925859522563752,1.071971122968519,36.467633010217504,117.82405679474174,0.49523809523809526,0.7636448660565168,zloader
100.1519091129303,227,10957,48.268722466960355,2.2665568935289797,109.40380564932612,115,112,3947,7010,34.321739130434786,62.589285714285715,1.1482556949596152,1.1183011985693645,39.41013241744001,69.9936732318861,0.4933920704845815,0.639773660673542,zloader
177.82225799560547,401,18089,45.109725685785534,2.255060781029504,101.7251732370142,201,200,6283,11806,31.258706467661693,59.03,1.130342186999826,1.1247185940296778,35.333034631442324,66.39213860557187,0.49875311720698257,0.6526618386864945,zloader
179.11662411689758,383,17615,45.992167101827675,2.1382716533895882,98.34374719179529,192,191,5767,11848,30.036458333333332,62.031413612565444,1.0719273040490886,1.0663443493404996,32.19689980443278,66.14684738736251,0.49869451697127937,0.6726085722395686,zloader
145.1069049835205,180,7797,43.31666666666667,1.240464745771004,53.73279790431399,90,90,2553,5244,28.366666666666667,58.266666666666666,0.620232372885502,0.620232372885502,17.59392497751874,36.13887292679525,0.5,0.672566371681416,zloader
0.311906099319458,27,6117,226.55555555555554,86.56451431668309,19611.67163241298,14,13,644,5473,46.0,421.0,44.8853037197616,41.679210596921486,2064.7239711090338,17546.947661303948,0.48148148148148145,0.8947196338074219,zloader
97.90047717094421,218,10631,48.76605504587156,2.226751148713502,108.58986909162036,109,109,3841,6790,35.23853211009175,62.293577981651374,1.113375574356751,1.113375574356751,39.2337209275622,69.35614816405815,0.5,0.6386981469287931,zloader
98.31751894950867,221,10631,48.10407239819005,2.2478191309271685,108.12925421215715,110,111,3841,6790,34.91818181818182,61.171171171171174,1.1188240018189526,1.1289951291082159,39.06729991805997,69.06195429409718,0.502262443438914,0.6386981469287931,zloader
0.3115859031677246,25,1801,72.04,80.23469529859528,5780.107449310804,13,12,947,854,72.84615384615384,71.16666666666667,41.72204155526955,38.512653743325735,3039.2902579107895,2740.817191400015,0.48,0.47418101054969464,zloader
0.17437982559204102,40,8281,207.025,229.384333102726,47488.291560591846,20,20,829,7452,41.45,372.6,114.692166551363,114.692166551363,4753.9903035539965,42734.301257037856,0.5,0.8998913174737351,zloader
175.42419695854187,395,18089,45.79493670886076,2.2516848122916056,103.1157634671971,199,196,6283,11806,31.57286432160804,60.234693877551024,1.1343931079646317,1.117291704326974,35.81603968513458,67.29972378206251,0.4962025316455696,0.6526618386864945,zloader
175.6179940700531,383,16966,44.297650130548305,2.1808699161386804,96.60741252534949,192,191,5563,11403,28.973958333333332,59.70157068062827,1.0932820467327067,1.0875878694059737,31.67670846861483,64.93070405673465,0.49869451697127937,0.6721089237298126,zloader
88.38534307479858,195,8475,43.46153846153846,2.206248154006437,95.886939001049,97,98,2775,5700,28.608247422680414,58.16326530612245,1.097467030454484,1.108781123551953,31.39660834547622,64.49033065557278,0.5025641025641026,0.672566371681416,zloader
0.2152259349822998,31,6139,198.03225806451613,144.0346861661883,28523.51414110419,16,15,644,5495,40.25,366.3333333333333,74.3404831825488,69.6942029836395,2992.204448097589,25531.309693006602,0.4838709677419355,0.895096921322691,zloader
97.28334498405457,234,15273,65.26923076923077,2.405344923515472,156.99501289252908,116,118,3644,11629,31.413793103448278,98.55084745762711,1.1923932099478407,1.212951713567631,37.45759359525803,119.53741929727104,0.5042735042735043,0.7614090224579323,zloader
99.54473400115967,228,10631,46.62719298245614,2.290427537807714,106.79620681769215,114,114,3841,6790,33.69298245614035,59.56140350877193,1.145213768903857,1.145213768903857,38.585667424208026,68.21053939348413,0.5,0.6386981469287931,zloader
179.40552520751953,402,18561,46.17164179104478,2.240733664891335,103.45835212449768,203,199,6500,12061,32.01970443349754,60.608040201005025,1.131514761126719,1.109218903764616,36.23076821341711,67.22758391108057,0.49502487562189057,0.6498033511125478,zloader
179.72263383865356,380,16950,44.60526315789474,2.114369191479499,94.31199419888819,188,192,5550,11400,29.52127659574468,59.375,1.0460563368372258,1.0683128546422733,30.88091845450321,63.43107574438497,0.5052631578947369,0.672566371681416,zloader
87.07745718955994,178,7990,44.8876404494382,2.044157072851929,91.75738770835345,89,89,2553,5437,28.685393258426966,61.08988764044944,1.0220785364259646,1.0220785364259646,29.318724758376263,62.43866294997718,0.5,0.6804755944931163,zloader
0.3121669292449951,31,6139,198.03225806451613,99.30584279051082,19665.760286804707,16,15,644,5495,40.25,366.3333333333333,51.254628537037846,48.05121425347298,2062.998798615773,17602.761488188935,0.4838709677419355,0.895096921322691,zloader
98.51683497428894,229,14969,65.36681222707423,2.3244758122788327,151.94357394760632,117,112,3538,11431,30.23931623931624,102.0625,1.1876142796359102,1.1368615326429226,35.912643772238035,116.03093017536828,0.4890829694323144,0.7636448660565168,zloader
113.26117706298828,237,10957,46.232067510548525,2.092508714333743,96.7410041474887,119,118,3947,7010,33.168067226890756,59.40677966101695,1.050668932513567,1.0418397818201757,34.84865778681554,61.89234636067315,0.4978902953586498,0.639773660673542,zloader
175.32182788848877,391,18067,46.20716112531969,2.2301843684215443,103.05048845082364,195,196,6283,11784,32.22051282051282,60.12244897959184,1.112240286041435,1.117944082380109,35.83695239588891,67.21353605493472,0.5012787723785166,0.6522388885813915,zloader
176.14358401298523,394,16937,42.98730964467005,2.2368115319542636,96.1545099408867,197,197,5545,11392,28.14720812182741,57.82741116751269,1.1184057659771318,1.1184057659771318,31.47999985961013,64.67451008127657,0.5,0.6726102615575368,zloader
88.37693095207214,200,8475,42.375,2.2630340049765065,95.89606596087947,100,100,2775,5700,27.75,57.0,1.1315170024882533,1.1315170024882533,31.399596819049027,64.49646914183043,0.5,0.672566371681416,zloader
0.35162901878356934,30,6139,204.63333333333333,85.31719055435882,17458.741093773624,16,14,644,5495,40.25,392.5,45.50250162899137,39.81468892536745,1831.4756905669026,15627.265403206722,0.4666666666666667,0.895096921322691,zloader
98.41107988357544,222,10609,47.788288288288285,2.255843551992678,107.80290199590235,112,110,3841,6768,34.294642857142854,61.527272727272724,1.1380832334377475,1.1177603185549305,39.03015803244989,68.77274396345246,0.4954954954954955,0.6379489113017249,zloader
99.23474287986755,226,10609,46.942477876106196,2.277428181313404,106.90812201572523,113,113,3841,6768,33.991150442477874,59.89380530973451,1.138714090656702,1.138714090656702,38.706201966481345,68.20192004924388,0.5,0.6379489113017249,zloader
0.3118929862976074,21,1779,84.71428571428571,67.33078627155103,5703.87946557568,11,10,947,832,86.0909090909091,83.2,35.26850709462197,32.06227917692906,3036.297838055182,2667.581627520498,0.47619047619047616,0.46767847105115234,zloader
175.74144792556763,394,18089,45.911167512690355,2.241929861456884,102.92961742104967,196,198,6283,11806,32.05612244897959,59.62626262626262,1.1152747534150995,1.1266551080417844,35.75138405972995,67.17823336131973,0.5025380710659898,0.6526618386864945,zloader
175.89179611206055,376,16611,44.1781914893617,2.1376778696400978,94.43874226753101,187,189,5439,11172,29.085561497326204,59.111111111111114,1.0631536213369635,1.074524248303134,30.922420034501307,63.51632223302971,0.5026595744680851,0.672566371681416,zloader
138.87156987190247,199,8801,44.22613065326633,1.4329786880321222,63.37510268025482,100,99,2881,5920,28.81,59.7979797979798,0.720089792980966,0.7128888950511564,20.74578693578163,42.62931574447319,0.49748743718592964,0.6726508351323713,zloader
98.00290393829346,233,15273,65.54935622317596,2.3774805708482485,155.8423208522116,117,116,3644,11629,31.145299145299145,100.25,1.1938421750611377,1.1836383957871108,37.18257167455373,118.65974917765787,0.4978540772532189,0.7614090224579323,zloader
98.10563778877258,220,10609,48.222727272727276,2.2424807071095487,108.13853555329638,111,109,3841,6768,34.6036036036036,62.091743119266056,1.1314334476779995,1.111047259431549,39.151674527308074,68.98686102598829,0.4954545454545455,0.6379489113017249,zloader
179.82159090042114,404,18754,46.42079207920792,2.2466712588685804,104.29225937827067,202,202,6500,12254,32.17821782178218,60.663366336633665,1.1233356294342902,1.1233356294342902,36.14693857090538,68.14532080736531,0.5,0.6534072731150687,zloader
175.89469814300537,389,16950,43.573264781491005,2.2115504566472857,96.36447362511952,193,196,5550,11400,28.756476683937823,58.16326530612245,1.097247398799296,1.1143030578479898,31.55296924008338,64.81150438503613,0.5038560411311054,0.672566371681416,zloader
146.93453407287598,180,7797,43.31666666666667,1.2250353610589895,53.06444838987189,91,89,2553,5244,28.054945054945055,58.92134831460674,0.6193234325353779,0.6057119285236114,17.37508487102,35.68936351885189,0.49444444444444446,0.672566371681416,zloader
0.31156277656555176,31,6139,198.03225806451613,99.49840716443128,19703.894244594958,16,15,644,5495,40.25,366.3333333333333,51.35401660099679,48.14439056343449,2066.999168190121,17636.895076404835,0.4838709677419355,0.895096921322691,zloader
6.551787853240967,47,34463,733.2553191489362,7.1736144473528025,5260.090951045098,24,23,7550,26913,314.5833333333333,1170.1304347826087,3.663122270988665,3.5104921763641372,1152.3572144151842,4107.733736629914,0.48936170212765956,0.7809244697211503,zloader
99.12648415565491,231,14969,64.80086580086581,2.330356029144226,151.0090883128135,116,115,3538,11431,30.5,99.4,1.1702220752412564,1.1601339539029696,35.691773294858315,115.31731501795518,0.49783549783549785,0.7636448660565168,zloader
129.7440631389618,229,10957,47.8471615720524,1.7650133228426073,84.45087763487533,115,114,3947,7010,34.321739130434786,61.49122807017544,0.8863604023008727,0.8786529205417346,30.42143050331778,54.029447131557546,0.4978165938864629,0.639773660673542,zloader
175.62652492523193,388,22405,57.74484536082474,2.209233486599932,127.57184604966875,196,192,5980,16425,30.510204081632654,85.546875,1.1160045447772853,1.0932289418226468,34.049526417184516,93.52231963248423,0.4948453608247423,0.7330952912296362,zloader
178.84679794311523,381,17615,46.23359580052493,2.1303149085240123,98.49211840853143,191,190,5767,11848,30.19371727748691,62.357894736842105,1.0679531431183367,1.0623617654056754,32.245475268918575,66.24664313961284,0.49868766404199477,0.6726085722395686,zloader
80.90062308311462,170,7797,45.86470588235294,2.1013435190152694,96.37750245742384,86,84,2553,5244,29.686046511627907,62.42857142857143,1.0630326037371363,1.038310915278133,31.55723531791754,64.8202671395063,0.49411764705882355,0.672566371681416,zloader
0.21689796447753906,33,6139,186.03030303030303,152.14527291433998,28303.63122488282,17,16,644,5495,37.88235294117647,343.4375,78.37786786496302,73.76740504937696,2969.138053237423,25334.4931716454,0.48484848484848486,0.895096921322691,zloader
99.24110412597656,228,10631,46.62719298245614,2.2974351404895397,107.122951660282,115,113,3841,6790,33.4,60.08849557522124,1.1587940401591976,1.138641100330342,38.7037209413172,68.4192307189648,0.4956140350877193,0.6386981469287931,zloader
99.23280787467957,227,10609,46.73568281938326,2.2875499027164157,106.91020668686544,114,113,3841,6768,33.69298245614035,59.89380530973451,1.148813607531592,1.1387362951848237,38.70695672393723,68.2032499629282,0.4977973568281938,0.6379489113017249,zloader
0.19207000732421875,21,1779,84.71428571428571,109.33513406156902,9262.24778550149,11,10,947,832,86.0909090909091,83.2,57.27078450844091,52.0643495531281,4930.493902681232,4331.753882820258,0.47619047619047616,0.46767847105115234,zloader
175.52144694328308,392,18089,46.14540816326531,2.2333453080902896,103.05863081133992,199,193,6283,11806,31.57286432160804,61.170984455958546,1.1337645824233868,1.0995807256669028,35.79619533349819,67.26243547784173,0.4923469387755102,0.6526618386864945,zloader
174.7033748626709,383,16611,43.37075718015666,2.1922873573625288,95.08116264529755,190,193,5439,11172,28.626315789473683,57.8860103626943,1.0875576968639176,1.104729660498611,31.1327700696992,63.948392575598355,0.5039164490861618,0.672566371681416,zloader
127.29699516296387,205,8801,42.93170731707317,1.6104072192557397,69.1375313983891,103,102,2881,5920,27.97087378640777,58.03921568627451,0.8091314321138595,0.8012757871418803,22.632113164272127,46.50541823411697,0.4975609756097561,0.6726508351323713,zloader
0.08795881271362305,25,5757,230.28,284.2239365075923,65451.08809896836,13,12,482,5275,37.07692307692308,439.5833333333333,147.796446983948,136.4274895236443,5479.83749586638,59971.25060310198,0.48,0.9162758381101268,zloader
0.31185293197631836,28,6449,230.32142857142858,89.7859122970384,20679.61958584288,14,14,764,5685,54.57142857142857,406.07142857142856,44.8929561485192,44.8929561485192,2449.8727498191906,18229.74683602369,0.5,0.8815320204682897,zloader
99.02685499191284,227,10957,48.268722466960355,2.292307475770469,110.64675335690322,115,112,3947,7010,34.321739130434786,62.589285714285715,1.1613011441127927,1.1310063316576764,39.85787492011472,70.7888784367885,0.4933920704845815,0.639773660673542,zloader
98.92402696609497,223,10609,47.573991031390136,2.2542551778288464,107.2439156124943,111,112,3841,6768,34.6036036036036,60.42857142857143,1.122073205107632,1.1321819727212143,38.8277764037695,68.4161392087248,0.5022421524663677,0.6379489113017249,zloader
105.06851100921631,244,11613,47.59426229508197,2.3222942597768137,110.5278821261809,122,122,4169,7444,34.17213114754098,61.01639344262295,1.1611471298884068,1.1611471298884068,39.678872004137446,70.84901012204345,0.5,0.6410057693963661,zloader
