flowInd,time_first,duration,pkts_aggr,bytes_aggr,pkts_ab,pkts_ba,bytes_ab,bytes_ba,mean_Bpp_ab,mean_Bpp_ba,mean_pps_ab,mean_pps_ba,mean_pkts_asm,mean_bytes_asm,time_last,block_local,block_label,label,family,mdoh,session,block,spills_into_next_block,next_block_label,label_contaminated
1,1789843226.940116,178.77963614463806,4792,293568,2412,2380,90868,202700,37.67330016583748,85.16806722689076,13.491469453761614,13.31247815089247,0.496661101836394,0.6904703509919338,1789843405.719752,0,dga:zloader,dga,zloader,1,cloudflare_1,cloudflare_1_0,False,dga,False
2,1789843457.847267,150.04510307312012,5168,265100,2660,2508,77388,187712,29.093233082706767,74.84529505582137,17.728002750637764,16.71497402202989,0.4852941176470588,0.7080799698227084,1789843607.89237,1,dga:qsnatch,dga,qsnatch,1,cloudflare_1,cloudflare_1_1,False,dga,False
6,1789843918.686677,10.350109100341797,344,21508,176,168,8432,13076,47.90909090909091,77.83333333333333,17.004651670211658,16.231712957929307,0.4883720930232558,0.6079598289008741,1789843929.036786,3,benign,benign,benign,0,cloudflare_1,cloudflare_1_3,False,benign,False
7,1789843929.647635,157.07303190231323,4884,254960,2480,2404,77800,177160,31.370967741935484,73.69384359400998,15.788833830764533,15.304982471434652,0.49221949221949224,0.6948540947599623,1789844086.720667,3,benign,benign,benign,0,cloudflare_1,cloudflare_1_3,False,benign,False
9,1789844148.874556,149.17628002166748,4660,236328,2392,2268,76620,159708,32.031772575250834,70.41798941798942,16.034720799128173,15.203489453353969,0.48669527896995707,0.6757895805829186,1789844298.050836,4,benign,benign,benign,0,cloudflare_1,cloudflare_1_4,False,benign,False
11,1789844379.109113,152.74184107780457,5264,265080,2724,2540,85148,179932,31.258443465491922,70.83937007874016,17.834013134701134,16.629366138818238,0.4825227963525836,0.6787837633921835,1789844531.850954,5,benign,benign,benign,0,cloudflare_1,cloudflare_1_5,False,dga,False
17,1789844840.298251,149.8198549747467,5332,289244,2744,2588,91740,197504,33.432944606414,76.31530139103555,18.315329436559143,17.274078929232893,0.48537134283570893,0.682828338703655,1789844990.118106,7,dga:flubot,dga,flubot,1,cloudflare_1,cloudflare_1_7,False,dga,False
19,1789845070.576855,58.66857409477234,1924,117732,968,956,37704,80028,38.950413223140494,83.7112970711297,16.49946355328676,16.29492474890717,0.4968814968814969,0.6797472225053511,1789845129.245429,8,dga:zloader,dga,zloader,1,cloudflare_1,cloudflare_1_8,False,benign,False
20,1789845129.512278,90.28715085983276,2892,187052,1448,1444,54264,132788,37.47513812154696,91.9584487534626,16.03771950061823,15.993416408075086,0.49930843706777317,0.7098988516562239,1789845219.799429,8,dga:zloader,dga,zloader,1,cloudflare_1,cloudflare_1_8,False,benign,False
22,1789845300.669084,149.74792194366455,5072,254948,2604,2468,83116,171832,31.91858678955453,69.62398703403565,17.38922294347183,16.48103004012614,0.4865930599369085,0.6739884211682382,1789845450.417006,9,benign,benign,benign,0,cloudflare_1,cloudflare_1_9,False,benign,False
24,1789845664.055211,179.6258888244629,3740,189352,1892,1848,58848,130504,31.103594080338265,70.61904761904762,10.533002856002193,10.288049301211444,0.49411764705882355,0.6892137394904728,1789845843.6811,10,benign,benign,benign,0,cloudflare_1,cloudflare_1_10,True,benign,False
25,1789845844.404852,66.56015515327454,2212,109004,1148,1064,34100,74904,29.70383275261324,70.3984962406015,17.247555949297126,15.985539660324166,0.4810126582278481,0.6871674433965727,1789845910.965007,11,benign,benign,benign,0,cloudflare_1,cloudflare_1_11,False,dga,False
27,1789845991.938624,149.93774700164795,5116,311044,2564,2552,96756,214288,37.73634945397816,83.96865203761756,17.100430353750877,17.020397138366707,0.4988272087568413,0.688931469502707,1789846141.876371,12,dga:zloader,dga,zloader,1,cloudflare_1,cloudflare_1_12,False,dga,False
29,1789846222.457362,106.78775405883789,3576,182904,1864,1712,55688,127216,29.875536480686694,74.30841121495327,17.455184973484634,16.031800791097474,0.47874720357941836,0.6955342693434807,1789846329.245116,13,dga:qsnatch,dga,qsnatch,1,cloudflare_1,cloudflare_1_13,False,benign,False
30,1789846329.382591,178.74133706092834,3368,182620,1724,1644,54236,128384,31.45939675174014,78.09245742092457,9.645222690777638,9.197648551994453,0.48812351543942994,0.7030117183221991,1789846508.123928,13,dga:qsnatch,dga,qsnatch,1,cloudflare_1,cloudflare_1_13,True,benign,True
31,1789846509.117786,179.57521295547485,3360,163180,1752,1608,52184,110996,29.78538812785388,69.0273631840796,9.756357635139786,8.954465226772133,0.4785714285714286,0.6802059075867141,1789846688.692999,14,benign,benign,benign,0,cloudflare_1,cloudflare_1_14,True,benign,False
32,1789846689.274653,144.46007299423218,4820,243276,2468,2352,76196,167080,30.87358184764992,71.0374149659864,17.08430536442093,16.281315322981374,0.4879668049792531,0.6867919564609744,1789846833.734726,15,benign,benign,benign,0,cloudflare_1,cloudflare_1_15,False,,False
9,1789909341.229703,62.07228708267212,3688,156556,1376,2312,49628,106928,36.06686046511628,46.24913494809689,22.167702604019553,37.2468956544282,0.6268980477223427,0.683001609647666,1789909403.30199,2,dga:bazarbackdoor,dga,bazarbackdoor,1,google_1,google_1_2,False,benign,False
10,1789909403.438585,179.28972697257996,6092,266188,2252,3840,79416,186772,35.264653641207815,48.63854166666667,12.560675048294398,21.41784732924089,0.6303348653972423,0.701654469773243,1789909582.728312,2,dga:bazarbackdoor,dga,bazarbackdoor,1,google_1,google_1_2,True,benign,True
11,1789909583.340269,138.24682593345642,7916,290200,2904,5012,97816,192384,33.6831955922865,38.38467677573823,21.005907227105585,36.25399690848939,0.6331480545730167,0.6629359062715369,1789909721.587095,3,benign,benign,benign,0,google_1,google_1_3,False,benign,False
13,1789909801.801893,149.18236207962036,8340,311576,3060,5280,106872,204704,34.92549019607843,38.76969696969697,20.511808214746207,35.39292397838561,0.6330935251798561,0.6569954040105784,1789909950.984255,4,benign,benign,benign,0,google_1,google_1_4,False,benign,False
15,1789910032.007136,149.5607979297638,8512,337584,3268,5244,114072,223512,34.90575275397797,42.62242562929062,21.850645658728745,35.06266396400659,0.6160714285714286,0.6620929901891085,1789910181.567934,5,benign,benign,benign,0,google_1,google_1_5,False,dga,False
17,1789910262.158389,155.01811981201172,8960,374052,3308,5652,117896,256156,35.639661426844015,45.32130219391366,21.339440860278557,36.460253851963245,0.6308035714285715,0.6848138761455627,1789910417.176509,6,dga:bazarbackdoor,dga,bazarbackdoor,1,google_1,google_1_6,False,dga,False
19,1789910492.249199,111.69592499732971,6148,243172,2264,3884,83092,160080,36.70141342756184,41.21524201853759,20.269316002836494,34.77297851370007,0.6317501626545218,0.6582994752685342,1789910603.945124,7,dga:flubot,dga,flubot,1,google_1,google_1_7,False,dga,False
20,1789910604.025183,179.94161200523376,5848,257772,2172,3676,80676,177096,37.14364640883978,48.17627856365615,12.070582094912128,20.428848886232498,0.6285909712722298,0.6870257436804618,1789910783.966795,7,dga:flubot,dga,flubot,1,google_1,google_1_7,True,dga,False
21,1789910784.144168,150.06372904777527,5360,220448,1972,3388,73200,147248,37.11967545638945,43.4616292798111,13.141083541727669,22.577074563576748,0.6320895522388059,0.6679489040499347,1789910934.207897,8,dga:zloader,dga,zloader,1,google_1,google_1_8,False,benign,False
22,1789910953.271211,149.81108903884888,8992,350776,3308,5684,114280,236496,34.546553808948005,41.6073187895848,22.08114246564333,37.94111661871726,0.6321174377224199,0.6742080415991972,1789911103.0823,9,benign,benign,benign,0,google_1,google_1_9,False,benign,False
24,1789911183.440339,149.55632185935974,8980,355424,3364,5616,116632,238792,34.67063020214031,42.51994301994302,22.49319826923431,37.551070594536235,0.6253897550111358,0.6718510849014135,1789911332.996661,10,benign,benign,benign,0,google_1,google_1_10,False,benign,False
26,1789911413.85038,150.1229190826416,9176,344072,3372,5804,117332,226740,34.79596678529063,39.06616126809097,22.461593610125167,38.661651634984125,0.6325196163905842,0.6589899788416378,1789911563.973299,11,benign,benign,benign,0,google_1,google_1_11,False,dga,False
28,1789911644.626103,158.8566701412201,8852,376480,3324,5528,125348,251132,37.709987966305654,45.42908827785818,20.924522697378944,34.79866470250025,0.6244916403072752,0.6670526986825329,1789911803.482773,12,dga:zloader,dga,zloader,1,google_1,google_1_12,False,dga,False
35,1789911874.983015,149.30760502815247,8680,329348,3200,5480,107752,221596,33.6725,40.43722627737226,21.432263945273444,36.702752006280775,0.631336405529954,0.6728323839828996,1789912024.29062,13,dga:qsnatch,dga,qsnatch,1,google_1,google_1_13,False,benign,False
39,1789912335.286657,150.12205600738525,8792,347932,3240,5552,113528,234404,35.03950617283951,42.21974063400577,21.582438225070728,36.98323982271379,0.6314831665150137,0.6737063564144717,1789912485.408713,15,benign,benign,benign,0,google_1,google_1_15,False,,False
1,1790000325.014797,0.12981605529785156,16,96,8,8,0,96,0.0,12.0,61.6256593350083,61.6256593350083,0.5,1.0,1790000325.144613,0,dga:zloader,dga,zloader,1,quad9_1,quad9_1_0,False,dga,False
2,1790000325.038741,1.4146299362182617,128,22952,60,68,3732,19220,62.2,282.6470588235294,42.41391933242862,48.06910857675244,0.53125,0.8373997908678982,1790000326.453371,0,dga:zloader,dga,zloader,1,quad9_1,quad9_1_0,False,dga,False
3,1790000326.498862,1.640212059020996,140,10320,80,60,5768,4552,72.1,75.86666666666666,48.77418109445562,36.58063582084172,0.42857142857142855,0.44108527131782943,1790000328.139074,0,dga:zloader,dga,zloader,1,quad9_1,quad9_1_0,False,dga,False
4,1790000329.000675,4.757540941238403,212,12644,108,104,7100,5544,65.74074074074075,53.30769230769231,22.700803069050888,21.860032585011968,0.49056603773584906,0.43846883897500794,1790000333.758216,0,dga:zloader,dga,zloader,1,quad9_1,quad9_1_0,False,dga,False
5,1790000334.643015,0.3149850368499756,96,20752,44,52,3164,17588,71.9090909090909,338.2307692307692,139.68917520662032,165.0872070623695,0.5416666666666666,0.8475327679259831,1790000334.958,0,dga:zloader,dga,zloader,1,quad9_1,quad9_1_0,False,dga,False
6,1790000335.566385,3.5023820400238037,164,11536,88,76,6656,4880,75.63636363636364,64.21052631578948,25.12575698321075,21.6995173945911,0.4634146341463415,0.42302357836338417,1790000339.068767,0,dga:zloader,dga,zloader,1,quad9_1,quad9_1_0,False,dga,False
7,1790000339.749867,6.509336948394775,300,18256,172,128,9320,8936,54.18604651162791,69.8125,26.42358221176671,19.664061180849647,0.4266666666666667,0.4894829097283085,1790000346.259204,0,dga:zloader,dga,zloader,1,quad9_1,quad9_1_0,False,dga,False
8,1790000346.460441,1.270319938659668,124,22952,56,68,3732,19220,66.64285714285714,282.6470588235294,44.08338269419464,53.52982184295063,0.5483870967741935,0.8373997908678982,1790000347.730761,0,dga:zloader,dga,zloader,1,quad9_1,quad9_1_0,False,dga,False
9,1790000347.673388,4.765161991119385,200,12644,108,92,7100,5544,65.74074074074075,60.26086956521739,22.664497072979824,19.30679380290874,0.46,0.43846883897500794,1790000352.43855,0,dga:zloader,dga,zloader,1,quad9_1,quad9_1_0,False,dga,False
10,1790000353.019184,2.7324018478393555,148,9356,72,76,5768,3588,80.11111111111111,47.21052631578947,26.350443313063174,27.81435683045557,0.5135135135135135,0.3834972210346302,1790000355.751586,0,dga:zloader,dga,zloader,1,quad9_1,quad9_1_0,False,dga,False
11,1790000356.061883,3.8020150661468506,168,25608,88,80,5064,20544,57.54545454545455,256.8,23.145621063828013,21.0414736943891,0.47619047619047616,0.8022492970946579,1790000359.863898,0,dga:zloader,dga,zloader,1,quad9_1,quad9_1_0,False,dga,False
12,1790000360.296785,3.6847307682037354,172,10428,88,84,6212,4216,70.5909090909091,50.19047619047619,23.882341895741547,22.796780900480567,0.4883720930232558,0.40429612581511315,1790000363.981516,0,dga:zloader,dga,zloader,1,quad9_1,quad9_1_0,False,dga,False
13,1790000364.686967,2.4424021244049072,140,9320,72,68,5768,3552,80.11111111111111,52.23529411764706,29.479175145060456,27.841443192557097,0.4857142857142857,0.3811158798283262,1790000367.129369,0,dga:zloader,dga,zloader,1,quad9_1,quad9_1_0,False,dga,False
14,1790000367.511844,4.581808090209961,208,26720,108,100,5508,21212,51.0,212.12,23.57148048840494,21.825444896671243,0.4807692307692308,0.7938622754491018,1790000372.093652,0,dga:zloader,dga,zloader,1,quad9_1,quad9_1_0,False,dga,False
15,1790000372.810452,2.182835102081299,120,8212,64,56,5324,2888,83.1875,51.57142857142857,29.319667774710517,25.6547093028717,0.4666666666666667,0.35168046760837796,1790000374.993287,0,dga:zloader,dga,zloader,1,quad9_1,quad9_1_0,False,dga,False
16,1790000375.164919,2.4453001022338867,128,9320,68,60,5768,3552,84.82352941176471,59.2,27.80844769845594,24.53686561628465,0.46875,0.3811158798283262,1790000377.610219,0,dga:zloader,dga,zloader,1,quad9_1,quad9_1_0,False,dga,False
17,1790000378.270446,8.387280941009521,312,33440,172,140,8172,25268,47.51162790697674,180.4857142857143,20.507242002471603,16.691941164802465,0.44871794871794873,0.755622009569378,1790000386.657727,0,dga:zloader,dga,zloader,1,quad9_1,quad9_1_0,False,dga,False
18,1790000387.623587,11.483106136322021,352,21580,200,152,10652,10928,53.26,71.89473684210526,17.416890310486927,13.236836635970064,0.4318181818181818,0.5063948100092679,1790000399.106693,0,dga:zloader,dga,zloader,1,quad9_1,quad9_1_0,False,dga,False
19,1790000399.878128,1.3783369064331055,120,8248,64,56,5324,2924,83.1875,52.214285714285715,46.43276959449689,40.62867339518478,0.4666666666666667,0.3545101842870999,1790000401.256465,0,dga:zloader,dga,zloader,1,quad9_1,quad9_1_0,False,dga,False
20,1790000402.269671,12.101887941360474,400,37872,224,176,9948,27924,44.410714285714285,158.6590909090909,18.509508688676412,14.543185398245754,0.44,0.7373257287705957,1790000414.371559,0,dga:zloader,dga,zloader,1,quad9_1,quad9_1_0,False,dga,False
21,1790000415.141406,3.8910529613494873,164,10428,88,76,6212,4216,70.5909090909091,55.473684210526315,22.615986180121283,19.5319880646502,0.4634146341463415,0.40429612581511315,1790000419.032459,0,dga:zloader,dga,zloader,1,quad9_1,quad9_1_0,False,dga,False
22,1790000419.493436,5.925647020339966,212,13344,112,100,7100,6244,63.392857142857146,62.44,18.900889576371416,16.875794264617337,0.4716981132075472,0.46792565947242204,1790000425.419083,0,dga:zloader,dga,zloader,1,quad9_1,quad9_1_0,False,dga,False
23,1790000425.870676,8.96276307106018,324,33400,180,144,8172,25228,45.4,175.19444444444446,20.083092521010744,16.066474016808595,0.4444444444444444,0.7553293413173653,1790000434.833439,0,dga:zloader,dga,zloader,1,quad9_1,quad9_1_0,False,dga,False
24,1790000435.096619,9.041741132736206,312,19328,180,132,9764,9564,54.24444444444445,72.45454545454545,19.907670144226802,14.598958105766322,0.4230769230769231,0.49482615894039733,1790000444.13836,0,dga:zloader,dga,zloader,1,quad9_1,quad9_1_0,False,dga,False
25,1790000444.605237,1.2526829242706299,124,8248,64,60,5324,2924,83.1875,48.733333333333334,51.09034278348112,47.89719635951355,0.4838709677419355,0.3545101842870999,1790000445.85792,0,dga:zloader,dga,zloader,1,quad9_1,quad9_1_0,False,dga,False
26,1790000446.048435,9.913816928863525,344,34508,192,152,8616,25892,44.875,170.3421052631579,19.366909978033053,15.332137065942833,0.4418604651162791,0.7503187666628028,1790000455.962252,0,dga:zloader,dga,zloader,1,quad9_1,quad9_1_0,False,dga,False
27,1790000456.610505,1.901763916015625,108,8212,56,52,5324,2888,95.07142857142857,55.53846153846154,29.446346903734135,27.343036410610267,0.48148148148148145,0.35168046760837796,1790000458.512269,0,dga:zloader,dga,zloader,1,quad9_1,quad9_1_0,False,dga,False
28,1790000459.060326,0.6698248386383057,80,6660,40,40,4436,2224,110.9,55.6,59.717104670702334,59.717104670702334,0.5,0.33393393393393395,1790000459.730151,0,dga:zloader,dga,zloader,1,quad9_1,quad9_1_0,False,dga,False
29,1790000459.68138,7.291781902313232,304,32296,168,136,7728,24568,46.0,180.64705882352942,23.03963588745077,18.651133813650624,0.4473684210526316,0.7607134010403765,1790000466.973162,0,dga:zloader,dga,zloader,1,quad9_1,quad9_1_0,False,dga,False
30,1790000467.819212,4.441931962966919,168,11572,92,76,6656,4916,72.34782608695652,64.6842105263158,20.711708501394973,17.109672240282805,0.4523809523809524,0.42481852748012444,1790000472.261144,0,dga:zloader,dga,zloader,1,quad9_1,quad9_1_0,False,dga,False
31,1790000472.594901,1.1346008777618408,104,7768,52,52,4880,2888,93.84615384615384,55.53846153846154,45.83109445726614,45.83109445726614,0.5,0.3717816683831102,1790000473.729502,0,dga:zloader,dga,zloader,1,quad9_1,quad9_1_0,False,dga,False
32,1790000473.670894,93.79889011383057,396,36128,220,176,9148,26980,41.58181818181818,153.29545454545453,2.3454435306539003,1.8763548245231203,0.4444444444444444,0.7467891939769707,1790000567.469784,0,dga:zloader,dga,zloader,1,quad9_1,quad9_1_0,True,dga,False
33,1790000568.357262,2.199406147003174,124,7896,64,60,5140,2756,80.3125,45.93333333333333,29.09876381277007,27.28009107447194,0.4838709677419355,0.34903748733535966,1790000570.556668,1,dga:qsnatch,dga,qsnatch,1,quad9_1,quad9_1_1,False,dga,False
34,1790000570.75385,19.199858903884888,564,30188,324,240,14236,15952,43.93827160493827,66.46666666666667,16.87512401116875,12.500091860125,0.425531914893617,0.5284218894925136,1790000589.953709,1,dga:qsnatch,dga,qsnatch,1,quad9_1,quad9_1_1,False,dga,False
35,1790000590.240575,12.437199831008911,308,32068,168,140,7540,24528,44.88095238095238,175.2,13.507863689794213,11.256553074828512,0.45454545454545453,0.7648746413870525,1790000602.677775,1,dga:qsnatch,dga,qsnatch,1,quad9_1,quad9_1_1,False,dga,False
36,1790000603.371116,0.8657670021057129,84,6352,40,44,4364,1988,109.1,45.18181818181818,46.20180707131625,50.82198777844788,0.5238095238095238,0.31297229219143574,1790000604.236883,1,dga:qsnatch,dga,qsnatch,1,quad9_1,quad9_1_1,False,dga,False
37,1790000604.259267,4.820101976394653,208,11992,112,96,6644,5348,59.32142857142857,55.708333333333336,23.23602291994949,19.91659107424242,0.46153846153846156,0.44596397598398935,1790000609.079369,1,dga:qsnatch,dga,qsnatch,1,quad9_1,quad9_1_1,False,dga,False
38,1790000609.71353,11.443270921707153,380,35040,208,172,9032,26008,43.42307692307692,151.2093023255814,18.176621127219605,15.030667470585442,0.45263157894736844,0.7422374429223745,1790000621.156801,1,dga:qsnatch,dga,qsnatch,1,quad9_1,quad9_1_1,False,dga,False
39,1790000621.418519,1.6292970180511475,136,8568,72,64,5540,3028,76.94444444444444,47.3125,44.19083764488897,39.28074457323464,0.47058823529411764,0.35340802987861814,1790000623.047816,1,dga:qsnatch,dga,qsnatch,1,quad9_1,quad9_1_1,False,dga,False
40,1790000623.352939,3.452285051345825,216,12488,116,100,7056,5432,60.827586206896555,54.32,33.60093337448453,28.966321874555636,0.46296296296296297,0.4349775784753363,1790000626.805224,1,dga:qsnatch,dga,qsnatch,1,quad9_1,quad9_1_1,False,dga,False
41,1790000627.923556,10.270304918289185,316,31400,172,144,7448,23952,43.30232558139535,166.33333333333334,16.747311921937715,14.021005329994365,0.45569620253164556,0.7628025477707007,1790000638.193861,1,dga:qsnatch,dga,qsnatch,1,quad9_1,quad9_1_1,False,dga,False
42,1790000638.846117,2.1389129161834717,132,8296,68,64,5164,3132,75.94117647058823,48.9375,31.791850657171448,29.921741794984893,0.48484848484848486,0.37753134040501446,1790000640.98503,1,dga:qsnatch,dga,qsnatch,1,quad9_1,quad9_1_1,False,dga,False
43,1790000641.192875,2.244500160217285,120,7804,64,56,5124,2680,80.0625,47.857142857142854,28.514143654061623,24.94987569730392,0.4666666666666667,0.3434136340338288,1790000643.437375,1,dga:qsnatch,dga,qsnatch,1,quad9_1,quad9_1_1,False,dga,False
44,1790000643.916122,0.8822240829467773,124,22052,60,64,3608,18444,60.13333333333333,288.1875,68.00993212471583,72.54392759969689,0.5161290322580645,0.8363867222927626,1790000644.798346,1,dga:qsnatch,dga,qsnatch,1,quad9_1,quad9_1_1,False,dga,False
45,1790000645.581558,1.578226089477539,100,7524,48,52,4772,2752,99.41666666666667,52.92307692307692,30.41389337055635,32.94838448476938,0.52,0.36576289207868157,1790000647.159784,1,dga:qsnatch,dga,qsnatch,1,quad9_1,quad9_1_1,False,dga,False
46,1790000647.986943,1.9575679302215576,144,8864,72,72,5544,3320,77.0,46.111111111111114,36.7803328244405,36.7803328244405,0.5,0.37454873646209386,1790000649.944511,1,dga:qsnatch,dga,qsnatch,1,quad9_1,quad9_1_1,False,dga,False
47,1790000650.673242,1.4001109600067139,128,22016,64,64,3840,18176,60.0,284.0,45.71066281753348,45.71066281753348,0.5,0.8255813953488372,1790000652.073353,1,dga:qsnatch,dga,qsnatch,1,quad9_1,quad9_1_1,False,dga,False
48,1790000652.19167,0.696458101272583,100,6912,48,52,4784,2128,99.66666666666667,40.92307692307692,68.92015458258491,74.66350079780032,0.52,0.30787037037037035,1790000652.888128,1,dga:qsnatch,dga,qsnatch,1,quad9_1,quad9_1_1,False,dga,False
49,1790000653.511913,1.0340640544891357,120,7864,64,56,5164,2700,80.6875,48.214285714285715,61.89171717376664,54.1552525270458,0.4666666666666667,0.34333672431332657,1790000654.545977,1,dga:qsnatch,dga,qsnatch,1,quad9_1,quad9_1_1,False,dga,False
50,1790000655.192174,5.546148061752319,244,31476,128,116,5968,25508,46.625,219.89655172413794,23.079080935960096,20.91541709821384,0.47540983606557374,0.8103952217562588,1790000660.738322,1,dga:qsnatch,dga,qsnatch,1,quad9_1,quad9_1_1,False,dga,False
51,1790000661.55593,0.8262240886688232,104,6880,56,48,4780,2100,85.35714285714286,43.75,67.77822235880922,58.09561916469361,0.46153846153846156,0.30523255813953487,1790000662.382154,1,dga:qsnatch,dga,qsnatch,1,quad9_1,quad9_1_1,False,dga,False
52,1790000662.921056,10.744154930114746,352,17592,188,164,8972,8620,47.723404255319146,52.5609756097561,17.497886173723685,15.264113470695131,0.4659090909090909,0.48999545247839926,1790000673.665211,1,dga:qsnatch,dga,qsnatch,1,quad9_1,quad9_1_1,False,dga,False
53,1790000673.83568,7.49760890007019,192,25880,96,96,5136,20744,53.5,216.08333333333334,12.804082111978564,12.804082111978564,0.5,0.8015455950540958,1790000681.333289,1,dga:qsnatch,dga,qsnatch,1,quad9_1,quad9_1_1,False,dga,False
54,1790000681.620792,1.3992741107940674,128,7896,68,60,5164,2732,75.94117647058823,45.53333333333333,48.596625547092415,42.879375482728605,0.46875,0.34599797365754814,1790000683.020066,1,dga:qsnatch,dga,qsnatch,1,quad9_1,quad9_1_1,False,dga,False
55,1790000683.910391,58.34829497337341,664,35440,380,284,15964,19476,42.01052631578948,68.5774647887324,6.512615324465072,4.867323031968633,0.42771084337349397,0.5495485327313769,1790000742.258686,1,dga:qsnatch,dga,qsnatch,1,quad9_1,quad9_1_1,False,dga,False
57,1790000793.607576,10.956715106964111,60,4656,32,28,3640,1016,113.75,36.285714285714285,2.920583376276776,2.555510454242179,0.4666666666666667,0.218213058419244,1790000804.564291,2,dga:bazarbackdoor,dga,bazarbackdoor,1,quad9_1,quad9_1_2,False,benign,False
59,1790000803.602102,13.904345989227295,404,37200,224,180,9308,27892,41.55357142857143,154.95555555555555,16.110070921246425,12.94559270457302,0.44554455445544555,0.7497849462365591,1790000817.506448,2,dga:bazarbackdoor,dga,bazarbackdoor,1,quad9_1,quad9_1_2,False,benign,False
58,1790000803.577387,14.579279899597168,72,5024,36,36,3764,1260,104.55555555555556,35.0,2.469257758128006,2.469257758128006,0.5,0.25079617834394907,1790000818.156667,2,dga:bazarbackdoor,dga,bazarbackdoor,1,quad9_1,quad9_1_2,False,benign,False
60,1790000819.150573,8.775141954421997,188,12756,108,80,6892,5864,63.81481481481482,73.3,12.307493207625695,9.116661635278293,0.425531914893617,0.4597052367513327,1790000827.925715,2,dga:bazarbackdoor,dga,bazarbackdoor,1,quad9_1,quad9_1_2,False,benign,False
61,1790000824.719532,8.139868974685669,184,11308,104,80,6416,4892,61.69230769230769,61.15,12.776618434944291,9.828168026880224,0.43478260869565216,0.43261407852847544,1790000832.859401,2,dga:bazarbackdoor,dga,bazarbackdoor,1,quad9_1,quad9_1_2,False,benign,False
62,1790000833.262651,3.3619730472564697,184,26496,96,88,5268,21228,54.875,241.22727272727272,28.554660805011682,26.175105737927375,0.4782608695652174,0.801177536231884,1790000836.624624,2,dga:bazarbackdoor,dga,bazarbackdoor,1,quad9_1,quad9_1_2,False,benign,False
63,1790000837.257998,0.6308619976043701,84,6596,48,36,4396,2200,91.58333333333333,61.111111111111114,76.08637100074942,57.06477825056207,0.42857142857142855,0.3335354760460885,1790000837.88886,2,dga:bazarbackdoor,dga,bazarbackdoor,1,quad9_1,quad9_1_2,False,benign,False
64,1790000837.8172,2.230631113052368,136,9156,80,56,5608,3548,70.1,63.357142857142854,35.86428949721274,25.105002648048913,0.4117647058823529,0.3875054608999563,1790000840.047831,2,dga:bazarbackdoor,dga,bazarbackdoor,1,quad9_1,quad9_1_2,False,benign,False
65,1790000840.785927,3.977465867996216,228,29040,120,108,6156,22884,51.3,211.88888888888889,30.16996348492969,27.152967136436718,0.47368421052631576,0.7880165289256198,1790000844.763393,2,dga:bazarbackdoor,dga,bazarbackdoor,1,quad9_1,quad9_1_2,False,benign,False
66,1790000844.824592,1.8739659786224365,128,9740,68,60,5688,4052,83.6470588235294,67.53333333333333,36.28667797373099,32.01765703564499,0.46875,0.4160164271047228,1790000846.698558,2,dga:bazarbackdoor,dga,bazarbackdoor,1,quad9_1,quad9_1_2,False,benign,False
67,1790000847.034564,3.644536018371582,184,12948,100,84,6900,6048,69.0,72.0,27.438334947415633,23.048201355829132,0.45652173913043476,0.46709916589434664,1790000850.6791,2,dga:bazarbackdoor,dga,bazarbackdoor,1,quad9_1,quad9_1_2,False,benign,False
68,1790000851.171819,1.6961050033569336,160,24404,80,80,4536,19868,56.7,248.35,47.16689110736887,47.16689110736887,0.5,0.8141288313391247,1790000852.867924,2,dga:bazarbackdoor,dga,bazarbackdoor,1,quad9_1,quad9_1_2,False,benign,False
69,1790000853.387791,3.4354090690612793,196,14800,112,84,7460,7340,66.60714285714286,87.38095238095238,32.60164881342758,24.451236610070683,0.42857142857142855,0.49594594594594593,1790000856.8232,2,dga:bazarbackdoor,dga,bazarbackdoor,1,quad9_1,quad9_1_2,False,benign,False
70,1790000853.454409,4.357379198074341,84,5656,40,44,4396,1260,109.9,28.636363636363637,9.179829934855618,10.09781292834118,0.5238095238095238,0.22277227722772278,1790000857.811788,2,dga:bazarbackdoor,dga,bazarbackdoor,1,quad9_1,quad9_1_2,False,benign,False
71,1790000858.407447,3.5962889194488525,192,26572,100,92,5348,21224,53.48,230.69565217391303,27.806442207464645,25.581926830867474,0.4791666666666667,0.7987355110642782,1790000862.003736,2,dga:bazarbackdoor,dga,bazarbackdoor,1,quad9_1,quad9_1_2,False,benign,False
72,1790000862.055835,12.28856110572815,480,29256,276,204,12900,16356,46.73913043478261,80.17647058823529,22.459911915264534,16.60080445910857,0.425,0.559064807219032,1790000874.344396,2,dga:bazarbackdoor,dga,bazarbackdoor,1,quad9_1,quad9_1_2,False,benign,False
73,1790000874.627996,11.553781986236572,536,36156,308,228,14764,21392,47.935064935064936,93.82456140350877,26.657937666376654,19.73379801277233,0.4253731343283582,0.5916583692886381,1790000886.181778,2,dga:bazarbackdoor,dga,bazarbackdoor,1,quad9_1,quad9_1_2,False,benign,False
74,1790000887.187933,1.3913660049438477,132,23256,64,68,4056,19200,63.375,282.3529411764706,45.99796155188001,48.87283414887251,0.5151515151515151,0.8255933952528379,1790000888.579299,2,dga:bazarbackdoor,dga,bazarbackdoor,1,quad9_1,quad9_1_2,False,benign,False
75,1790000889.560154,1.6901209354400635,124,8076,64,60,5204,2872,81.3125,47.86666666666667,37.8671127361286,35.500418190120556,0.4838709677419355,0.35562159484893513,1790000891.250275,2,dga:bazarbackdoor,dga,bazarbackdoor,1,quad9_1,quad9_1_2,False,benign,False
76,1790000892.326665,13.461546182632446,444,25624,256,188,11740,13884,45.859375,73.85106382978724,19.017131949543884,13.965706275446289,0.42342342342342343,0.5418357789572276,1790000905.788211,2,dga:bazarbackdoor,dga,bazarbackdoor,1,quad9_1,quad9_1_2,False,benign,False
77,1790000906.344327,3.1797940731048584,192,30076,100,92,5340,24736,53.4,268.8695652173913,31.448577392421083,28.932691201027396,0.4791666666666667,0.8224497938555659,1790000909.524121,2,dga:bazarbackdoor,dga,bazarbackdoor,1,quad9_1,quad9_1_2,False,benign,False
78,1790000910.147779,4.810889005661011,272,17844,152,120,8708,9136,57.28947368421053,76.13333333333334,31.59499207342768,24.943414794811325,0.4411764705882353,0.5119928267204663,1790000914.958668,2,dga:bazarbackdoor,dga,bazarbackdoor,1,quad9_1,quad9_1_2,False,benign,False
79,1790000910.150738,17.978766918182373,540,33908,312,228,14192,19716,45.48717948717949,86.47368421052632,17.353804152411957,12.68162611137797,0.4222222222222222,0.5814557036687508,1790000928.129505,2,dga:bazarbackdoor,dga,bazarbackdoor,1,quad9_1,quad9_1_2,False,benign,False
80,1790000928.564521,2.9722938537597656,184,25416,96,88,4864,20552,50.666666666666664,233.54545454545453,32.298287021172555,29.60676310274151,0.4782608695652174,0.8086244885111741,1790000931.536815,2,dga:bazarbackdoor,dga,bazarbackdoor,1,quad9_1,quad9_1_2,False,benign,False
81,1790000932.265236,4.0055952072143555,180,11684,100,80,6488,5196,64.88,64.95,24.965078802743985,19.972063042195188,0.4444444444444444,0.44471071550838753,1790000936.270831,2,dga:bazarbackdoor,dga,bazarbackdoor,1,quad9_1,quad9_1_2,False,benign,False
82,1790000936.577729,3.5468480587005615,160,10228,88,72,6012,4216,68.31818181818181,58.55555555555556,24.81076114442863,20.29971366362342,0.45,0.41220179898318343,1790000940.124577,2,dga:bazarbackdoor,dga,bazarbackdoor,1,quad9_1,quad9_1_2,False,benign,False
83,1790000940.784625,81.65556502342224,328,36752,180,148,8440,28312,46.888888888888886,191.2972972972973,2.2043812929145545,1.8124912852853003,0.45121951219512196,0.7703526338702655,1790001022.44019,2,dga:bazarbackdoor,dga,bazarbackdoor,1,quad9_1,quad9_1_2,True,benign,True
84,1790001022.336251,3.35863995552063,148,9516,80,68,6028,3488,75.35,51.294117647058826,23.819165215522194,20.246290433193867,0.4594594594594595,0.36654056326187473,1790001025.694891,3,benign,benign,benign,0,quad9_1,quad9_1_3,False,benign,False
85,1790001026.094713,1.218142032623291,104,7812,52,52,4896,2916,94.15384615384616,56.07692307692308,42.68796134389768,42.68796134389768,0.5,0.37327188940092165,1790001027.312855,3,benign,benign,benign,0,quad9_1,quad9_1_3,False,benign,False
86,1790001027.262157,2.067708969116211,144,23652,72,72,4052,19600,56.27777777777778,272.22222222222223,34.82114798330374,34.82114798330374,0.5,0.8286825638423811,1790001029.329866,3,benign,benign,benign,0,quad9_1,quad9_1_3,False,benign,False
87,1790001029.905658,1.1757049560546875,104,7380,52,52,4788,2592,92.07692307692308,49.84615384615385,44.22878353298464,44.22878353298464,0.5,0.35121951219512193,1790001031.081363,3,benign,benign,benign,0,quad9_1,quad9_1_3,False,benign,False
88,1790001031.023279,5.1461920738220215,232,13264,128,104,7644,5620,59.71875,54.03846153846154,24.872759928864408,20.20911744220233,0.4482758620689655,0.42370325693606753,1790001036.169471,3,benign,benign,benign,0,quad9_1,quad9_1_3,False,benign,False
89,1790001036.846885,0.8592519760131836,132,23564,60,72,4104,19460,68.4,270.27777777777777,69.82817808390983,83.7938137006918,0.5454545454545454,0.8258360210490578,1790001037.706137,3,benign,benign,benign,0,quad9_1,quad9_1_3,False,benign,False
90,1790001036.873852,10.732847929000854,368,36072,208,160,9188,26884,44.17307692307692,168.025,19.379758417891157,14.907506475300892,0.43478260869565216,0.7452872033710357,1790001047.6067,3,benign,benign,benign,0,quad9_1,quad9_1_3,False,benign,False
91,1790001048.47787,0.9428040981292725,112,7776,56,56,5208,2568,93.0,45.857142857142854,59.397281058828796,59.397281058828796,0.5,0.33024691358024694,1790001049.420674,3,benign,benign,benign,0,quad9_1,quad9_1_3,False,benign,False
92,1790001050.355216,0.6740779876708984,88,6780,44,44,4776,2004,108.54545454545455,45.54545454545455,65.27434629935118,65.27434629935118,0.5,0.29557522123893804,1790001051.029294,3,benign,benign,benign,0,quad9_1,quad9_1_3,False,benign,False
93,1790001051.61235,10.835326910018921,372,22156,212,160,10816,11340,51.0188679245283,70.875,19.56563025375575,14.766513399060942,0.43010752688172044,0.5118252392128543,1790001062.447677,3,benign,benign,benign,0,quad9_1,quad9_1_3,False,benign,False
94,1790001062.815403,3.7307610511779785,160,9808,88,72,6060,3748,68.86363636363636,52.05555555555556,23.58768058120855,19.299011384625178,0.45,0.38213703099510604,1790001066.546164,3,benign,benign,benign,0,quad9_1,quad9_1_3,False,benign,False
95,1790001067.025564,2.3321690559387207,124,22744,60,64,3612,19132,60.2,298.9375,25.72712293185342,27.442264460643646,0.5161290322580645,0.8411888849806543,1790001069.357733,3,benign,benign,benign,0,quad9_1,quad9_1_3,False,benign,False
96,1790001069.305646,1.9541571140289307,184,11528,100,84,6580,4948,65.8,58.904761904761905,51.17295804011771,42.985284753698885,0.45652173913043476,0.42921582234559336,1790001071.259803,3,benign,benign,benign,0,quad9_1,quad9_1_3,False,benign,False
97,1790001071.529045,2.623992919921875,160,9552,84,76,6124,3428,72.9047619047619,45.10526315789474,32.01228149750532,28.963492783457195,0.475,0.35887772194304857,1790001074.153038,3,benign,benign,benign,0,quad9_1,quad9_1_3,False,benign,False
98,1790001074.531399,1.4441828727722168,136,22736,60,76,3616,19120,60.266666666666666,251.57894736842104,41.545985021152845,52.62491436012694,0.5588235294117647,0.8409570724841661,1790001075.975582,3,benign,benign,benign,0,quad9_1,quad9_1_3,False,benign,False
99,1790001076.294514,2.7652060985565186,136,8668,68,68,5608,3060,82.47058823529412,45.0,24.591295395846654,24.591295395846654,0.5,0.35302261190586065,1790001079.05972,3,benign,benign,benign,0,quad9_1,quad9_1_3,False,benign,False
100,1790001079.600527,10.537813901901245,380,22168,216,164,11020,11148,51.01851851851852,67.97560975609755,20.497610036653715,15.563000213014858,0.43157894736842106,0.5028870443883074,1790001090.138341,3,benign,benign,benign,0,quad9_1,quad9_1_3,False,benign,False
101,1790001090.383538,1.3268420696258545,128,25572,60,68,3652,21920,60.86666666666667,322.3529411764706,45.22015194839196,51.249505541510885,0.53125,0.8571875488815892,1790001091.71038,3,benign,benign,benign,0,quad9_1,quad9_1_3,False,benign,False
102,1790001092.309401,3.227357864379883,196,12340,108,88,6948,5392,64.33333333333333,61.27272727272727,33.46390593741966,27.266886319378983,0.4489795918367347,0.43695299837925444,1790001095.536759,3,benign,benign,benign,0,quad9_1,quad9_1_3,False,benign,False
103,1790001096.060232,10.964306116104126,452,26032,256,196,12556,13476,49.046875,68.75510204081633,23.348490756199606,17.876188235215324,0.4336283185840708,0.5176705593116164,1790001107.024538,3,benign,benign,benign,0,quad9_1,quad9_1_3,False,benign,False
104,1790001108.044858,4.9809770584106445,204,25448,104,100,5204,20244,50.03846153846154,202.44,20.87943766462254,20.076382369829368,0.49019607843137253,0.7955045583149953,1790001113.025835,3,benign,benign,benign,0,quad9_1,quad9_1_3,False,benign,False
105,1790001113.969844,9.66324782371521,344,17440,196,148,9616,7824,49.06122448979592,52.86486486486486,20.283035639320307,15.315761605201049,0.43023255813953487,0.44862385321100917,1790001123.633092,3,benign,benign,benign,0,quad9_1,quad9_1_3,False,benign,False
106,1790001123.791712,6.3903889656066895,240,13292,136,104,7640,5652,56.1764705882353,54.34615384615385,21.281959632184684,16.274439718729464,0.43333333333333335,0.4252181763466747,1790001130.182101,3,benign,benign,benign,0,quad9_1,quad9_1_3,False,benign,False
107,1790001130.816047,1.1034131050109863,116,22052,60,56,3608,18444,60.13333333333333,329.35714285714283,54.37673318136148,50.75161763593738,0.4827586206896552,0.8363867222927626,1790001131.91946,3,benign,benign,benign,0,quad9_1,quad9_1_3,False,benign,False
108,1790001132.893518,6.1911749839782715,248,14916,140,108,7744,7172,55.31428571428572,66.4074074074074,22.612832033062652,17.44418471121976,0.43548387096774194,0.4808259587020649,1790001139.084693,3,benign,benign,benign,0,quad9_1,quad9_1_3,False,benign,False
109,1790001139.138355,5.58660101890564,340,34792,184,156,8396,26396,45.630434782608695,169.2051282051282,32.935947882679436,27.923955813576047,0.4588235294117647,0.7586801563577834,1790001144.724956,3,benign,benign,benign,0,quad9_1,quad9_1_3,False,benign,False
110,1790001145.16784,2.6372480392456055,136,8664,68,68,5628,3036,82.76470588235294,44.64705882352941,25.7844537138993,25.7844537138993,0.5,0.35041551246537395,1790001147.805088,3,benign,benign,benign,0,quad9_1,quad9_1_3,False,benign,False
111,1790001148.097291,14.162102937698364,424,21184,240,184,11276,9908,46.983333333333334,53.84782608695652,16.946635754294622,12.99242074495921,0.4339622641509434,0.4677114803625378,1790001162.259394,3,benign,benign,benign,0,quad9_1,quad9_1_3,False,benign,False
112,1790001162.884207,27.23160409927368,204,25772,104,100,5312,20460,51.07692307692308,204.6,3.819091949958757,3.672203798037266,0.49019607843137253,0.7938848362564023,1790001190.115811,3,benign,benign,benign,0,quad9_1,quad9_1_3,False,benign,False
117,1790001257.087315,4.075361013412476,196,12420,108,88,6932,5488,64.18518518518519,62.36363636363637,26.500719726316206,21.59317903625765,0.4489795918367347,0.44186795491143316,1790001261.162676,4,benign,benign,benign,0,quad9_1,quad9_1_4,False,benign,False
118,1790001257.105898,6.37919807434082,188,24672,96,92,4960,19712,51.666666666666664,214.2608695652174,15.048913496845751,14.42187543447718,0.48936170212765956,0.7989623865110247,1790001263.485096,4,benign,benign,benign,0,quad9_1,quad9_1_4,False,benign,False
119,1790001263.863482,11.81227707862854,432,22880,244,188,11776,11104,48.26229508196721,59.06382978723404,20.65647447785144,15.915644269819962,0.4351851851851852,0.4853146853146853,1790001275.675759,4,benign,benign,benign,0,quad9_1,quad9_1_4,False,benign,False
120,1790001276.077432,10.191846132278442,344,19796,196,148,10188,9608,51.97959183673469,64.91891891891892,19.231059560372614,14.521412321097689,0.43023255813953487,0.48535057587391395,1790001286.269278,4,benign,benign,benign,0,quad9_1,quad9_1_4,False,benign,False
121,1790001286.818306,5.262671947479248,216,26860,112,104,5716,21144,51.035714285714285,203.30769230769232,21.281964963376932,19.76182460885001,0.48148148148148145,0.787192851824274,1790001292.080978,4,benign,benign,benign,0,quad9_1,quad9_1_4,False,benign,False
122,1790001292.799529,1.6463289260864258,128,8952,64,64,5604,3348,87.5625,52.3125,38.874370112743954,38.874370112743954,0.5,0.3739946380697051,1790001294.445858,4,benign,benign,benign,0,quad9_1,quad9_1_4,False,benign,False
123,1790001295.169679,1.67911696434021,124,8436,64,60,5196,3240,81.1875,54.0,38.11527210979497,35.733067602932785,0.4838709677419355,0.3840682788051209,1790001296.848796,4,benign,benign,benign,0,quad9_1,quad9_1_4,False,benign,False
124,1790001297.012164,1.8382189273834229,152,23764,76,76,4420,19344,58.1578947368421,254.52631578947367,41.34436810972278,41.34436810972278,0.5,0.8140043763676149,1790001298.850383,4,benign,benign,benign,0,quad9_1,quad9_1_4,False,benign,False
125,1790001299.325264,4.196799993515015,168,10384,88,80,6012,4372,68.31818181818181,54.65,20.968356875709944,19.062142614281765,0.47619047619047616,0.4210323574730354,1790001303.522064,4,benign,benign,benign,0,quad9_1,quad9_1_4,False,benign,False
126,1790001303.466608,2.8927528858184814,168,11020,92,76,6456,4564,70.17391304347827,60.05263157894737,31.803615321247648,26.27255178711762,0.4523809523809524,0.41415607985480946,1790001306.359361,4,benign,benign,benign,0,quad9_1,quad9_1_4,False,benign,False
127,1790001306.724792,1.1891870498657227,156,24672,80,76,4624,20048,57.8,263.7894736842105,67.2728482950039,63.90920588025371,0.48717948717948717,0.8125810635538262,1790001307.913979,4,benign,benign,benign,0,quad9_1,quad9_1_4,False,benign,False
128,1790001306.733132,2.6728920936584473,128,22044,60,68,3644,18400,60.733333333333334,270.5882352941176,22.447595300368693,25.44060800708452,0.53125,0.8346942478679006,1790001309.406024,4,benign,benign,benign,0,quad9_1,quad9_1_4,False,benign,False
129,1790001309.886123,0.7352070808410645,108,8260,56,52,4864,3396,86.85714285714286,65.3076923076923,76.16901613071646,70.72837212137958,0.48148148148148145,0.41113801452784504,1790001310.62133,4,benign,benign,benign,0,quad9_1,quad9_1_4,False,benign,False
130,1790001310.662542,5.447250843048096,212,12488,112,100,7304,5184,65.21428571428571,51.84,20.560830265956437,18.357884166032534,0.4716981132075472,0.4151185137732223,1790001316.109793,4,benign,benign,benign,0,quad9_1,quad9_1_4,False,benign,False
131,1790001317.089114,5.969813108444214,296,17384,168,128,9100,8284,54.166666666666664,64.71875,28.141584493217458,21.44120723292759,0.43243243243243246,0.47653014265991717,1790001323.058927,4,benign,benign,benign,0,quad9_1,quad9_1_4,False,benign,False
132,1790001324.134135,4.6152989864349365,220,13280,124,96,7384,5896,59.54838709677419,61.416666666666664,26.867165131545065,20.800385908292952,0.43636363636363634,0.4439759036144578,1790001328.749434,4,benign,benign,benign,0,quad9_1,quad9_1_4,False,benign,False
133,1790001329.400412,0.5941338539123535,120,21992,56,64,3644,18348,65.07142857142857,286.6875,94.25485457736785,107.71983380270612,0.5333333333333333,0.8343033830483813,1790001329.994546,4,benign,benign,benign,0,quad9_1,quad9_1_4,False,benign,False
134,1790001330.58035,1.2530851364135742,92,6720,44,48,4772,1948,108.45454545454545,40.583333333333336,35.11333645368373,38.30545794947316,0.5217391304347826,0.2898809523809524,1790001331.833435,4,benign,benign,benign,0,quad9_1,quad9_1_4,False,benign,False
135,1790001332.277825,0.5472187995910645,100,6924,52,48,4784,2140,92.0,44.583333333333336,95.0259750557903,87.71628466688335,0.48,0.30906990179087235,1790001332.825044,4,benign,benign,benign,0,quad9_1,quad9_1_4,False,benign,False
136,1790001333.009561,2.759946823120117,164,23616,84,80,4464,19152,53.142857142857146,239.4,30.435369006507916,28.98606572048373,0.4878048780487805,0.8109756097560976,1790001335.769508,4,benign,benign,benign,0,quad9_1,quad9_1_4,False,benign,False
137,1790001336.681843,3.5477380752563477,188,12124,104,84,6884,5240,66.1923076923077,62.38095238095238,29.31445270025615,23.67705795020689,0.44680851063829785,0.4322005938634114,1790001340.229581,4,benign,benign,benign,0,quad9_1,quad9_1_4,False,benign,False
138,1790001341.21551,0.3529500961303711,84,5652,40,44,4392,1260,109.8,28.636363636363637,113.33046920385307,124.66351612423837,0.5238095238095238,0.2229299363057325,1790001341.56846,4,benign,benign,benign,0,quad9_1,quad9_1_4,False,benign,False
139,1790001342.224243,3.707962989807129,192,26100,100,92,5276,20824,52.76,226.34782608695653,26.968985471238895,24.811466633539784,0.4791666666666667,0.7978544061302681,1790001345.932206,4,benign,benign,benign,0,quad9_1,quad9_1_4,False,benign,False
140,1790001346.680755,0.9498641490936279,108,8148,60,48,5236,2912,87.26666666666667,60.666666666666664,63.16692766776464,50.53354213421171,0.4444444444444444,0.35738831615120276,1790001347.630619,4,benign,benign,benign,0,quad9_1,quad9_1_4,False,benign,False
141,1790001348.352207,9.749562978744507,352,18508,196,156,10152,8356,51.795918367346935,53.56410256410256,20.103465194010138,16.00071719523256,0.4431818181818182,0.45148044089042577,1790001358.10177,4,benign,benign,benign,0,quad9_1,quad9_1_4,False,benign,False
142,1790001358.639904,1.2745568752288818,136,22940,64,72,4040,18900,63.125,262.5,50.213530085510726,56.49022134619957,0.5294117647058824,0.8238884045335658,1790001359.914461,4,benign,benign,benign,0,quad9_1,quad9_1_4,False,benign,False
143,1790001360.413309,23.132866859436035,700,33640,404,296,16732,16908,41.415841584158414,57.12162162162162,17.46432910606607,12.795647067810785,0.4228571428571429,0.502615933412604,1790001383.546176,4,benign,benign,benign,0,quad9_1,quad9_1_4,False,benign,False
144,1790001383.499421,2.3471121788024902,120,7656,64,56,5224,2432,81.625,43.42857142857143,27.267550557661526,23.859106737953834,0.4666666666666667,0.3176593521421108,1790001385.846533,4,benign,benign,benign,0,quad9_1,quad9_1_4,False,benign,False
145,1790001386.726384,3.6061410903930664,188,25244,96,92,4852,20392,50.541666666666664,221.65217391304347,26.62125457479981,25.512035634183153,0.48936170212765956,0.8077959118998574,1790001390.332525,4,benign,benign,benign,0,quad9_1,quad9_1_4,False,benign,False
146,1790001390.273301,2.616145133972168,144,9280,76,68,5620,3660,73.94736842105263,53.8235294117647,29.050376071684916,25.992441748349663,0.4722222222222222,0.39439655172413796,1790001392.889446,4,benign,benign,benign,0,quad9_1,quad9_1_4,False,benign,False
147,1790001393.628861,9.320749044418335,224,15460,132,92,7676,7784,58.15151515151515,84.6086956521739,14.16195193872828,9.87045135123486,0.4107142857142857,0.5034928848641655,1790001402.94961,4,benign,benign,benign,0,quad9_1,quad9_1_4,False,benign,False
149,1790001482.95671,4.37511682510376,248,27748,132,116,6068,21680,45.96969696969697,186.89655172413794,30.170622928879048,26.513577725378557,0.46774193548387094,0.7813175724376532,1790001487.331827,5,benign,benign,benign,0,quad9_1,quad9_1_5,False,dga,False
150,1790001487.616231,2.0313329696655273,108,7600,56,52,5216,2384,93.14285714285714,45.84615384615385,27.568104705759183,25.598954369633528,0.48148148148148145,0.3136842105263158,1790001489.647564,5,benign,benign,benign,0,quad9_1,quad9_1_5,False,dga,False
151,1790001490.164959,1.7031400203704834,124,7628,64,60,5176,2452,80.875,40.86666666666667,37.57765024280159,35.22904710262649,0.4838709677419355,0.3214472994231778,1790001491.868099,5,benign,benign,benign,0,quad9_1,quad9_1_5,False,dga,False
152,1790001492.480825,8.354182004928589,316,31056,180,136,7628,23428,42.37777777777778,172.26470588235293,21.546095104680287,16.27927185686955,0.43037974683544306,0.7543791859866048,1790001500.835007,5,benign,benign,benign,0,quad9_1,quad9_1_5,False,dga,False
153,1790001501.829872,1.25319504737854,88,6960,44,44,4772,2188,108.45454545454545,49.72727272727273,35.110256852706314,35.110256852706314,0.5,0.314367816091954,1790001503.083067,5,benign,benign,benign,0,quad9_1,quad9_1_5,False,dga,False
154,1790001503.782321,19.047051906585693,564,30972,328,236,14488,16484,44.170731707317074,69.84745762711864,17.22051273911796,12.39036892204829,0.41843971631205673,0.5322226527185845,1790001522.829373,5,benign,benign,benign,0,quad9_1,quad9_1_5,False,dga,False
155,1790001523.744707,1.5603938102722168,132,22920,64,68,4096,18824,64.0,276.8235294117647,41.01528702477675,43.57874246382529,0.5151515151515151,0.8212914485165794,1790001525.305101,5,benign,benign,benign,0,quad9_1,quad9_1_5,False,dga,False
156,1790001526.232939,7.099025011062622,244,14440,136,108,7708,6732,56.6764705882353,62.333333333333336,19.157560339351832,15.213356740073515,0.4426229508196721,0.4662049861495845,1790001533.331964,5,benign,benign,benign,0,quad9_1,quad9_1_5,False,dga,False
157,1790001533.622008,3.1565959453582764,124,8344,64,60,5228,3116,81.6875,51.93333333333333,20.275005451398037,19.007817610685663,0.4838709677419355,0.37344199424736335,1790001536.778604,5,benign,benign,benign,0,quad9_1,quad9_1_5,False,dga,False
158,1790001536.688965,14.045925855636597,336,32100,180,156,8044,24056,44.68888888888889,154.2051282051282,12.815103956124503,11.106423428641236,0.4642857142857143,0.7494080996884736,1790001550.734891,5,benign,benign,benign,0,quad9_1,quad9_1_5,False,dga,False
159,1790001551.347304,2.3337249755859375,144,8624,72,72,5608,3016,77.88888888888889,41.888888888888886,30.851964457346856,30.851964457346856,0.5,0.349721706864564,1790001553.681029,5,benign,benign,benign,0,quad9_1,quad9_1_5,False,dga,False
160,1790001554.343624,2.5875649452209473,128,8356,64,64,5588,2768,87.3125,43.25,24.73367871140918,24.73367871140918,0.5,0.331258975586405,1790001556.931189,5,benign,benign,benign,0,quad9_1,quad9_1_5,False,dga,False
161,1790001557.393518,3.6326169967651367,184,24788,96,88,4840,19948,50.416666666666664,226.6818181818182,26.427228657876256,24.224959603053236,0.4782608695652174,0.8047442310795546,1790001561.026135,5,benign,benign,benign,0,quad9_1,quad9_1_5,False,dga,False
162,1790001561.982338,9.187795162200928,320,16928,180,140,9292,7636,51.62222222222222,54.542857142857144,19.591207337809344,15.237605707185045,0.4375,0.45108695652173914,1790001571.170133,5,benign,benign,benign,0,quad9_1,quad9_1_5,False,dga,False
163,1790001571.473962,2.9398858547210693,140,9228,76,64,5628,3600,74.05263157894737,56.25,25.851343812534086,21.76955268423923,0.45714285714285713,0.39011703511053314,1790001574.413848,5,benign,benign,benign,0,quad9_1,quad9_1_5,False,dga,False
164,1790001574.911108,4.09070086479187,200,25556,100,100,5312,20244,53.12,202.44,24.44568872309559,24.44568872309559,0.5,0.7921427453435592,1790001579.001809,5,benign,benign,benign,0,quad9_1,quad9_1_5,False,dga,False
165,1790001579.337819,2.7670669555664062,132,8084,64,68,5196,2888,81.1875,42.470588235294116,23.129183726925568,24.574757709858417,0.5151515151515151,0.35724888668975757,1790001582.104886,5,benign,benign,benign,0,quad9_1,quad9_1_5,False,dga,False
166,1790001582.05152,15.098238945007324,416,20692,232,184,11156,9536,48.08620689655172,51.82608695652174,15.36603049170298,12.186851769281676,0.4423076923076923,0.460854436497197,1790001597.149759,5,benign,benign,benign,0,quad9_1,quad9_1_5,False,dga,False
167,1790001598.20629,1.0237441062927246,144,23056,72,72,4108,18948,57.05555555555556,263.1666666666667,70.33007521843808,70.33007521843808,0.5,0.8218251214434421,1790001599.230034,5,benign,benign,benign,0,quad9_1,quad9_1_5,False,dga,False
168,1790001599.659209,1.873060941696167,128,7656,64,64,5188,2468,81.0625,38.5625,34.168669355757444,34.168669355757444,0.5,0.3223615464994775,1790001601.53227,5,benign,benign,benign,0,quad9_1,quad9_1_5,False,dga,False
169,1790001602.04693,12.389695882797241,416,21828,236,180,11252,10576,47.67796610169491,58.75555555555555,19.04808659005744,14.528201636484487,0.4326923076923077,0.4845153014476819,1790001614.436626,5,benign,benign,benign,0,quad9_1,quad9_1_5,False,dga,False
170,1790001615.34566,1.888880968093872,144,22680,72,72,4004,18676,55.611111111111114,259.3888888888889,38.117806900589095,38.117806900589095,0.5,0.8234567901234567,1790001617.234541,5,benign,benign,benign,0,quad9_1,quad9_1_5,False,dga,False
171,1790001617.454617,5.165390968322754,200,11660,112,88,6788,4872,60.607142857142854,55.36363636363637,21.68277303438414,17.03646452701611,0.44,0.4178387650085763,1790001622.620008,5,benign,benign,benign,0,quad9_1,quad9_1_5,False,dga,False
172,1790001623.186263,1.2108678817749023,100,6704,52,48,4768,1936,91.6923076923077,40.333333333333336,42.944404408330556,39.64098868461282,0.48,0.28878281622911695,1790001624.397131,5,benign,benign,benign,0,quad9_1,quad9_1_5,False,dga,False
173,1790001625.122419,2.4830029010772705,180,24720,92,88,4820,19900,52.391304347826086,226.13636363636363,37.05190999176242,35.44095738342492,0.4888888888888889,0.8050161812297735,1790001627.605422,5,benign,benign,benign,0,quad9_1,quad9_1_5,False,dga,False
174,1790001628.137713,1.8394300937652588,120,7952,64,56,5276,2676,82.4375,47.785714285714285,34.79338530826899,30.444212144735364,0.4666666666666667,0.3365191146881288,1790001629.977143,5,benign,benign,benign,0,quad9_1,quad9_1_5,False,dga,False
175,1790001630.986765,2.0075840950012207,112,8020,60,52,5216,2804,86.93333333333334,53.92307692307692,29.886668334042323,25.90177922283668,0.4642857142857143,0.3496259351620948,1790001632.994349,5,benign,benign,benign,0,quad9_1,quad9_1_5,False,dga,False
176,1790001713.72304,0.06201601028442383,16,96,8,8,0,96,0.0,12.0,128.99894661571466,128.99894661571466,0.5,1.0,1790001713.785056,6,dga:bazarbackdoor,dga,bazarbackdoor,1,quad9_1,quad9_1_6,False,dga,False
177,1790001713.730261,14.563613891601562,428,39428,240,188,10116,29312,42.15,155.91489361702128,16.47942617720739,12.908883838812457,0.4392523364485981,0.7434310642183221,1790001728.293875,6,dga:bazarbackdoor,dga,bazarbackdoor,1,quad9_1,quad9_1_6,False,dga,False
178,1790001729.328952,2.881887912750244,140,9152,76,64,5608,3544,73.78947368421052,55.375,26.371601637855395,22.207664537141383,0.45714285714285713,0.38723776223776224,1790001732.21084,6,dga:bazarbackdoor,dga,bazarbackdoor,1,quad9_1,quad9_1_6,False,dga,False
179,1790001732.776594,14.831331014633179,440,25268,256,184,11668,13600,45.578125,73.91304347826087,17.260756957512463,12.406169063212081,0.41818181818181815,0.5382301725502612,1790001747.607925,6,dga:bazarbackdoor,dga,bazarbackdoor,1,quad9_1,quad9_1_6,False,dga,False
180,1790001748.285832,2.227027177810669,168,25868,84,84,4544,21324,54.095238095238095,253.85714285714286,37.71844404816746,37.71844404816746,0.5,0.8243389516004329,1790001750.512859,6,dga:bazarbackdoor,dga,bazarbackdoor,1,quad9_1,quad9_1_6,False,dga,False
181,1790001751.157749,27.752012968063354,768,43464,452,316,18536,24928,41.008849557522126,78.88607594936708,16.287106831499234,11.38656141317203,0.4114583333333333,0.5735321185348794,1790001778.909762,6,dga:bazarbackdoor,dga,bazarbackdoor,1,quad9_1,quad9_1_6,False,dga,False
182,1790001779.558842,12.614318132400513,368,22092,212,156,10456,11636,49.320754716981135,74.58974358974359,16.80629882446577,12.366899134984246,0.42391304347826086,0.5267065000905305,1790001792.17316,6,dga:bazarbackdoor,dga,bazarbackdoor,1,quad9_1,quad9_1_6,False,dga,False
183,1790001792.6227,8.276140928268433,308,32968,168,140,7692,25276,45.785714285714285,180.54285714285714,20.299316004415797,16.916096670346498,0.45454545454545453,0.7666828439699103,1790001800.898841,6,dga:bazarbackdoor,dga,bazarbackdoor,1,quad9_1,quad9_1_6,False,dga,False
184,1790001801.511369,3.451920986175537,164,11620,92,72,6492,5128,70.56521739130434,71.22222222222223,26.651826727334488,20.85795135182699,0.43902439024390244,0.4413080895008606,1790001804.96329,6,dga:bazarbackdoor,dga,bazarbackdoor,1,quad9_1,quad9_1_6,False,dga,False
185,1790001805.8065,2.689626932144165,140,9112,76,64,5608,3504,73.78947368421052,54.75,28.25670694017514,23.795121633831698,0.45714285714285713,0.3845478489903424,1790001808.496127,6,dga:bazarbackdoor,dga,bazarbackdoor,1,quad9_1,quad9_1_6,False,dga,False
186,1790001809.246142,7.8246471881866455,300,31840,168,132,7288,24552,43.38095238095238,186.0,21.470616624560403,16.869770205011744,0.44,0.771105527638191,1790001817.070789,6,dga:bazarbackdoor,dga,bazarbackdoor,1,quad9_1,quad9_1_6,False,dga,False
187,1790001817.412678,2.904524087905884,160,10232,88,72,6012,4220,68.31818181818181,58.611111111111114,30.297562470362095,24.788914748478078,0.45,0.4124315871774824,1790001820.317202,6,dga:bazarbackdoor,dga,bazarbackdoor,1,quad9_1,quad9_1_6,False,dga,False
188,1790001820.961823,6.407413959503174,248,15572,140,108,8032,7540,57.371428571428574,69.81481481481481,21.84968863957332,16.855474093385133,0.43548387096774194,0.4842024145902903,1790001827.369237,6,dga:bazarbackdoor,dga,bazarbackdoor,1,quad9_1,quad9_1_6,False,dga,False
189,1790001828.306211,1.157339096069336,144,23256,72,72,4056,19200,56.333333333333336,266.6666666666667,62.21167179483799,62.21167179483799,0.5,0.8255933952528379,1790001829.46355,6,dga:bazarbackdoor,dga,bazarbackdoor,1,quad9_1,quad9_1_6,False,dga,False
190,1790001830.164297,1.3354249000549316,100,6996,52,48,4800,2196,92.3076923076923,45.75,38.93891749199901,35.94361614646062,0.48,0.313893653516295,1790001831.499722,6,dga:bazarbackdoor,dga,bazarbackdoor,1,quad9_1,quad9_1_6,False,dga,False
191,1790001832.086716,3.9594991207122803,168,11308,92,76,6416,4892,69.73913043478261,64.36842105263158,23.23526213675481,19.19434698253658,0.4523809523809524,0.43261407852847544,1790001836.046215,6,dga:bazarbackdoor,dga,bazarbackdoor,1,quad9_1,quad9_1_6,False,dga,False
192,1790001836.822975,4.906903028488159,260,29724,140,120,6480,23244,46.285714285714285,193.7,28.53123430139085,24.455343686906442,0.46153846153846156,0.7819943480016148,1790001841.729878,6,dga:bazarbackdoor,dga,bazarbackdoor,1,quad9_1,quad9_1_6,False,dga,False
193,1790001842.497046,1.058640956878662,100,6996,52,48,4800,2196,92.3076923076923,45.75,49.11958078149443,45.34115149061024,0.48,0.313893653516295,1790001843.555687,6,dga:bazarbackdoor,dga,bazarbackdoor,1,quad9_1,quad9_1_6,False,dga,False
194,1790001844.21267,2.0252299308776855,120,8076,64,56,5204,2872,81.3125,51.285714285714285,31.601350061157724,27.65118130351301,0.4666666666666667,0.35562159484893513,1790001846.2379,6,dga:bazarbackdoor,dga,bazarbackdoor,1,quad9_1,quad9_1_6,False,dga,False
195,1790001846.708551,3.599574089050293,200,26500,104,96,5268,21232,50.65384615384615,221.16666666666666,28.892307097209724,26.669821935885896,0.48,0.8012075471698114,1790001850.308125,6,dga:bazarbackdoor,dga,bazarbackdoor,1,quad9_1,quad9_1_6,False,dga,False
196,1790001851.28428,3.277539014816284,176,10704,96,80,6488,4216,67.58333333333333,52.7,29.290269182464968,24.40855765205414,0.45454545454545453,0.3938714499252616,1790001854.561819,6,dga:bazarbackdoor,dga,bazarbackdoor,1,quad9_1,quad9_1_6,False,dga,False
197,1790001855.530427,13.07575011253357,304,20172,180,124,9376,10796,52.08888888888889,87.06451612903226,13.76594064974243,9.483203558711452,0.40789473684210525,0.5351973031925441,1790001868.606177,6,dga:bazarbackdoor,dga,bazarbackdoor,1,quad9_1,quad9_1_6,False,dga,False
198,1790001943.867832,0.07213401794433594,16,96,8,8,0,96,0.0,12.0,110.90467754303393,110.90467754303393,0.5,1.0,1790001943.939966,7,dga:flubot,dga,flubot,1,quad9_1,quad9_1_7,False,dga,False
199,1790001943.869883,11.364068984985352,388,35256,216,172,9144,26112,42.333333333333336,151.8139534883721,19.007276380087763,15.13542378414396,0.44329896907216493,0.7406398910823689,1790001955.233952,7,dga:flubot,dga,flubot,1,quad9_1,quad9_1_7,False,dga,False
200,1790001955.643335,3.4271597862243652,172,11076,100,72,6512,4564,65.12,63.388888888888886,29.17868037608134,21.008649870778562,0.4186046511627907,0.4120621162874684,1790001959.070495,7,dga:flubot,dga,flubot,1,quad9_1,quad9_1_7,False,dga,False
201,1790001959.905792,2.948777914047241,164,10012,88,76,6064,3948,68.9090909090909,51.94736842105263,29.84287137420217,25.773388914083693,0.4634146341463415,0.39432680783060325,1790001962.85457,7,dga:flubot,dga,flubot,1,quad9_1,quad9_1_7,False,dga,False
203,1790001962.844448,1.5255389213562012,168,24592,80,88,4496,20096,56.2,228.36363636363637,52.44048439542936,57.684532834972295,0.5238095238095238,0.8171763175016266,1790001964.369987,7,dga:flubot,dga,flubot,1,quad9_1,quad9_1_7,False,dga,False
202,1790001962.841442,2.647138833999634,132,22172,60,72,3684,18488,61.4,256.77777777777777,22.66598156068164,27.19917787281797,0.5454545454545454,0.8338444885441096,1790001965.488581,7,dga:flubot,dga,flubot,1,quad9_1,quad9_1_7,False,dga,False
204,1790001966.30992,5.755911827087402,200,11984,112,88,6932,5052,61.892857142857146,57.40909090909091,19.458254984540662,15.288628916424807,0.44,0.42156208277703605,1790001972.065832,7,dga:flubot,dga,flubot,1,quad9_1,quad9_1_7,False,dga,False
205,1790001972.516897,5.256056070327759,204,12692,112,92,6932,5760,61.892857142857146,62.608695652173914,21.308752894071745,17.50361844870179,0.45098039215686275,0.4538291837377876,1790001977.772953,7,dga:flubot,dga,flubot,1,quad9_1,quad9_1_7,False,dga,False
206,1790001977.968179,6.469244003295898,260,15172,148,112,8192,6980,55.351351351351354,62.32142857142857,22.877479953546064,17.312687532413236,0.4307692307692308,0.46005800158186133,1790001984.437423,7,dga:flubot,dga,flubot,1,quad9_1,quad9_1_7,False,dga,False
207,1790001985.064975,2.3319878578186035,128,8008,64,64,5252,2756,82.0625,43.0625,27.444396755936417,27.444396755936417,0.5,0.34415584415584416,1790001987.396963,7,dga:flubot,dga,flubot,1,quad9_1,quad9_1_7,False,dga,False
208,1790001987.975472,3.4498839378356934,192,25916,92,100,4944,20972,53.73913043478261,209.72,26.667563795701714,28.986482386632296,0.5208333333333334,0.8092298194165767,1790001991.425356,7,dga:flubot,dga,flubot,1,quad9_1,quad9_1_7,False,dga,False
209,1790001991.412465,2.259277820587158,116,7968,64,52,5252,2716,82.0625,52.23076923076923,28.327636121956527,23.016204349089676,0.4482758620689655,0.34086345381526106,1790001993.671743,7,dga:flubot,dga,flubot,1,quad9_1,quad9_1_7,False,dga,False
210,1790001994.290928,4.06328821182251,180,11020,100,80,6512,4508,65.12,56.35,24.61060963114574,19.68848770491659,0.4444444444444444,0.4090744101633394,1790001998.354216,7,dga:flubot,dga,flubot,1,quad9_1,quad9_1_7,False,dga,False
211,1790001999.168917,8.608250141143799,312,31312,168,144,7464,23848,44.42857142857143,165.61111111111111,19.516161501514805,16.728138429869833,0.46153846153846156,0.7616249361267245,1790002007.777167,7,dga:flubot,dga,flubot,1,quad9_1,quad9_1_7,False,dga,False
212,1790002008.513861,1.3450570106506348,108,7968,56,52,5252,2716,93.78571428571429,52.23076923076923,41.633922991049666,38.660071348831835,0.48148148148148145,0.34086345381526106,1790002009.858918,7,dga:flubot,dga,flubot,1,quad9_1,quad9_1_7,False,dga,False
213,1790002010.501389,6.206089973449707,288,17228,164,124,9092,8136,55.4390243902439,65.61290322580645,26.425656202473526,19.980374201870227,0.4305555555555556,0.4722544694683074,1790002016.707479,7,dga:flubot,dga,flubot,1,quad9_1,quad9_1_7,False,dga,False
214,1790002016.798437,0.9133429527282715,124,22172,60,64,3684,18488,61.4,288.875,65.69273876890644,70.07225468683353,0.5161290322580645,0.8338444885441096,1790002017.71178,7,dga:flubot,dga,flubot,1,quad9_1,quad9_1_7,False,dga,False
215,1790002018.662651,9.550989866256714,368,21656,212,156,10772,10884,50.81132075471698,69.76923076923077,22.196652176230234,16.333385563641116,0.42391304347826086,0.5025858884373846,1790002028.213641,7,dga:flubot,dga,flubot,1,quad9_1,quad9_1_7,False,dga,False
216,1790002028.894926,1.8461508750915527,120,8672,64,56,5252,3420,82.0625,61.07142857142857,34.66672245670396,30.333382149615964,0.4666666666666667,0.3943726937269373,1790002030.741077,7,dga:flubot,dga,flubot,1,quad9_1,quad9_1_7,False,dga,False
217,1790002030.849078,1.267179012298584,124,22176,60,64,3684,18492,61.4,288.9375,47.34926905959698,50.50588699690344,0.5161290322580645,0.8338744588744589,1790002032.116257,7,dga:flubot,dga,flubot,1,quad9_1,quad9_1_7,False,dga,False
218,1790002032.846309,3.127465009689331,160,10064,88,72,6092,3972,69.22727272727273,55.166666666666664,28.13780481232036,23.021840300989385,0.45,0.39467408585055647,1790002035.973774,7,dga:flubot,dga,flubot,1,quad9_1,quad9_1_7,False,dga,False
219,1790002036.245414,8.180253028869629,316,17140,172,144,9032,8108,52.51162790697674,56.30555555555556,21.026244468597746,17.603367462081835,0.45569620253164556,0.47304550758459746,1790002044.425667,7,dga:flubot,dga,flubot,1,quad9_1,quad9_1_7,False,dga,False
220,1790002045.042258,0.8859639167785645,132,23068,64,68,3684,19384,57.5625,285.05882352941177,72.23770493126753,76.75256148947174,0.5151515151515151,0.840298248656147,1790002045.928222,7,dga:flubot,dga,flubot,1,quad9_1,quad9_1_7,False,dga,False
221,1790002046.446425,9.529125928878784,296,17248,160,136,9032,8216,56.45,60.411764705882355,16.790627093625357,14.272033029581552,0.4594594594594595,0.47634508348794063,1790002055.975551,7,dga:flubot,dga,flubot,1,quad9_1,quad9_1_7,False,dga,False
222,1790002056.316286,7.605402946472168,252,14144,136,116,7772,6372,57.14705882352941,54.93103448275862,17.8820242605403,15.252314810460845,0.4603174603174603,0.45050904977375567,1790002063.921689,7,dga:flubot,dga,flubot,1,quad9_1,quad9_1_7,False,dga,False
223,1790002064.478137,8.485291004180908,364,34988,200,164,8724,26264,43.62,160.14634146341464,23.570199289742114,19.327563417588536,0.45054945054945056,0.7506573682405396,1790002072.963428,7,dga:flubot,dga,flubot,1,quad9_1,quad9_1_7,False,dga,False
224,1790002073.880085,4.55895209312439,184,11076,100,84,6512,4564,65.12,54.333333333333336,21.93486528424275,18.42528683876391,0.45652173913043476,0.4120621162874684,1790002078.439037,7,dga:flubot,dga,flubot,1,quad9_1,quad9_1_7,False,dga,False
225,1790002078.717115,5.320367097854614,228,14088,132,96,7772,6316,58.878787878787875,65.79166666666667,24.810318079973786,18.04386769452639,0.42105263157894735,0.44832481544576946,1790002084.037482,7,dga:flubot,dga,flubot,1,quad9_1,quad9_1_7,False,dga,False
226,1790002084.51773,3.7056710720062256,208,26244,108,100,5364,20880,49.666666666666664,208.8,29.14451873936278,26.98566549940998,0.4807692307692308,0.7956104252400549,1790002088.223401,7,dga:flubot,dga,flubot,1,quad9_1,quad9_1_7,False,dga,False
227,1790002088.858848,4.766802787780762,204,13724,120,84,7352,6372,61.266666666666666,75.85714285714286,25.174106280966438,17.621874396676507,0.4117647058823529,0.46429612357913147,1790002093.625651,7,dga:flubot,dga,flubot,1,quad9_1,quad9_1_7,False,dga,False
228,1790002174.20433,0.12666010856628418,16,96,8,8,0,96,0.0,12.0,63.16116487310141,63.16116487310141,0.5,1.0,1790002174.33099,8,dga:zloader,dga,zloader,1,quad9_1,quad9_1_8,False,benign,False
229,1790002174.210302,2.4084858894348145,140,9320,76,64,5768,3552,75.89473684210526,55.5,31.555094565172844,26.572711212777133,0.45714285714285713,0.3811158798283262,1790002176.618788,8,dga:zloader,dga,zloader,1,quad9_1,quad9_1_8,False,benign,False
230,1790002176.989919,1.9161920547485352,140,23396,72,68,4176,19220,58.0,282.6470588235294,37.57452172999886,35.48704830055448,0.4857142857142857,0.8215079500769362,1790002178.906111,8,dga:zloader,dga,zloader,1,quad9_1,quad9_1_8,False,benign,False
231,1790002179.816389,4.0983498096466064,200,12644,112,88,7100,5544,63.392857142857146,63.0,27.328072322273915,21.47205682464379,0.44,0.43846883897500794,1790002183.914739,8,dga:zloader,dga,zloader,1,quad9_1,quad9_1_8,False,benign,False
232,1790002184.536102,0.9286959171295166,108,8212,56,52,5324,2888,95.07142857142857,55.53846153846154,60.29960826476876,55.99249338871385,0.48148148148148145,0.35168046760837796,1790002185.464798,8,dga:zloader,dga,zloader,1,quad9_1,quad9_1_8,False,benign,False
233,1790002186.208925,9.955173969268799,440,41168,248,192,10932,30236,44.08064516129032,157.47916666666666,24.91166912457437,19.28645351579951,0.43636363636363634,0.7344539448115041,1790002196.164099,8,dga:zloader,dga,zloader,1,quad9_1,quad9_1_8,False,benign,False
234,1790002196.867659,2.281920909881592,160,10464,88,72,6212,4252,70.5909090909091,59.05555555555556,38.564000890182605,31.552364364694856,0.45,0.40634556574923547,1790002199.14958,8,dga:zloader,dga,zloader,1,quad9_1,quad9_1_8,False,benign,False
235,1790002200.045126,2.4859869480133057,168,11572,92,76,6656,4916,72.34782608695652,64.6842105263158,37.00743484334158,30.57135921841261,0.4523809523809524,0.42481852748012444,1790002202.531113,8,dga:zloader,dga,zloader,1,quad9_1,quad9_1_8,False,benign,False
236,1790002202.798865,17.304924964904785,612,50100,356,256,14832,35268,41.662921348314605,137.765625,20.572178193316933,14.793476453621166,0.41830065359477125,0.7039520958083832,1790002220.10379,8,dga:zloader,dga,zloader,1,quad9_1,quad9_1_8,False,benign,False
237,1790002221.161306,2.313533067703247,160,10200,88,72,6212,3988,70.5909090909091,55.388888888888886,38.03706168218366,31.121232285422998,0.45,0.39098039215686275,1790002223.474839,8,dga:zloader,dga,zloader,1,quad9_1,quad9_1_8,False,benign,False
238,1790002224.474034,1.813889980316162,120,8212,64,56,5324,2888,83.1875,51.57142857142857,35.28328657995275,30.872875757458655,0.4666666666666667,0.35168046760837796,1790002226.287924,8,dga:zloader,dga,zloader,1,quad9_1,quad9_1_8,False,benign,False
239,1790002226.520824,8.774704933166504,348,35140,192,156,8616,26524,44.875,170.02564102564102,21.88107765017615,17.77837559076812,0.4482758620689655,0.7548093340922026,1790002235.295529,8,dga:zloader,dga,zloader,1,quad9_1,quad9_1_8,False,benign,False
240,1790002235.931073,3.2437050342559814,140,10464,80,60,6212,4252,77.65,70.86666666666666,24.66315498947636,18.497366242107272,0.42857142857142855,0.40634556574923547,1790002239.174778,8,dga:zloader,dga,zloader,1,quad9_1,quad9_1_8,False,benign,False
241,1790002240.286755,10.183336019515991,380,22616,220,160,11096,11520,50.43636363636364,72.0,21.603922288175312,15.71194348230932,0.42105263157894735,0.5093738945879024,1790002250.470091,8,dga:zloader,dga,zloader,1,quad9_1,quad9_1_8,False,benign,False
242,1790002250.808992,2.928328037261963,152,24540,76,76,4620,19920,60.78947368421053,262.10526315789474,25.953376477268343,25.953376477268343,0.5,0.8117359413202934,1790002253.73732,8,dga:zloader,dga,zloader,1,quad9_1,quad9_1_8,False,benign,False
243,1790002254.077877,5.509608030319214,228,14896,128,100,7988,6908,62.40625,69.08,23.232142703368314,18.150111487006495,0.43859649122807015,0.4637486573576799,1790002259.587485,8,dga:zloader,dga,zloader,1,quad9_1,quad9_1_8,False,benign,False
244,1790002260.368313,0.8052248954772949,84,6660,40,44,4436,2224,110.9,50.54545454545455,49.675562969634846,54.643119266598326,0.5238095238095238,0.33393393393393395,1790002261.173538,8,dga:zloader,dga,zloader,1,quad9_1,quad9_1_8,False,benign,False
245,1790002261.129959,10.7169828414917,352,38740,192,160,8616,30124,44.875,188.275,17.91549010012929,14.929575083441074,0.45454545454545453,0.7775942178626742,1790002271.846942,8,dga:zloader,dga,zloader,1,quad9_1,quad9_1_8,False,benign,False
246,1790002272.444198,5.170389175415039,200,12644,112,88,7100,5544,63.392857142857146,63.0,21.661812331759243,17.01999540352512,0.44,0.43846883897500794,1790002277.614587,8,dga:zloader,dga,zloader,1,quad9_1,quad9_1_8,False,benign,False
247,1790002278.621638,5.9900360107421875,224,13752,124,100,7544,6208,60.83870967741935,62.08,20.701044163611954,16.69439045452577,0.44642857142857145,0.4514252472367656,1790002284.611674,8,dga:zloader,dga,zloader,1,quad9_1,quad9_1_8,False,benign,False
248,1790002285.533551,1.2767879962921143,124,22288,60,64,3732,18556,62.2,289.9375,46.99292300228729,50.125784535773114,0.5161290322580645,0.8325556353194544,1790002286.810339,8,dga:zloader,dga,zloader,1,quad9_1,quad9_1_8,False,benign,False
249,1790002287.753826,1.471879005432129,108,8212,56,52,5324,2888,95.07142857142857,55.53846153846154,38.046605592800724,35.32899090760067,0.48148148148148145,0.35168046760837796,1790002289.225705,8,dga:zloader,dga,zloader,1,quad9_1,quad9_1_8,False,benign,False
250,1790002290.347835,4.232436895370483,200,12644,112,88,7100,5544,63.392857142857146,63.0,26.462296489879776,20.79180438490554,0.44,0.43846883897500794,1790002294.580272,8,dga:zloader,dga,zloader,1,quad9_1,quad9_1_8,False,benign,False
251,1790002295.347293,4.634099006652832,208,27860,108,100,5952,21908,55.111111111111114,219.08,23.305501208531027,21.579167785676876,0.4807692307692308,0.7863603732950467,1790002299.981392,8,dga:zloader,dga,zloader,1,quad9_1,quad9_1_8,False,benign,False
252,1790002300.241166,13.96455979347229,392,23796,224,168,11540,12256,51.517857142857146,72.95238095238095,16.040605884670164,12.030454413502623,0.42857142857142855,0.5150445453017314,1790002314.205726,8,dga:zloader,dga,zloader,1,quad9_1,quad9_1_8,False,benign,False
253,1790002315.248636,2.485069990158081,120,8212,64,56,5324,2888,83.1875,51.57142857142857,25.753801805770795,22.534576580049446,0.4666666666666667,0.35168046760837796,1790002317.733706,8,dga:zloader,dga,zloader,1,quad9_1,quad9_1_8,False,benign,False
254,1790002318.388507,20.713945150375366,220,28496,124,96,5952,22544,48.0,234.83333333333334,5.986305317495395,4.634558955480306,0.43636363636363634,0.7911285794497473,1790002339.102452,8,dga:zloader,dga,zloader,1,quad9_1,quad9_1_8,False,benign,False
255,1790002404.318929,0.8323140144348145,124,22036,60,64,3676,18360,61.266666666666666,286.875,72.08817700942258,76.89405547671741,0.5161290322580645,0.8331820657106553,1790002405.151243,9,benign,benign,benign,0,quad9_1,quad9_1_9,False,benign,False
256,1790002405.603817,6.975255966186523,248,13140,132,116,7628,5512,57.78787878787879,47.51724137931034,18.924036714908738,16.630214082798588,0.46774193548387094,0.41948249619482497,1790002412.579073,9,benign,benign,benign,0,quad9_1,quad9_1_9,False,benign,False
257,1790002413.401987,8.238099813461304,300,15908,172,128,8952,6956,52.04651162790697,54.34375,20.878601120970494,15.537563624908275,0.4266666666666667,0.437264269549912,1790002421.640087,9,benign,benign,benign,0,quad9_1,quad9_1_9,False,benign,False
258,1790002422.30842,3.2154159545898438,144,23864,72,72,4432,19432,61.55555555555556,269.8888888888889,22.392126249552142,22.392126249552142,0.5,0.814280925243044,1790002425.523836,9,benign,benign,benign,0,quad9_1,quad9_1_9,False,benign,False
259,1790002426.233731,17.29222297668457,508,26144,300,208,13196,12948,43.986666666666665,62.25,17.34883944097272,12.028528679074421,0.4094488188976378,0.49525703794369647,1790002443.525954,9,benign,benign,benign,0,quad9_1,quad9_1_9,False,benign,False
260,1790002444.137693,2.9183621406555176,116,8032,64,52,5184,2848,81.0,54.76923076923077,21.93010905275259,17.818213605361482,0.4482758620689655,0.3545816733067729,1790002447.056055,9,benign,benign,benign,0,quad9_1,quad9_1_9,False,benign,False
261,1790002447.000163,4.914665937423706,224,26672,120,104,5680,20992,47.333333333333336,201.84615384615384,24.416715505775482,21.16115343833875,0.4642857142857143,0.7870425914817036,1790002451.914829,9,benign,benign,benign,0,quad9_1,quad9_1_9,False,benign,False
262,1790002452.308275,4.908515930175781,192,11768,104,88,6848,4920,65.84615384615384,55.90909090909091,21.187666797747482,17.928025751940176,0.4583333333333333,0.41808293677770225,1790002457.216791,9,benign,benign,benign,0,quad9_1,quad9_1_9,False,benign,False
263,1790002458.047202,4.778061866760254,184,10920,100,84,6460,4460,64.6,53.095238095238095,20.928988110362123,17.580350012704184,0.45652173913043476,0.4084249084249084,1790002462.825264,9,benign,benign,benign,0,quad9_1,quad9_1_9,False,benign,False
264,1790002463.879439,2.222827911376953,164,24036,84,80,4472,19564,53.23809523809524,244.55,37.789700034837765,35.9901905093693,0.4878048780487805,0.8139457480445997,1790002466.102267,9,benign,benign,benign,0,quad9_1,quad9_1_9,False,benign,False
265,1790002466.588908,2.913620948791504,160,9472,88,72,6028,3444,68.5,47.833333333333336,30.2029679037351,24.71151919396508,0.45,0.36359797297297297,1790002469.502529,9,benign,benign,benign,0,quad9_1,quad9_1_9,False,benign,False
266,1790002469.658907,6.1352410316467285,244,13744,132,112,7568,6176,57.333333333333336,55.142857142857146,21.515047138184002,18.255191511186425,0.45901639344262296,0.44935972060535506,1790002475.794148,9,benign,benign,benign,0,quad9_1,quad9_1_9,False,benign,False
267,1790002476.203836,2.8599040508270264,184,24548,96,88,4836,19712,50.375,224.0,33.56755971314448,30.77026307038244,0.4782608695652174,0.8029982075932867,1790002479.06374,9,benign,benign,benign,0,quad9_1,quad9_1_9,False,benign,False
268,1790002479.813781,7.100306034088135,164,9940,88,76,6016,3924,68.36363636363636,51.63157894736842,12.393831980976227,10.703763983570378,0.4634146341463415,0.39476861167002014,1790002486.914087,9,benign,benign,benign,0,quad9_1,quad9_1_9,False,benign,False
269,1790002486.86073,3.414767026901245,160,9660,88,72,6024,3636,68.45454545454545,50.5,25.770425714768667,21.08489376662891,0.45,0.3763975155279503,1790002490.275497,9,benign,benign,benign,0,quad9_1,quad9_1_9,False,benign,False
270,1790002490.704115,17.298882007598877,520,40972,288,232,11696,29276,40.611111111111114,126.1896551724138,16.648474732268262,13.41127131210499,0.4461538461538462,0.7145367568095284,1790002508.002997,9,benign,benign,benign,0,quad9_1,quad9_1_9,False,benign,False
271,1790002508.485015,2.3133060932159424,128,8300,64,64,5216,3084,81.5,48.1875,27.666031826781573,27.666031826781573,0.5,0.371566265060241,1790002510.798321,9,benign,benign,benign,0,quad9_1,quad9_1_9,False,benign,False
272,1790002510.740607,3.3927040100097656,156,9540,76,80,5960,3580,78.42105263157895,44.75,22.40101104481002,23.58001162611581,0.5128205128205128,0.3752620545073375,1790002514.133311,9,benign,benign,benign,0,quad9_1,quad9_1_9,False,benign,False
273,1790002514.76426,10.027673959732056,324,31800,176,148,8192,23608,46.54545454545455,159.51351351351352,17.551428248142084,14.7591555723013,0.4567901234567901,0.7423899371069183,1790002524.791934,9,benign,benign,benign,0,quad9_1,quad9_1_9,False,benign,False
274,1790002525.156681,17.0970299243927,556,27596,320,236,13964,13632,43.6375,57.76271186440678,18.716701170619647,13.80356711333199,0.4244604316546763,0.4939846354544137,1790002542.253711,9,benign,benign,benign,0,quad9_1,quad9_1_9,False,benign,False
275,1790002542.633273,7.48639702796936,260,13880,148,112,8020,5860,54.189189189189186,52.32142857142857,19.76918929721045,14.960467576267368,0.4307692307692308,0.42219020172910665,1790002550.11967,9,benign,benign,benign,0,quad9_1,quad9_1_9,False,benign,False
276,1790002550.696784,73.72354888916016,248,27512,136,112,5996,21516,44.088235294117645,192.10714285714286,1.844729425661121,1.5191889387797468,0.45161290322580644,0.7820587380052341,1790002624.420333,9,benign,benign,benign,0,quad9_1,quad9_1_9,False,benign,False
277,1790002635.050017,1.180445909500122,100,6824,52,48,4808,2016,92.46153846153847,42.0,44.05115014716786,40.662600135847256,0.48,0.2954279015240328,1790002636.230463,10,benign,benign,benign,0,quad9_1,quad9_1_10,False,benign,False
278,1790002636.505891,0.9910478591918945,88,6704,44,44,4768,1936,108.36363636363636,44.0,44.397452244009514,44.397452244009514,0.5,0.28878281622911695,1790002637.496939,10,benign,benign,benign,0,quad9_1,quad9_1_10,False,benign,False
279,1790002638.449872,3.3323678970336914,180,25392,92,88,4856,20536,52.78260869565217,233.36363636363637,27.607996128486846,26.407648470726546,0.4888888888888889,0.8087586641461878,1790002641.78224,10,benign,benign,benign,0,quad9_1,quad9_1_10,False,benign,False
280,1790002641.724774,1.562934160232544,108,7720,56,52,5232,2488,93.42857142857143,47.84615384615385,35.830044172601575,33.27075530313004,0.48148148148148145,0.322279792746114,1790002643.287708,10,benign,benign,benign,0,quad9_1,quad9_1_10,False,benign,False
281,1790002643.648663,2.017979860305786,120,7628,64,56,5204,2424,81.3125,43.285714285714285,31.71488539548756,27.750524721051615,0.4666666666666667,0.3177766124803356,1790002645.666643,10,benign,benign,benign,0,quad9_1,quad9_1_10,False,benign,False
282,1790002646.276385,7.023726940155029,284,29428,156,128,6852,22576,43.92307692307692,176.375,22.210430634502533,18.223943084720027,0.4507042253521127,0.7671605273888813,1790002653.300112,10,benign,benign,benign,0,quad9_1,quad9_1_10,False,benign,False
283,1790002653.731093,1.1717891693115234,116,7620,60,56,5184,2436,86.4,43.5,51.20375027467832,47.7901669230331,0.4827586206896552,0.31968503937007875,1790002654.902882,10,benign,benign,benign,0,quad9_1,quad9_1_10,False,benign,False
284,1790002655.381679,8.502930879592896,288,15224,164,124,8440,6784,51.46341463414634,54.70967741935484,19.287467147780934,14.583206867834363,0.4305555555555556,0.44561219127693114,1790002663.88461,10,benign,benign,benign,0,quad9_1,quad9_1_10,False,benign,False
285,1790002664.657091,0.9426701068878174,112,22168,52,60,3636,18532,69.92307692307692,308.8666666666667,55.162457810055784,63.648989780833595,0.5357142857142857,0.8359797906892819,1790002665.599761,10,benign,benign,benign,0,quad9_1,quad9_1_10,False,benign,False
286,1790002666.664433,1.319403886795044,100,6956,52,48,4792,2164,92.15384615384616,45.083333333333336,39.41173777069346,36.38006563448628,0.48,0.3110983323749281,1790002667.983837,10,benign,benign,benign,0,quad9_1,quad9_1_10,False,benign,False
287,1790002668.81011,4.834659814834595,212,11644,112,100,6836,4808,61.035714285714285,48.08,23.166055997640402,20.683978569321788,0.4716981132075472,0.4129165235314325,1790002673.64477,10,benign,benign,benign,0,quad9_1,quad9_1_10,False,benign,False
288,1790002674.205742,1.090475082397461,132,22056,64,68,3644,18412,56.9375,270.7647058823529,58.69001596927183,62.35814196735132,0.5151515151515151,0.8347841857091041,1790002675.296217,10,benign,benign,benign,0,quad9_1,quad9_1_10,False,benign,False
289,1790002675.65981,2.8462469577789307,160,9592,88,72,6092,3500,69.22727272727273,48.611111111111114,30.917907442814034,25.296469725938753,0.45,0.3648874061718098,1790002678.506057,10,benign,benign,benign,0,quad9_1,quad9_1_10,False,benign,False
290,1790002678.854138,1.2676610946655273,96,6996,52,44,4780,2216,91.92307692307692,50.36363636363637,41.020427477677075,34.70959248111137,0.4583333333333333,0.31675242995997716,1790002680.121799,10,benign,benign,benign,0,quad9_1,quad9_1_10,False,benign,False
291,1790002680.327495,2.6354219913482666,188,25032,96,92,4900,20132,51.041666666666664,218.82608695652175,36.42680387245572,34.90902037777006,0.48936170212765956,0.8042505592841164,1790002682.962917,10,benign,benign,benign,0,quad9_1,quad9_1_10,False,benign,False
292,1790002683.304963,3.976533889770508,164,9344,88,76,5988,3356,68.04545454545455,44.1578947368421,22.129825229549,19.112121789155953,0.4634146341463415,0.3591609589041096,1790002687.281497,10,benign,benign,benign,0,quad9_1,quad9_1_10,False,benign,False
293,1790002687.539975,5.118503093719482,220,12312,124,96,7176,5136,57.87096774193548,53.5,24.225832773677674,18.75548343768594,0.43636363636363634,0.4171539961013645,1790002692.658478,10,benign,benign,benign,0,quad9_1,quad9_1_10,False,benign,False
294,1790002692.853667,8.636628866195679,400,34472,220,180,9260,25212,42.09090909090909,140.06666666666666,25.472901916752978,20.84146520461607,0.45,0.7313761893710837,1790002701.490296,10,benign,benign,benign,0,quad9_1,quad9_1_10,False,benign,False
295,1790002702.367794,22.79983401298523,664,31852,384,280,16096,15756,41.916666666666664,56.27142857142857,16.842227876803832,12.28079116016946,0.42168674698795183,0.49466281552178826,1790002725.167628,10,benign,benign,benign,0,quad9_1,quad9_1_10,False,benign,False
296,1790002726.121395,1.6818528175354004,124,7704,64,60,5204,2500,81.3125,41.666666666666664,38.05327037700366,35.67494097844094,0.4838709677419355,0.3245067497403946,1790002727.803248,10,benign,benign,benign,0,quad9_1,quad9_1_10,False,benign,False
297,1790002728.511573,2.751518964767456,180,24480,92,88,4852,19628,52.73913043478261,223.04545454545453,33.43607700984004,31.98233453115134,0.4888888888888889,0.8017973856209151,1790002731.263092,10,benign,benign,benign,0,quad9_1,quad9_1_10,False,benign,False
298,1790002732.232113,4.881129026412964,184,11392,100,84,6452,4940,64.52,58.80952380952381,20.487063435298666,17.20913328565088,0.45652173913043476,0.4336376404494382,1790002737.113242,10,benign,benign,benign,0,quad9_1,quad9_1_10,False,benign,False
299,1790002737.35931,10.086578130722046,336,17296,192,144,9608,7688,50.041666666666664,53.388888888888886,19.035196824104283,14.276397618078212,0.42857142857142855,0.44449583718778907,1790002747.445888,10,benign,benign,benign,0,quad9_1,quad9_1_10,False,benign,False
300,1790002748.064799,4.68963885307312,224,26356,120,104,5700,20656,47.5,198.6153846153846,25.588324337888835,22.176547759503656,0.4642857142857143,0.783730459857338,1790002752.754438,10,benign,benign,benign,0,quad9_1,quad9_1_10,False,benign,False
301,1790002753.219122,4.861577987670898,204,11844,108,96,6804,5040,63.0,52.5,22.215009257054213,19.746674895159302,0.47058823529411764,0.425531914893617,1790002758.0807,10,benign,benign,benign,0,quad9_1,quad9_1_10,False,benign,False
302,1790002758.029727,1.5720279216766357,116,7608,56,60,5172,2436,92.35714285714286,40.6,35.62277694169298,38.167261008956764,0.5172413793103449,0.32018927444794953,1790002759.601755,10,benign,benign,benign,0,quad9_1,quad9_1_10,False,benign,False
303,1790002760.420184,1.328390121459961,144,22896,72,72,4076,18820,56.611111111111114,261.3888888888889,54.20094506640017,54.20094506640017,0.5,0.8219776380153738,1790002761.748574,10,benign,benign,benign,0,quad9_1,quad9_1_10,False,benign,False
304,1790002761.996329,6.188536882400513,208,13808,116,92,7244,6564,62.44827586206897,71.34782608695652,18.744333629147572,14.866195636910144,0.4423076923076923,0.4753765932792584,1790002768.184866,10,benign,benign,benign,0,quad9_1,quad9_1_10,False,benign,False
305,1790002768.476512,4.075437068939209,196,11220,104,92,6748,4472,64.88461538461539,48.608695652173914,25.518735350530157,22.574265887007446,0.46938775510204084,0.39857397504456327,1790002772.551949,10,benign,benign,benign,0,quad9_1,quad9_1_10,False,benign,False
306,1790002773.330869,2.952388048171997,156,23884,80,76,4436,19448,55.45,255.89473684210526,27.09670906896296,25.74187361551481,0.48717948717948717,0.8142689666722492,1790002776.283257,10,benign,benign,benign,0,quad9_1,quad9_1_10,False,benign,False
307,1790002777.210325,7.978321075439453,240,14028,128,112,7600,6428,59.375,57.392857142857146,16.043475662321555,14.03804120453136,0.4666666666666667,0.45822640433418876,1790002785.188646,10,benign,benign,benign,0,quad9_1,quad9_1_10,False,benign,False
308,1790002865.839321,3.178838014602661,168,9972,88,80,6016,3956,68.36363636363636,49.45,27.683071485792446,25.16642862344768,0.47619047619047616,0.39671079021259525,1790002869.018159,11,benign,benign,benign,0,quad9_1,quad9_1_11,False,dga,False
309,1790002869.507362,1.509676218032837,156,23644,76,80,4436,19208,58.36842105263158,240.1,50.34192040133663,52.991495159301714,0.5128205128205128,0.8123836914227711,1790002871.017038,11,benign,benign,benign,0,quad9_1,quad9_1_11,False,dga,False
310,1790002871.513323,9.171437978744507,272,14904,152,120,8404,6500,55.28947368421053,54.166666666666664,16.57319172329043,13.0840987289135,0.4411764705882353,0.43612453032742887,1790002880.684761,11,benign,benign,benign,0,quad9_1,quad9_1_11,False,dga,False
311,1790002881.275221,22.989056825637817,656,32152,384,272,16012,16140,41.697916666666664,59.338235294117645,16.703599582726515,11.831716371097949,0.4146341463414634,0.5019905449116696,1790002904.264278,11,benign,benign,benign,0,quad9_1,quad9_1_11,False,dga,False
312,1790002905.320811,9.903645992279053,252,27616,128,124,6088,21528,47.5625,173.61290322580646,12.924533055784671,12.520641397791401,0.49206349206349204,0.77954808806489,1790002915.224457,11,benign,benign,benign,0,quad9_1,quad9_1_11,False,dga,False
313,1790002915.481498,5.235033988952637,232,12040,124,108,7268,4772,58.61290322580645,44.18518518518518,23.68657018496425,20.630238548194672,0.46551724137931033,0.3963455149501661,1790002920.716532,11,benign,benign,benign,0,quad9_1,quad9_1_11,False,dga,False
314,1790002921.558401,3.6315059661865234,140,8964,72,68,5564,3400,77.27777777777777,50.0,19.826485394875405,18.725013984048992,0.4857142857142857,0.37929495760821064,1790002925.189907,11,benign,benign,benign,0,quad9_1,quad9_1_11,False,dga,False
315,1790002926.158602,9.194062948226929,384,33908,216,168,8792,25116,40.7037037037037,149.5,23.49342191981136,18.272661493186614,0.4375,0.740710156895128,1790002935.352665,11,benign,benign,benign,0,quad9_1,quad9_1_11,False,dga,False
316,1790002936.016699,1.4179248809814453,116,8004,56,60,5204,2800,92.92857142857143,46.666666666666664,39.49433482064189,42.315358736402025,0.5172413793103449,0.3498250874562719,1790002937.434624,11,benign,benign,benign,0,quad9_1,quad9_1_11,False,dga,False
317,1790002938.13897,3.3013761043548584,164,9336,88,76,6000,3336,68.18181818181819,43.89473684210526,26.655551266612385,23.020703366619784,0.4634146341463415,0.35732647814910024,1790002941.440346,11,benign,benign,benign,0,quad9_1,quad9_1_11,False,dga,False
318,1790002941.619609,2.0198447704315186,172,23676,80,92,4496,19180,56.2,208.47826086956522,39.607004048587775,45.548054655875944,0.5348837209302325,0.8101030579489779,1790002943.639454,11,benign,benign,benign,0,quad9_1,quad9_1_11,False,dga,False
319,1790002944.073083,4.793053150177002,200,11484,112,88,6828,4656,60.964285714285715,52.90909090909091,23.367151686157282,18.359904896266436,0.44,0.4054336468129572,1790002948.866136,11,benign,benign,benign,0,quad9_1,quad9_1_11,False,dga,False
320,1790002949.902568,1.657538890838623,124,7524,64,60,5156,2368,80.5625,39.46666666666667,38.611462062057285,36.198245683178705,0.4838709677419355,0.3147262094630516,1790002951.560107,11,benign,benign,benign,0,quad9_1,quad9_1_11,False,dga,False
321,1790002952.466801,4.991682052612305,200,25712,100,100,5252,20460,52.52,204.6,20.03332723238389,20.03332723238389,0.5,0.7957373988799005,1790002957.458483,11,benign,benign,benign,0,quad9_1,quad9_1_11,False,dga,False
322,1790002958.255604,7.115644931793213,280,15036,152,128,8360,6676,55.0,52.15625,21.361380655863403,17.98853107862181,0.45714285714285713,0.44400106411279594,1790002965.371249,11,benign,benign,benign,0,quad9_1,quad9_1_11,False,dga,False
323,1790002965.636046,4.173143148422241,180,10696,100,80,6444,4252,64.44,53.15,23.96275335961275,19.170202687690203,0.4444444444444444,0.3975317875841436,1790002969.809189,11,benign,benign,benign,0,quad9_1,quad9_1_11,False,dga,False
324,1790002970.03072,2.3448569774627686,168,23708,80,88,4448,19260,55.6,218.86363636363637,34.11721941632589,37.52894135795847,0.5238095238095238,0.8123840053990214,1790002972.375577,11,benign,benign,benign,0,quad9_1,quad9_1_11,False,dga,False
325,1790002973.371225,3.265558958053589,172,9972,84,88,6008,3964,71.52380952380952,45.04545454545455,25.723008244220324,26.94791339870701,0.5116279069767442,0.39751303650220615,1790002976.636784,11,benign,benign,benign,0,quad9_1,quad9_1_11,False,dga,False
326,1790002977.358371,1.854619026184082,128,8192,64,64,5200,2992,81.25,46.75,34.50843493808071,34.50843493808071,0.5,0.365234375,1790002979.21299,11,benign,benign,benign,0,quad9_1,quad9_1_11,False,dga,False
327,1790002979.534391,2.2774710655212402,144,22812,72,72,4076,18736,56.611111111111114,260.22222222222223,31.61401305597773,31.61401305597773,0.5,0.8213221111695599,1790002981.811862,11,benign,benign,benign,0,quad9_1,quad9_1_11,False,dga,False
328,1790002982.611626,3.7066571712493896,148,9492,80,68,6008,3484,75.1,51.23529411764706,21.58278910186741,18.345370736587295,0.4594594594594595,0.3670459334176148,1790002986.318283,11,benign,benign,benign,0,quad9_1,quad9_1_11,False,dga,False
329,1790002987.122091,0.6122078895568848,100,6744,52,48,4784,1960,92.0,40.833333333333336,84.93846761373416,78.40473933575461,0.48,0.29062870699881377,1790002987.734299,11,benign,benign,benign,0,quad9_1,quad9_1_11,False,dga,False
330,1790002988.528784,1.9405288696289062,160,24152,84,76,4496,19656,53.523809523809526,258.63157894736844,43.28716841819704,39.164580949797326,0.475,0.8138456442530639,1790002990.469313,11,benign,benign,benign,0,quad9_1,quad9_1_11,False,dga,False
331,1790002990.991949,1.55073881149292,124,8176,64,60,5248,2928,82.0,48.8,41.270650818616076,38.69123514245258,0.4838709677419355,0.35812133072407043,1790002992.542688,11,benign,benign,benign,0,quad9_1,quad9_1_11,False,dga,False
332,1790002992.958108,3.472080945968628,188,10504,100,88,6376,4128,63.76,46.90909090909091,28.80117184943751,25.345031227505007,0.46808510638297873,0.392993145468393,1790002996.430189,11,benign,benign,benign,0,quad9_1,quad9_1_11,False,dga,False
333,1790002997.090706,14.037115812301636,396,36292,220,176,9396,26896,42.70909090909091,152.8181818181818,15.672735264262743,12.538188211410194,0.4444444444444444,0.7410999669348617,1790003011.127822,11,benign,benign,benign,0,quad9_1,quad9_1_11,False,dga,False
334,1790003011.357621,4.72168493270874,88,7232,48,40,4780,2452,99.58333333333333,61.3,10.165862543577918,8.471552119648264,0.45454545454545453,0.33904867256637167,1790003016.079306,11,benign,benign,benign,0,quad9_1,quad9_1_11,False,dga,False
337,1790003097.695543,1.5534889698028564,144,23392,68,76,4176,19216,61.411764705882355,252.8421052631579,43.77243824822873,48.922136865667404,0.5277777777777778,0.8214774281805746,1790003099.249032,12,dga:zloader,dga,zloader,1,quad9_1,quad9_1_12,False,dga,False
338,1790003099.494802,3.0805630683898926,164,11128,88,76,6212,4916,70.5909090909091,64.6842105263158,28.56620625721994,24.670814494871763,0.4634146341463415,0.4417685118619698,1790003102.575365,12,dga:zloader,dga,zloader,1,quad9_1,quad9_1_12,False,dga,False
339,1790003103.195817,0.9494860172271729,104,7104,52,52,4880,2224,93.84615384615384,42.76923076923077,54.76647265628825,54.76647265628825,0.5,0.3130630630630631,1790003104.145303,12,dga:zloader,dga,zloader,1,quad9_1,quad9_1_12,False,dga,False
340,1790003104.417566,2.022861957550049,164,24504,84,80,4620,19884,55.0,248.55,41.52532489252752,39.54792846907383,0.4878048780487805,0.8114593535749265,1790003106.440428,12,dga:zloader,dga,zloader,1,quad9_1,quad9_1_12,False,dga,False
341,1790003107.526866,7.650768041610718,280,17112,160,120,8876,8236,55.475,68.63333333333334,20.91293307152927,15.684699803646952,0.42857142857142855,0.48129967274427304,1790003115.177634,12,dga:zloader,dga,zloader,1,quad9_1,quad9_1_12,False,dga,False
342,1790003116.072331,12.171280145645142,368,22652,212,156,11096,11556,52.339622641509436,74.07692307692308,17.418052781888612,12.81705770742747,0.42391304347826086,0.5101536288186473,1790003128.243611,12,dga:zloader,dga,zloader,1,quad9_1,quad9_1_12,False,dga,False
343,1790003129.082663,1.3113389015197754,128,23392,64,64,4176,19216,65.25,300.25,48.80508000321446,48.80508000321446,0.5,0.8214774281805746,1790003130.394002,12,dga:zloader,dga,zloader,1,quad9_1,quad9_1_12,False,dga,False
344,1790003131.487113,4.4619269371032715,184,11608,100,84,6656,4952,66.56,58.95238095238095,22.411841657120682,18.825946991981375,0.45652173913043476,0.4266023432115782,1790003135.94904,12,dga:zloader,dga,zloader,1,quad9_1,quad9_1_12,False,dga,False
345,1790003136.690019,6.697429180145264,256,16040,144,112,8432,7608,58.55555555555556,67.92857142857143,21.50078726131102,16.722834536575238,0.4375,0.4743142144638404,1790003143.387448,12,dga:zloader,dga,zloader,1,quad9_1,quad9_1_12,False,dga,False
346,1790003143.678263,9.358658075332642,304,32300,168,136,7728,24572,46.0,180.6764705882353,17.951291589849934,14.53199795368804,0.4473684210526316,0.7607430340557275,1790003153.036921,12,dga:zloader,dga,zloader,1,quad9_1,quad9_1_12,False,dga,False
347,1790003153.485328,1.283499002456665,100,7104,52,48,4880,2224,93.84615384615384,46.333333333333336,40.5142504205068,37.39776961892935,0.48,0.3130630630630631,1790003154.768827,12,dga:zloader,dga,zloader,1,quad9_1,quad9_1_12,False,dga,False
348,1790003155.178998,7.778562068939209,280,17148,160,120,8876,8272,55.475,68.93333333333334,20.569354410489364,15.427015807867024,0.42857142857142855,0.48238861674830885,1790003162.95756,12,dga:zloader,dga,zloader,1,quad9_1,quad9_1_12,False,dga,False
349,1790003162.929895,6.390021085739136,272,30524,152,120,7168,23356,47.1578947368421,194.63333333333333,23.78708895643935,18.7792807550837,0.4411764705882353,0.7651683920849168,1790003169.319916,12,dga:zloader,dga,zloader,1,quad9_1,quad9_1_12,False,dga,False
350,1790003170.300826,5.104949951171875,208,12680,112,96,7100,5580,63.392857142857146,58.125,21.939490312591538,18.805277410792748,0.46153846153846156,0.4400630914826498,1790003175.405776,12,dga:zloader,dga,zloader,1,quad9_1,quad9_1_12,False,dga,False
351,1790003176.03527,4.470180988311768,168,11536,92,76,6656,4880,72.34782608695652,64.21052631578948,20.580822172648812,17.001548751318584,0.4523809523809524,0.42302357836338417,1790003180.505451,12,dga:zloader,dga,zloader,1,quad9_1,quad9_1_12,False,dga,False
352,1790003181.138275,1.461036205291748,144,23396,72,72,4176,19220,58.0,266.94444444444446,49.2800929499366,49.2800929499366,0.5,0.8215079500769362,1790003182.599311,12,dga:zloader,dga,zloader,1,quad9_1,quad9_1_12,False,dga,False
353,1790003183.2326,4.786001920700073,196,12680,108,88,7100,5580,65.74074074074075,63.40909090909091,22.565807910123503,18.386954593433966,0.4489795918367347,0.4400630914826498,1790003188.018602,12,dga:zloader,dga,zloader,1,quad9_1,quad9_1_12,False,dga,False
354,1790003188.825592,1.9503488540649414,144,9356,76,68,5768,3588,75.89473684210526,52.76470588235294,38.96738772738008,34.86555744028744,0.4722222222222222,0.3834972210346302,1790003190.775941,12,dga:zloader,dga,zloader,1,quad9_1,quad9_1_12,False,dga,False
355,1790003191.590046,6.4532740116119385,292,31888,156,136,7284,24604,46.69230769230769,180.91176470588235,24.17377593440099,21.074573891529067,0.4657534246575342,0.7715755143000502,1790003198.04332,12,dga:zloader,dga,zloader,1,quad9_1,quad9_1_12,False,dga,False
356,1790003198.732086,6.096076011657715,216,13752,120,96,7544,6208,62.86666666666667,64.66666666666667,19.68479391833702,15.747835134669618,0.4444444444444444,0.4514252472367656,1790003204.828162,12,dga:zloader,dga,zloader,1,quad9_1,quad9_1_12,False,dga,False
357,1790003205.42177,0.8896918296813965,100,7104,52,48,4880,2224,93.84615384615384,46.333333333333336,58.44720415002742,53.95126536925608,0.48,0.3130630630630631,1790003206.311462,12,dga:zloader,dga,zloader,1,quad9_1,quad9_1_12,False,dga,False
358,1790003206.976803,6.334507942199707,240,28940,128,112,6396,22544,49.96875,201.28571428571428,20.20677867451706,17.68093134020243,0.4666666666666667,0.7789910158949551,1790003213.311311,12,dga:zloader,dga,zloader,1,quad9_1,quad9_1_12,False,dga,False
359,1790003214.225665,4.081387996673584,168,10464,88,80,6212,4252,70.5909090909091,53.15,21.56129240143839,19.601174910398537,0.47619047619047616,0.40634556574923547,1790003218.307053,12,dga:zloader,dga,zloader,1,quad9_1,quad9_1_12,False,dga,False
360,1790003218.877156,2.58203387260437,140,9356,76,64,5768,3588,75.89473684210526,56.0625,29.434160723593664,24.786661661973614,0.45714285714285713,0.3834972210346302,1790003221.45919,12,dga:zloader,dga,zloader,1,quad9_1,quad9_1_12,False,dga,False
361,1790003222.339747,1.9356160163879395,128,23400,64,64,4176,19224,65.25,300.375,33.064409189706254,33.064409189706254,0.5,0.8215384615384616,1790003224.275363,12,dga:zloader,dga,zloader,1,quad9_1,quad9_1_12,False,dga,False
362,1790003224.946041,0.9360449314117432,100,7104,52,48,4880,2224,93.84615384615384,46.333333333333336,55.55288881440081,51.27958967483152,0.48,0.3130630630630631,1790003225.882086,12,dga:zloader,dga,zloader,1,quad9_1,quad9_1_12,False,dga,False
363,1790003226.517598,5.369147062301636,232,14896,128,104,7988,6908,62.40625,66.42307692307692,23.83991321428421,19.36992948660592,0.4482758620689655,0.4637486573576799,1790003231.886745,12,dga:zloader,dga,zloader,1,quad9_1,quad9_1_12,False,dga,False
364,1790003232.629234,2.1267998218536377,152,24500,72,80,4620,19880,64.16666666666667,248.5,33.85367972113499,37.615199690149986,0.5263157894736842,0.8114285714285714,1790003234.756034,12,dga:zloader,dga,zloader,1,quad9_1,quad9_1_12,False,dga,False
365,1790003235.638362,5.313616991043091,224,13752,124,100,7544,6208,60.83870967741935,62.08,23.336269853288417,18.81957246232937,0.44642857142857145,0.4514252472367656,1790003240.951979,12,dga:zloader,dga,zloader,1,quad9_1,quad9_1_12,False,dga,False
366,1790003241.303827,1.6849968433380127,120,8212,64,56,5324,2888,83.1875,51.57142857142857,37.98226700129284,33.23448362613124,0.4666666666666667,0.35168046760837796,1790003242.988824,12,dga:zloader,dga,zloader,1,quad9_1,quad9_1_12,False,dga,False
367,1790003243.748282,1.9199950695037842,148,23428,72,76,4176,19252,58.0,253.31578947368422,37.500096299001505,39.58343498227937,0.5135135135135135,0.821751750042684,1790003245.668277,12,dga:zloader,dga,zloader,1,quad9_1,quad9_1_12,False,dga,False
368,1790003326.743766,0.621366024017334,100,6876,52,48,4772,2104,91.76923076923077,43.833333333333336,83.68658405846371,77.24915451550496,0.48,0.30599185573007565,1790003327.365132,13,dga:qsnatch,dga,qsnatch,1,quad9_1,quad9_1_13,False,benign,False
369,1790003327.965968,2.0159971714019775,120,7832,64,56,5168,2664,80.75,47.57142857142857,31.746076288139193,27.777816752121794,0.4666666666666667,0.34014300306435136,1790003329.981965,13,dga:qsnatch,dga,qsnatch,1,quad9_1,quad9_1_13,False,benign,False
370,1790003330.98129,13.933686971664429,460,38672,260,200,10152,28520,39.04615384615385,142.6,18.659813481437933,14.35370267802918,0.43478260869565216,0.7374844848986347,1790003344.914977,13,dga:qsnatch,dga,qsnatch,1,quad9_1,quad9_1_13,False,benign,False
371,1790003344.93382,1.7816219329833984,148,9600,80,68,5896,3704,73.7,54.470588235294116,44.9029047739869,38.16746905788886,0.4594594594594595,0.3858333333333333,1790003346.715442,13,dga:qsnatch,dga,qsnatch,1,quad9_1,quad9_1_13,False,benign,False
372,1790003347.338705,2.0021228790283203,128,8340,64,64,5128,3212,80.125,50.1875,31.966069950242407,31.966069950242407,0.5,0.3851318944844125,1790003349.340828,13,dga:qsnatch,dga,qsnatch,1,quad9_1,quad9_1_13,False,benign,False
373,1790003349.415542,5.882566213607788,272,29540,144,128,6676,22864,46.361111111111114,178.625,24.479112477628117,21.759211091224994,0.47058823529411764,0.7740013540961408,1790003355.298108,13,dga:qsnatch,dga,qsnatch,1,quad9_1,quad9_1_13,False,benign,False
374,1790003356.398238,6.274158000946045,204,12488,116,88,7048,5440,60.758620689655174,61.81818181818182,18.488536626350342,14.025786406196811,0.43137254901960786,0.4356181934657271,1790003362.672396,13,dga:qsnatch,dga,qsnatch,1,quad9_1,quad9_1_13,False,benign,False
375,1790003363.73402,8.145708084106445,252,14324,136,116,7828,6496,57.55882352941177,56.0,16.695908887940305,14.240628169125555,0.4603174603174603,0.453504607651494,1790003371.879728,13,dga:qsnatch,dga,qsnatch,1,quad9_1,quad9_1_13,False,benign,False
376,1790003372.649698,14.482944011688232,480,39132,268,212,10500,28632,39.17910447761194,135.0566037735849,18.50452503190752,14.637907861061171,0.44166666666666665,0.7316773995706838,1790003387.132642,13,dga:qsnatch,dga,qsnatch,1,quad9_1,quad9_1_13,False,benign,False
377,1790003387.615034,8.973959922790527,284,15356,160,124,8236,7120,51.475,57.41935483870968,17.829364224555917,13.817757274030836,0.43661971830985913,0.46366241208648085,1790003396.588994,13,dga:qsnatch,dga,qsnatch,1,quad9_1,quad9_1_13,False,benign,False
378,1790003397.585969,1.7734580039978027,124,7756,64,60,5160,2596,80.625,43.266666666666666,36.08768849091918,33.83220796023673,0.4838709677419355,0.334708612686952,1790003399.359427,13,dga:qsnatch,dga,qsnatch,1,quad9_1,quad9_1_13,False,benign,False
379,1790003399.638662,5.330483913421631,284,29844,152,132,6716,23128,44.18421052631579,175.21212121212122,28.5152347270534,24.763230157704267,0.4647887323943662,0.7749631416700175,1790003404.969146,13,dga:qsnatch,dga,qsnatch,1,quad9_1,quad9_1_13,False,benign,False
380,1790003405.093242,3.3278021812438965,160,9564,88,72,5924,3640,67.31818181818181,50.55555555555556,26.443879535864284,21.635901438434413,0.45,0.3805938937682978,1790003408.421044,13,dga:qsnatch,dga,qsnatch,1,quad9_1,quad9_1_13,False,benign,False
381,1790003409.294108,7.3747100830078125,284,15700,156,128,8216,7484,52.666666666666664,58.46875,21.153373928480537,17.356614505419927,0.4507042253521127,0.476687898089172,1790003416.668818,13,dga:qsnatch,dga,qsnatch,1,quad9_1,quad9_1_13,False,benign,False
382,1790003417.105221,12.615604877471924,448,38072,252,196,9720,28352,38.57142857142857,144.6530612244898,19.97526099204361,15.536314104922806,0.4375,0.7446942635007354,1790003429.720826,13,dga:qsnatch,dga,qsnatch,1,quad9_1,quad9_1_13,False,benign,False
383,1790003430.314099,1.0093448162078857,100,6864,52,48,4768,2096,91.6923076923077,43.666666666666664,51.51856844657339,47.55560164299082,0.48,0.30536130536130535,1790003431.323444,13,dga:qsnatch,dga,qsnatch,1,quad9_1,quad9_1_13,False,benign,False
384,1790003431.590245,1.3424220085144043,124,8936,68,56,5504,3432,80.94117647058823,61.285714285714285,50.65471183331717,41.71564503920238,0.45161290322580644,0.38406445837063563,1790003432.932667,13,dga:qsnatch,dga,qsnatch,1,quad9_1,quad9_1_13,False,benign,False
385,1790003433.445079,19.755675792694092,516,40964,292,224,11284,29680,38.64383561643836,132.5,14.780562460332813,11.338513668200514,0.43410852713178294,0.7245386192754614,1790003453.200755,13,dga:qsnatch,dga,qsnatch,1,quad9_1,quad9_1_13,False,benign,False
386,1790003453.608414,0.7534821033477783,104,6872,52,52,4764,2108,91.61538461538461,40.53846153846154,69.01291984104206,69.01291984104206,0.5,0.30675203725261935,1790003454.361896,13,dga:qsnatch,dga,qsnatch,1,quad9_1,quad9_1_13,False,benign,False
387,1790003455.271359,9.988919973373413,320,17296,184,136,8932,8364,48.54347826086956,61.5,18.420409863175664,13.615085551042881,0.425,0.4835800185013876,1790003465.260279,13,dga:qsnatch,dga,qsnatch,1,quad9_1,quad9_1_13,False,benign,False
388,1790003465.643577,73.48383593559265,332,32072,180,152,7444,24628,41.355555555555554,162.02631578947367,2.4495182880459176,2.0684821099054416,0.4578313253012048,0.7678972312297331,1790003539.127413,13,dga:qsnatch,dga,qsnatch,1,quad9_1,quad9_1_13,False,benign,False
389,1790003556.799251,3.9806599617004395,204,25384,108,96,5236,20148,48.48148148148148,209.875,27.131179512722074,24.11660401130851,0.47058823529411764,0.7937283328080681,1790003560.779911,14,benign,benign,benign,0,quad9_1,quad9_1_14,False,benign,False
390,1790003561.312496,1.5412671566009521,124,7660,64,60,5212,2448,81.4375,40.8,41.52427418303196,38.92900704659247,0.4838709677419355,0.3195822454308094,1790003562.853763,14,benign,benign,benign,0,quad9_1,quad9_1_14,False,benign,False
391,1790003563.207129,3.1969079971313477,128,8292,64,64,5196,3096,81.1875,48.375,20.01934370880505,20.01934370880505,0.5,0.37337192474674386,1790003566.404037,14,benign,benign,benign,0,quad9_1,quad9_1_14,False,benign,False
392,1790003566.35521,1.0902628898620605,112,22132,52,60,3652,18480,70.23076923076923,308.0,47.69491879759295,55.032598612607245,0.5357142857142857,0.8349900596421471,1790003567.445473,14,benign,benign,benign,0,quad9_1,quad9_1_14,False,benign,False
393,1790003568.026081,6.706717014312744,168,10256,96,72,6376,3880,66.41666666666667,53.888888888888886,14.314007851401403,10.735505888551053,0.42857142857142855,0.3783151326053042,1790003574.732798,14,benign,benign,benign,0,quad9_1,quad9_1_14,False,benign,False
394,1790003575.355812,6.87235689163208,284,14928,156,128,8440,6488,54.1025641025641,50.6875,22.699636014239704,18.62534237065822,0.4507042253521127,0.43461950696677387,1790003582.228169,14,benign,benign,benign,0,quad9_1,quad9_1_14,False,benign,False
395,1790003583.141653,1.311560869216919,124,22116,60,64,3640,18476,60.666666666666664,288.6875,45.74701899716147,48.7968202636389,0.5161290322580645,0.835413275456683,1790003584.453214,14,benign,benign,benign,0,quad9_1,quad9_1_14,False,benign,False
396,1790003584.90324,16.441517114639282,460,23212,264,196,12060,11152,45.68181818181818,56.89795918367347,16.056912398001174,11.921041022758448,0.4260869565217391,0.48044115112872654,1790003601.344757,14,benign,benign,benign,0,quad9_1,quad9_1_14,False,benign,False
397,1790003601.605901,1.3457350730895996,108,7744,56,52,5236,2508,93.5,48.23076923076923,41.61294531131797,38.64059207479526,0.48148148148148145,0.32386363636363635,1790003602.951636,14,benign,benign,benign,0,quad9_1,quad9_1_14,False,benign,False
398,1790003603.905041,1.4911189079284668,136,26556,68,68,4068,22488,59.8235294117647,330.70588235294116,45.603338297459345,45.603338297459345,0.5,0.8468142792589245,1790003605.39616,14,benign,benign,benign,0,quad9_1,quad9_1_14,False,benign,False
399,1790003606.402135,6.753082036972046,200,12316,108,92,6840,5476,63.333333333333336,59.52173913043478,15.992697765067453,13.623409207279682,0.46,0.44462487820721014,1790003613.155217,14,benign,benign,benign,0,quad9_1,quad9_1_14,False,benign,False
400,1790003613.106499,5.776500940322876,216,11124,112,104,6768,4356,60.42857142857143,41.88461538461539,19.38890015894982,18.003978719024833,0.48148148148148145,0.39158576051779936,1790003618.883,14,benign,benign,benign,0,quad9_1,quad9_1_14,False,benign,False
401,1790003619.467809,2.1606240272521973,164,23700,84,80,4456,19244,53.04761904761905,240.55,38.87765707522384,37.02634007164175,0.4878048780487805,0.8119831223628692,1790003621.628433,14,benign,benign,benign,0,quad9_1,quad9_1_14,False,benign,False
402,1790003622.623403,1.444532871246338,96,7300,52,44,4768,2532,91.6923076923077,57.54545454545455,35.9977962669237,30.459673764320055,0.4583333333333333,0.34684931506849315,1790003624.067936,14,benign,benign,benign,0,quad9_1,quad9_1_14,False,benign,False
403,1790003624.088497,8.974985122680664,156,9120,80,76,5956,3164,74.45,41.63157894736842,8.913663800715634,8.467980610679852,0.48717948717948717,0.34692982456140353,1790003633.063482,14,benign,benign,benign,0,quad9_1,quad9_1_14,False,benign,False
404,1790003634.000547,1.1756281852722168,144,22860,72,72,4028,18832,55.94444444444444,261.55555555555554,61.243853202897135,61.243853202897135,0.5,0.8237970253718285,1790003635.176175,14,benign,benign,benign,0,quad9_1,quad9_1_14,False,benign,False
405,1790003636.243833,4.288244962692261,180,10848,96,84,6340,4508,66.04166666666667,53.666666666666664,22.38678080081716,19.588433200715016,0.4666666666666667,0.41556047197640117,1790003640.532078,14,benign,benign,benign,0,quad9_1,quad9_1_14,False,benign,False
406,1790003640.760887,9.85418701171875,240,13780,132,108,7644,6136,57.90909090909091,56.81481481481482,13.39532118103945,10.959808239032276,0.45,0.44528301886792454,1790003650.615074,14,benign,benign,benign,0,quad9_1,quad9_1_14,False,benign,False
407,1790003650.555832,3.140313148498535,200,28420,100,100,4896,23524,48.96,235.24,31.843957997568676,31.843957997568676,0.5,0.8277269528501056,1790003653.696145,14,benign,benign,benign,0,quad9_1,quad9_1_14,False,benign,False
408,1790003654.411669,3.843841075897217,184,10428,100,84,6456,3972,64.56,47.285714285714285,26.015643733829013,21.85314073641637,0.45652173913043476,0.380897583429229,1790003658.25551,14,benign,benign,benign,0,quad9_1,quad9_1_14,False,benign,False
409,1790003658.743982,2.852794885635376,156,9516,80,76,5996,3520,74.95,46.31578947368421,28.04267506325901,26.64054131009606,0.48717948717948717,0.36990332072299287,1790003661.596777,14,benign,benign,benign,0,quad9_1,quad9_1_14,False,benign,False
410,1790003662.478315,4.159093856811523,244,27936,132,112,6104,21832,46.24242424242424,194.92857142857142,31.737682424217965,26.92894266297282,0.45901639344262296,0.7815005727376861,1790003666.637409,14,benign,benign,benign,0,quad9_1,quad9_1_14,False,benign,False
411,1790003667.558004,0.9088001251220703,104,7176,52,52,4768,2408,91.6923076923077,46.30769230769231,57.218301981434415,57.218301981434415,0.5,0.3355629877369008,1790003668.466804,14,benign,benign,benign,0,quad9_1,quad9_1_14,False,benign,False
412,1790003668.862645,0.8310930728912354,92,6920,44,48,4780,2140,108.63636363636364,44.583333333333336,52.94232551708231,57.75526420045343,0.5217391304347826,0.3092485549132948,1790003669.693738,14,benign,benign,benign,0,quad9_1,quad9_1_14,False,benign,False
413,1790003669.943505,7.148711919784546,264,28528,144,120,6524,22004,45.30555555555556,183.36666666666667,20.143489011142023,16.78624084261835,0.45454545454545453,0.771312394840157,1790003677.092217,14,benign,benign,benign,0,quad9_1,quad9_1_14,False,benign,False
414,1790003677.355755,4.858022928237915,224,12148,124,100,7160,4988,57.74193548387097,49.88,25.524786900290906,20.58450556475073,0.44642857142857145,0.41060256832400394,1790003682.213778,14,benign,benign,benign,0,quad9_1,quad9_1_14,False,benign,False
415,1790003682.745672,2.7743070125579834,128,8416,68,60,5612,2804,82.52941176470588,46.733333333333334,24.510625425447138,21.627022434218063,0.46875,0.33317490494296575,1790003685.519979,14,benign,benign,benign,0,quad9_1,quad9_1_14,False,benign,False
416,1790003686.183628,1.396461009979248,132,25700,64,68,3652,22048,57.0625,324.2352941176471,45.83013742786207,48.69452101710345,0.5151515151515151,0.8578988326848249,1790003687.580089,14,benign,benign,benign,0,quad9_1,quad9_1_14,False,benign,False
417,1790003687.783527,7.133334159851074,280,14748,156,124,8420,6328,53.97435897435897,51.03225806451613,21.869156344591726,17.383175555957525,0.44285714285714284,0.42907512883102794,1790003694.916861,14,benign,benign,benign,0,quad9_1,quad9_1_14,False,benign,False
418,1790003695.477649,1.0925250053405762,92,6764,44,48,4820,1944,109.54545454545455,40.5,40.27367775100374,43.934921182913165,0.5217391304347826,0.2874039030159669,1790003696.570174,14,benign,benign,benign,0,quad9_1,quad9_1_14,False,benign,False
419,1790003697.139519,0.9507229328155518,120,22228,56,64,3636,18592,64.92857142857143,290.5,58.90254465005576,67.31719388577801,0.5333333333333333,0.8364225301421631,1790003698.090242,14,benign,benign,benign,0,quad9_1,quad9_1_14,False,benign,False
420,1790003699.155966,1.053938865661621,100,6940,52,48,4792,2148,92.15384615384616,44.75,49.338725133128534,45.54343858442634,0.48,0.3095100864553314,1790003700.209905,14,benign,benign,benign,0,quad9_1,quad9_1_14,False,benign,False
421,1790003701.220581,3.731351852416992,188,11292,100,88,6368,4924,63.68,55.95454545454545,26.79993845534153,23.583945840700547,0.46808510638297873,0.4360609280906837,1790003704.951933,14,benign,benign,benign,0,quad9_1,quad9_1_14,False,benign,False
422,1790003705.438868,86.1926679611206,284,28560,152,132,6872,21688,45.21052631578947,164.3030303030303,1.7634910671121524,1.5314527688079218,0.4647887323943662,0.7593837535014005,1790003791.631536,14,benign,benign,benign,0,quad9_1,quad9_1_14,True,benign,False
423,1790003792.527488,6.2052130699157715,224,12136,120,104,7264,4872,60.53333333333333,46.84615384615385,19.3385784900419,16.760101358036312,0.4642857142857143,0.4014502307185234,1790003798.732701,15,benign,benign,benign,0,quad9_1,quad9_1_15,False,,False
424,1790003799.37192,2.5572009086608887,144,8636,76,68,5596,3040,73.63157894736842,44.705882352941174,29.71999569630936,26.59157509669785,0.4722222222222222,0.35201482167670217,1790003801.929121,15,benign,benign,benign,0,quad9_1,quad9_1_15,False,,False
425,1790003802.94313,7.348366022109985,268,28368,144,124,6496,21872,45.111111111111114,176.38709677419354,19.59619316276958,16.874499667940473,0.4626865671641791,0.7710095882684715,1790003810.291496,15,benign,benign,benign,0,quad9_1,quad9_1_15,False,,False
426,1790003810.48484,1.4026260375976562,144,8668,76,68,5588,3080,73.52631578947368,45.294117647058826,54.18407897957518,48.48049171856727,0.4722222222222222,0.3553299492385787,1790003811.887466,15,benign,benign,benign,0,quad9_1,quad9_1_15,False,,False
427,1790003812.140227,4.144697904586792,160,9548,84,76,6032,3516,71.80952380952381,46.26315789473684,20.266857062619724,18.336680199513083,0.475,0.3682446585672392,1790003816.284925,15,benign,benign,benign,0,quad9_1,quad9_1_15,False,,False
428,1790003816.712971,4.134155988693237,188,25548,96,92,4912,20636,51.166666666666664,224.30434782608697,23.221184750298836,22.25363538570305,0.48936170212765956,0.8077344606231408,1790003820.847127,15,benign,benign,benign,0,quad9_1,quad9_1_15,False,,False
429,1790003821.014617,0.5533759593963623,84,6572,40,44,4392,2180,109.8,49.54545454545455,72.28358825640547,79.511947082046,0.5238095238095238,0.3317102860620816,1790003821.567993,15,benign,benign,benign,0,quad9_1,quad9_1_15,False,,False
430,1790003822.151911,2.2032999992370605,108,7732,56,52,5176,2556,92.42857142857143,49.15384615384615,25.416420832111466,23.60096220124636,0.48148148148148145,0.330574236937403,1790003824.355211,15,benign,benign,benign,0,quad9_1,quad9_1_15,False,,False
431,1790003824.671002,6.192939043045044,272,29060,148,124,6812,22248,46.027027027027025,179.41935483870967,23.89818452455314,20.02280325030128,0.45588235294117646,0.7655884377150722,1790003830.863941,15,benign,benign,benign,0,quad9_1,quad9_1_15,False,,False
432,1790003831.512261,0.8649179935455322,84,6512,40,44,4376,2136,109.4,48.54545454545455,46.247159035308314,50.87187493883915,0.5238095238095238,0.32800982800982803,1790003832.377179,15,benign,benign,benign,0,quad9_1,quad9_1_15,False,,False
433,1790003832.327831,5.498241901397705,212,12440,116,96,7216,5224,62.206896551724135,54.416666666666664,21.097653046242236,17.46012665895909,0.4528301886792453,0.419935691318328,1790003837.826073,15,benign,benign,benign,0,quad9_1,quad9_1_15,False,,False
434,1790003838.084798,2.222012996673584,168,23608,84,84,4428,19180,52.714285714285715,228.33333333333334,37.80355926169215,37.80355926169215,0.5,0.8124364622161979,1790003840.306811,15,benign,benign,benign,0,quad9_1,quad9_1_15,False,,False
435,1790003840.801493,4.296378135681152,168,10360,92,76,6412,3948,69.69565217391305,51.94736842105263,21.413385203677894,17.689318211733912,0.4523809523809524,0.3810810810810811,1790003845.097871,15,benign,benign,benign,0,quad9_1,quad9_1_15,False,,False
436,1790003845.655077,1.9618449211120605,124,7748,64,60,5184,2564,81.0,42.733333333333334,32.62235424995874,30.58345710933632,0.4838709677419355,0.33092410944759937,1790003847.616922,15,benign,benign,benign,0,quad9_1,quad9_1_15,False,,False
437,1790003848.680894,2.417419195175171,168,24728,80,88,4836,19892,60.45,226.04545454545453,33.093143365316514,36.40245770184817,0.5238095238095238,0.8044322225816888,1790003851.098313,15,benign,benign,benign,0,quad9_1,quad9_1_15,False,,False
438,1790003851.852614,8.683475971221924,324,18604,184,140,9720,8884,52.82608695652174,63.457142857142856,21.18967111900787,16.12257585141903,0.43209876543209874,0.47753171360997637,1790003860.53609,15,benign,benign,benign,0,quad9_1,quad9_1_15,False,,False
439,1790003861.228135,8.686450958251953,320,17508,184,136,9332,8176,50.71739130434783,60.11764705882353,21.182413955287885,15.656566836517133,0.425,0.4669865204477953,1790003869.914586,15,benign,benign,benign,0,quad9_1,quad9_1_15,False,,False
440,1790003870.582198,8.902770042419434,300,30440,164,136,7308,23132,44.5609756097561,170.08823529411765,18.421232854334296,15.27614431822844,0.4533333333333333,0.7599211563731931,1790003879.484968,15,benign,benign,benign,0,quad9_1,quad9_1_15,False,,False
441,1790003879.937919,2.0278091430664062,148,9372,76,72,5600,3772,73.6842105263158,52.388888888888886,37.47887233858437,35.506300110237824,0.4864864864864865,0.402475458813487,1790003881.965728,15,benign,benign,benign,0,quad9_1,quad9_1_15,False,,False
442,1790003882.690577,1.2136259078979492,104,7240,52,52,4768,2472,91.6923076923077,47.53846153846154,42.84681108206249,42.84681108206249,0.5,0.3414364640883978,1790003883.904203,15,benign,benign,benign,0,quad9_1,quad9_1_15,False,,False
443,1790003884.165643,2.753577947616577,184,24864,96,88,4908,19956,51.125,226.77272727272728,34.86373069013536,31.95841979929075,0.4782608695652174,0.8026061776061776,1790003886.919221,15,benign,benign,benign,0,quad9_1,quad9_1_15,False,,False
444,1790003887.251262,4.975091934204102,124,8444,60,64,5196,3248,86.6,50.75,12.060078646486078,12.86408388958515,0.5161290322580645,0.38465182378019896,1790003892.226354,15,benign,benign,benign,0,quad9_1,quad9_1_15,False,,False
445,1790003892.822416,6.5292298793792725,272,14668,148,124,7972,6696,53.86486486486486,54.0,22.667298093978307,18.99152002468453,0.45588235294117646,0.4565039541859831,1790003899.351646,15,benign,benign,benign,0,quad9_1,quad9_1_15,False,,False
446,1790003899.93658,2.7361459732055664,148,23692,72,76,4064,19628,56.44444444444444,258.2631578947368,26.314385528067238,27.776295835182083,0.5135135135135135,0.8284653047442174,1790003902.672726,15,benign,benign,benign,0,quad9_1,quad9_1_15,False,,False
447,1790003903.212226,0.8404750823974609,108,7372,52,56,4792,2580,92.15384615384616,46.07142857142857,61.86976995399988,66.62898302738448,0.5185185185185185,0.34997287032013025,1790003904.052701,15,benign,benign,benign,0,quad9_1,quad9_1_15,False,,False
448,1790003904.886151,3.895318031311035,152,9852,88,64,5956,3896,67.68181818181819,60.875,22.591223436095696,16.42998068079687,0.42105263157894735,0.39545269995939913,1790003908.781469,15,benign,benign,benign,0,quad9_1,quad9_1_15,False,,False
449,1790003909.383963,9.47582197189331,380,33728,212,168,8928,24800,42.113207547169814,147.61904761904762,22.372729313491046,17.729332663521205,0.4421052631578947,0.7352941176470589,1790003918.859785,15,benign,benign,benign,0,quad9_1,quad9_1_15,False,,False
450,1790003919.730681,2.088021993637085,140,8712,76,64,5624,3088,74.0,48.25,36.39808403915185,30.651018138233134,0.45714285714285713,0.3544536271808999,1790003921.818703,15,benign,benign,benign,0,quad9_1,quad9_1_15,False,,False
451,1790003922.50318,3.6676809787750244,172,9952,88,84,5980,3972,67.95454545454545,47.285714285714285,23.993362702279324,22.902755306721176,0.4883720930232558,0.3991157556270096,1790003926.170861,15,benign,benign,benign,0,quad9_1,quad9_1_15,False,,False
452,1790003926.953234,1.8269579410552979,152,24092,76,76,4460,19632,58.68421052631579,258.3157894736842,41.59920614050942,41.59920614050942,0.5,0.8148763074879628,1790003928.780192,15,benign,benign,benign,0,quad9_1,quad9_1_15,False,,False
453,1790003929.776565,3.4092979431152344,156,9756,88,68,6096,3660,69.27272727272727,53.8235294117647,25.81176578530133,19.945455379551028,0.4358974358974359,0.3751537515375154,1790003933.185863,15,benign,benign,benign,0,quad9_1,quad9_1_15,False,,False
454,1790003933.861308,3.992069959640503,188,11660,108,80,6800,4860,62.96296296296296,60.75,27.053634102576122,20.039728964871202,0.425531914893617,0.41680960548885077,1790003937.853378,15,benign,benign,benign,0,quad9_1,quad9_1_15,False,,False
